Place_id,Map LOcation,Name,Price,Cuisine,Latitude,Longitude,Address,Timing,,Rating,Total Raters,Competitor_Count,Area Name
1,https://www.google.co.in/maps/place/Patang+restaurant+and+bar/data=!4m7!3m6!1s0x3bddeba0f179e8dd:0x4d7ea888f960161c!8m2!3d20.0016294!4d73.7748745!16s%2Fg%2F1tj31l2p!19sChIJ3eh58aDr3TsRHBZgYiofk0?authuser=0&hl=en&rclk=1,Patang restaurant and bar,255,North Indian,20.0016294,73.7748745,Sharanpur Road,⋅ 11:30 pm ⋅ Opens 11:30 am Sat,,4.1,877,156,sharanpur road
2,https://www.google.co.in/maps/place/Majhali+Restaurant++College+Road/data=!4m7!3m6!1s0x3bddebeecae86c47:0x4c843cc806bed21d!8m2!3d20.0067143!4d73.7574862!16s%2Fg%2F11l10_48b9!19sChIJR2zoyu7r3TsRHdKBsg8hEw?authuser=0&hl=en&rclk=1,Majhali Restaurant College Road,255,Seafood,20.0067143,73.7574862,"Majhali FineDine Seafood Restaurant, College Road",⋅ Closes 12:30 am,,4.3,135,142,college road
3,"https://www.google.co.in/maps/place/Tales+%26+Spirits+Bistro/@20.0014407,73.7626742,17z/data=!3m1!4b1!4m6!3m5!1s0x3bddeb18be4e5de9:0x76cad730b6dc855f!8m2!3d20.0014407!4d73.7626742!16s%2Fg%2F11h03dsl54?authuser=0&hl=en&entry=ttu&g_ep=EgoyMDI1MDIxNy4wIKXMDSoASAFQAw%3D%3D",Tales & Spirits Bistro,255,Modern European,20.0117992,73.7400979,"· Plot No. 33, opposite Westside Store, off College Road",⋅ 12 am ⋅ Opens 12 pm Sat,,4.3,3228,143,college road
4,https://www.google.co.in/maps/place/21st+Century+Restaurant/data=!4m7!3m6!1s0x3bddeb749e51e0cb:0xa50436d98160202b!8m2!3d20.0025512!4d73.7732006!16s%2Fg%2F11td3tygz5!19sChIJyBRnnTr3TsRKyBggdk2BKU?authuser=0&hl=en&rclk=1,21st Century Restaurant,255,Restaurant,20.0168841,73.7227096,Sharanpur Road,,,4.3,472,37,sharanpur road
5,https://www.google.co.in/maps/place/Ambrosia+Restaurant/data=!4m7!3m6!1s0x3bddeb3ec39b22ab:0x3990d1abc15e2ec9!8m2!3d19.972085!4d73.7752125!16s%2Fg%2F11f003_t79!19sChIJqyKbwz7r3TsRyS5ewavRkDk?authuser=0&hl=en&rclk=1,Ambrosia Restaurant,255,Restaurant,19.972085,73.7752125,"Hotel Grand Rio, opp, Lekha Nagar Bypass Road, Mumbai Agra Rd",⋅ 11:30 pm ⋅ Opens 7:30 am Sat,,4.2,268,92,lekha nagar
6,https://www.google.co.in/maps/place/Bon+Vivant/data=!4m7!3m6!1s0x1157342f01427d35:0x9ba9b5b4e0ae39cd!8m2!3d20.0066439!4d73.7709296!16s%2Fg%2F11b778p6_k!19sChIJNX1CAS80VxERzTmu4LS1qZs?authuser=0&hl=en&rclk=1,Bon Vivant,255,North Indian,20.0066439,73.7709296,"· Patil Park, opposite to Dongre Vasti Gruha",⋅ 11:30 pm ⋅ Opens 11 am Sat,,4.1,6922,148,gangapur road
7,https://www.google.co.in/maps/place/Haji+Darbar+Restaurant/data=!4m7!3m6!1s0x3bddeb01403f19b3:0xa9ae357d192e9cca!8m2!3d19.996915!4d73.7904125!16s%2Fg%2F1td2xybd!19sChIJsxk_QAHr3TsRypwuGX01rqk?authuser=0&hl=en&rclk=1,Haji Darbar Restaurant,255,North Indian,19.996915,73.7904125,· Falke Rd,⋅ 12 am ⋅ Opens 9:15 am Sat,,4.1,1697,111,falke road
8,https://www.google.co.in/maps/place/Banjaara+Family+Restaurant+%26+Resto+Bar/data=!4m7!3m6!1s0x3bddeb7f4fffffff:0x8f7d9cc1185cb7a4!8m2!3d19.997421!4d73.7543176!16s%2Fg%2F1hc79bz27!19sChIJ____T3_r3TsRpLdcGMGcfY8?authuser=0&hl=en&rclk=1,Banjaara Family Restaurant & Resto Bar,255,Biryani,19.997421,73.7543176,"Trimbak Link Road, Mahatma Nagar, opposite Cricket Ground",,,3.8,1256,156,mahatma nagar
9,https://www.google.co.in/maps/place/Flying+Monk/data=!4m7!3m6!1s0x3bddebceb9d3980f:0x7ae8b402e3a51d1d!8m2!3d20.0054869!4d73.7652758!16s%2Fg%2F11qq2bzgyp!19sChIJD5jTuc7r3TsRHR2l4wK06Ho?authuser=0&hl=en&rclk=1,Flying Monk,255,Restaurant,20.0054869,73.7652758,"· 3rd floor, Archit Arcade, College Road, behind Big Bazaar",⋅ 12 am ⋅ Opens 11 am Sat,,4,712,153,college road
10,https://www.google.co.in/maps/place/ASTER++MULTICUISINE+RESTAURANT/data=!4m7!3m6!1s0x3bddeb4932ce5ee9:0xb4aa947af070324b!8m2!3d19.9524843!4d73.7551245!16s%2Fg%2F11f6xzgzdj!19sChIJ6V7OMknr3TsRSzJw8HqUqrQ?authuser=0&hl=en&rclk=1,ASTER MULTICUISINE RESTAURANT,300,North Indian,19.9524843,73.7551245,· inside Hotel Express Inn,⋅ 11:30 pm ⋅ Opens 7 am Sat,,4.3,523,58,pathardi phata
11,https://www.google.co.in/maps/place/Malvan+Seafood+Restaurant/data=!4m7!3m6!1s0x3bddedaa63aa2d67:0x1049792bd2525807!8m2!3d19.9920339!4d73.7456874!16s%2Fg%2F11kc8kcfgg!19sChIJZy2qY6rt3TsRB1hS0it5SRA?authuser=0&hl=en&rclk=1,Malvan Seafood Restaurant,300,North Indian,19.9920339,73.7456874,"· Trambakeshwar Rd, above Royale Enfield Showroom, next to Sitadel Hotel",⋅ 11:30 pm ⋅ Opens 11:30 am Sat,,3.9,251,90,trambakeshwar road
12,https://www.google.co.in/maps/place/Inayat+Cafe/data=!4m7!3m6!1s0x3bddeb170c23e02f:0x10c82c227bbd28ce!8m2!3d19.9806241!4d73.7812718!16s%2Fg%2F11ckr7f4rk!19sChIJLAjDBfr3TsRzii9eyIsyBA?authuser=0&hl=en&rclk=1,Inayat Cafe,255,North Indian,19.9806241,73.7812718,"· Mumbai Agra Rd, near Mahindra Showroom",⋅ 11:55 pm ⋅ Opens 11:30 am Sat,,4,2006,100,mumbai agra road
13,https://www.google.co.in/maps/place/Shalimar+Restaurant/data=!4m7!3m6!1s0x3bddeba8e577b7c9:0xf2a816ae547fe5!8m2!3d19.9501889!4d73.8366049!16s%2Fg%2F1tgz3yhs!19sChIJybd35ajr3TsR5X9Urhao8gA?authuser=0&hl=en&rclk=1,Shalimar Restaurant,300,Mughlai,19.9501889,73.8366049,"· Dream Square, Mahatma Gandhi Rd, Near Muktidham",⋅ 12 am ⋅ Opens 10 am Sat,,3.9,792,20,deolali
14,https://www.google.co.in/maps/place/Udupi+Tadka+Sukhsagar+Restaurant/data=!4m7!3m6!1s0x3bddeb3d168265b5:0x468e6987f3ad5a6!8m2!3d20.0056278!4d73.7855322!16s%2Fg%2F11sc2lt23_!19sChIJtWWCFj3r3TsRptU6f5jmaAQ?authuser=0&hl=en&rclk=1,Udupi Tadka Sukhsagar Restaurant,300,North Indian,20.0056278,73.7855322,"Ashok Stambh, Raviwar Karanja, Panchavati, Nashik, Maharashtra",,,4.6,93,111,ashok stambh
15,https://www.google.co.in/maps/place/Hotel+Nashik+Parivaar/data=!4m7!3m6!1s0x3bddbffd5d9381cb:0x2cd5d223fa486f5a!8m2!3d19.948831!4d73.8409315!16s%2Fg%2F11d_8c8c_2!19sChIJy4GTXf2_3TsRWm9IiPS1Sw?authuser=0&hl=en&rclk=1,Hotel Nashik Parivaar,100,Restaurant,19.948831,73.8409315,"nashik railway station, Mitra Mandal coop hsg society, opp. Ganesh Market",⋅ Closes 12:30 am,,3.9,221,20,nashik railway station
16,https://www.google.co.in/maps/place/Panorama+at+BLVD+Nashik/data=!4m7!3m6!1s0x3bddeb76bad3ffff:0xe8e668dd7a3437d6!8m2!3d19.9915959!4d73.7436711!16s%2Fg%2F11f3x8xqrg!19sChIJ___Tunbr3TsR1jc0et1o5ug?authuser=0&hl=en&rclk=1,Panorama at BLVD Nashik,255,North Indian,19.9915959,73.7436711,"· Level 4, BLVD, Trambakeshwar Rd",⋅ 11:30 pm ⋅ Opens 7 pm Sat,,4.1,560,82,trambakeshwar road
17,https://www.google.co.in/maps/place/Hari+Om+Dhaba+by+Bunty+Luthra+%7C+Best+Pure+Veg+Restaurant+in+Nasik+%7C+Best+North+Indian+Food/data=!4m7!3m6!1s0x3bddeb3e6efe3915:0xf30566ee3fd22f4b!8m2!3d19.9748465!4d73.7762685!16s%2Fg%2F11bwktp46b!19sChIJFTnbj7r3TsRSy_SP5mBfM?authuser=0&hl=en&rclk=1,Hari Om Dhaba by Bunty Luthra | Best Pure Veg Restaurant in Nasik | Best North Indian Food,300,Maharashtrian Restaurant,19.9748465,73.7762685,"Kamod Nagar, Indira Nagar, Nashik, Maharashtra 422009",⋅ 11:30 pm ⋅ Opens 7 am Sat,,3.7,3542,100,kamod nagar
18,"https://www.google.co.in/maps/place/Curry+Leaves,+Indira+Nagar++Hotel,+Restaurant,+Banquet,+Rooms/data=!4m10!3m9!1s0x3bddeb51a58a41cf:0x97d8098a2cbcc74e!5m2!4m1!1i2!8m2!3d19.9728522!4d73.7926715!16s%2Fg%2F11q8sv_v2w!19sChIJz0GKpVHr3TsRTse8LIoJ2Jc?authuser=0&hl=en&rclk=1","Curry Leaves, Indira Nagar Hotel, Restaurant, Banquet, Rooms",255,Restaurant,19.9728522,73.7926715,"Indira Nagar-Wadala Road Sawta Mali Rd, Parab Nagar, Wadala Gaon, Nashik, Maharashtra 422214",,,4.1,1727,66,indira nagar
19,https://www.google.co.in/maps/place/Chiku%27s+family+restaurant+and+bar/data=!4m7!3m6!1s0x3bddebcd63fbaa15:0x81fddf377ea7bd43!8m2!3d19.9663115!4d73.7534709!16s%2Fg%2F11rkp23wht!19sChIJFar7Y83r3TsRQ72nfjff_YE?authuser=0&hl=en&rclk=1,Chiku's family restaurant and bar,255,Familyfriendly,19.9663115,73.7534709,"Lsector pap plot no 2/3 ,ambad link road Near glasco company, opposite Indian oil petrol pump,ashwamedh kata",,,4.5,14,96,ambad 
20,https://www.google.co.in/maps/place/TAJ+RESTAURANT/data=!4m7!3m6!1s0x3bdd9530f25d06f9:0x1816e0aa2bb25a22!8m2!3d19.947414!4d73.8410658!16s%2Fg%2F11splqlg6n!19sChIJQZd8jCV3TsRIlqyK6rgFhg?authuser=0&hl=en&rclk=1,TAJ RESTAURANT,300,Restaurant,19.947414,73.8410658,"· nashik railway station, nr. Kadam Compound",⋅ 12 am ⋅ Opens 10 am Sat,,4.5,50,21,nashik railway station
21,https://www.google.co.in/maps/place/SNOWBITE+CHINESE+RESTAURANT/data=!4m7!3m6!1s0x3bdd95541bb82145:0xe3421cf3c0920c6d!8m2!3d19.9540402!4d73.8369774!16s%2Fg%2F11b6_y56sq!19sChIJRSG4G1SV3TsRbQySwPMcQuM?authuser=0&hl=en&rclk=1,SNOWBITE CHINESE RESTAURANT,300,Chinese,19.9540402,73.8369774,"Shop No. 5 Deh Berg Comp, Nashik Rd",⋅ 12 am ⋅ Opens 11 am Sat,,3.6,164,19,nashik railway station
22,https://www.google.co.in/maps/place/Jai+Malhar+Family+Garden+Restaurant/data=!4m7!3m6!1s0x3bddeb4c856d0bf5:0xc80bc791d77045ad!8m2!3d19.9965575!4d73.7799252!16s%2Fg%2F11fn48jbqs!19sChIJ9QtthUzr3TsRrUVw15HHC8g?authuser=0&hl=en&rclk=1,Jai Malhar Family Garden Restaurant,200,North Indian,19.9965575,73.7799252,"Matoshree Nagar, Nashik, Maharashtra 422002",⋅ 11:30 pm ⋅ Opens 8 am Sat,,3.7,69,146,matoshree nagar
23,https://www.google.co.in/maps/place/Barbeque+Ville/data=!4m7!3m6!1s0x3bddeb3e0237d14b:0xff3f1d0f571df9da!8m2!3d19.9767746!4d73.7768019!16s%2Fg%2F1pv61h86_!19sChIJS9E3Aj7r3TsR2vkdVw8dP_8?authuser=0&hl=en&rclk=1,Barbeque Ville,700,Barbecue,19.9767746,73.7768019,"Karambelkar Tower, near Deccan Petrol Pump Relaxed Indian BBQ place & buffet",⋅ 11:30 pm ⋅ Opens 12:30 pm Sat,,4.1,3373,101,lekha nagar
24,https://www.google.co.in/maps/place/Grand+Al+khatib+restaurant/data=!4m7!3m6!1s0x3bddeb00d9b859bb:0x6324b86d3d433406!8m2!3d19.9990811!4d73.7896956!16s%2Fg%2F11d_w7bqjl!19sChIJu1m42QDr3TsRBjRDPW24JGM?authuser=0&hl=en&rclk=1,Grand Al khatib restaurant,300,Mughlai,19.9990811,73.7896956,Doodh Bazar Rd,⋅ 11:45 pm ⋅ Opens 8 am Sat,,4,210,102,shalimar
25,https://www.google.co.in/maps/place/HOTEL+ALAZIM:+Best+restaurant+in+nashik/data=!4m7!3m6!1s0x3bddebb6306b0b39:0x85f080e84ce0a350!8m2!3d19.9943019!4d73.7982921!16s%2Fg%2F11h5mq4pzc!19sChIJOQtrMLbr3TsRUKPgTOiA8IU?authuser=0&hl=en&rclk=1,HOTEL ALAZIM: Best restaurant in nashik,300,North Indian,19.9943019,73.7982921,dwarka Cir,,,4,338,92,dwarka
26,https://www.google.co.in/maps/place/Hotel+Gandharv+Pure+Veg+Restaurant+%28best+pure+veg+restaurant+in+nashik%29/data=!4m7!3m6!1s0x3bddeb69eca60efd:0x3b7f2253871de45c!8m2!3d19.9782031!4d73.7780233!16s%2Fg%2F11wfhsqfnn!19sChIJ_Q6m7Gnr3TsRXOQdh1Mifzs?authuser=0&hl=en&rclk=1,Hotel Gandharv Pure Veg Restaurant (best pure veg restaurant in nashik),400,Restaurant,19.9782031,73.7780233,"4, BELLAVISTA APARTMENT, BHUJBAL FARM, Mumbai Agra Rd",⋅ 11:55 pm ⋅ Opens 9:30 am Sat,,4.6,196,99,mumbai agra road
27,https://www.google.co.in/maps/place/Offtrack+Rail+Coach+Restaurant/data=!4m7!3m6!1s0x3bdd95de1e4e522b:0xe07555ed47b54544!8m2!3d19.9471354!4d73.8417199!16s%2Fg%2F11ksk_7nz6!19sChIJK1JOHt6V3TsRREW1R1VdeA?authuser=0&hl=en&rclk=1,Offtrack Rail Coach Restaurant,300,Restaurant,19.9471354,73.8417199,· nashik railway station,,,4.1,125,19,nashik railway station
28,"https://www.google.com/maps/place/Thakur+Ji+Thali+Restaurant/@19.9777804,73.8061958,17z/data=!3m1!4b1!4m6!3m5!1s0x3bddebacfa4cebb9:0x6408f27b7ca46055!8m2!3d19.9777754!4d73.8087707!16s%2Fg%2F11vdqmpvj0?entry=ttu&g_ep=EgoyMDI1MDIxOS4xIKXMDSoJLDEwMjExNDU1SAFQAw%3D%3D",Thakur Ji Thali Restaurant,300,Gujarati,19.9777754,73.8087707,XRH5+4G6,,,3.9,104,20,shivaji nagar
29,https://www.google.co.in/maps/place/Kutumb+Veg+and+Non_veg+Family+Restaurant/data=!4m7!3m6!1s0x3bddeb9cb0544591:0xa2bcbae074275d45!8m2!3d20.0072265!4d73.8262094!16s%2Fg%2F11sb4x5wcp!19sChIJkUVUsJzr3TsRRV0ndOC6vKI?authuser=0&hl=en&rclk=1,Kutumb Veg and Non_veg Family Restaurant,300,Restaurant,20.0072265,73.8262094,"· Shop No.273/4, Mukane Mala, amrutdham , Aurangabad Nashik Hwy, behind Mirchi Hotel",⋅ Opens 11 am Sat,,4.6,53,65,amrutdham 
30,https://www.google.co.in/maps/place/Hotel+Meher+%28+Meher+cafe+%26+Cloud+kitchen%29+by+The+Lokhande+Group/data=!4m10!3m9!1s0x3bddeba899d536f3:0x690cd8a516a78f43!5m2!4m1!1i2!8m2!3d20.0032181!4d73.7574939!16s%2Fg%2F11cn5psd_t!19sChIJ8zbVmajr3TsRQ4nFqXYDGk?authuser=0&hl=en&rclk=1,Hotel Meher ( Meher cafe & Cloud kitchen) by The Lokhande Group,255,Vegetarian,20.0032181,73.7574939,,,,4,793,157,college road
31,https://www.google.co.in/maps/place/HOTEL+STAR+RESTAURANT+%26+BAR/data=!4m7!3m6!1s0x3bddeb062c835201:0x9ed8ae6de3690fdf!8m2!3d19.9975929!4d73.783474!16s%2Fg%2F11b6v5phlw!19sChIJAVKDLAbr3TsR3w9p422u2J4?authuser=0&hl=en&rclk=1,HOTEL STAR RESTAURANT & BAR,255,Grill,19.9975929,73.783474,"XQXM+29Q, meri colony Road Near Zilla Parishad",⋅ 12 am ⋅ Opens 11 am Sat,,3.7,80,128,meri colony
32,"https://www.google.co.in/maps/place/Horizon+Rooftop+Restaurant++Enrise,+Nashik/data=!4m7!3m6!1s0x3bddeb1a4c780a5f:0xa41937ec5d1136df!8m2!3d19.9783552!4d73.7849911!16s%2Fg%2F11ldvt13sh!19sChIJXwp4TBrr3TsR3zYRXew3GaQ?authuser=0&hl=en&rclk=1","Horizon Rooftop Restaurant Enrise, Nashika",255,North Indian,19.9783552,73.7849911,"Horizon Rooftop, Enrise by Sayaji, Jogging Track, opposite City Garden Road",⋅ 11:30 pm ⋅ Opens 7 pm Sat,,4.3,48,91,indira nagar
33,https://www.google.co.in/maps/place/The+Peshawari+Family+Restaurant/data=!4m7!3m6!1s0x3bdd956fdf957ad3:0x7612058c25bace58!8m2!3d19.9528301!4d73.836667!16s%2Fg%2F11y7c2j97q!19sChIJ03qV32V3TsRWM66JYwFEnY?authuser=0&hl=en&rclk=1,The Peshawari Family Restaurant,255,Restaurant,19.9528301,73.836667,"Shop No. 5, Ishwar Sankul, opp. Kwality Sweets",⋅ 11:30 pm ⋅ Opens 11 am Sat,,4.4,14,19,indira nagar
34,"https://www.google.co.in/maps/place/Shree+Rajbhog+Thali,+Mumbai+Naka+%7C+Best+thali+restaurant+in+nashik+%7C+Best+food+in+Nashik+%7C+Veg+thali+in+Nashik/data=!4m7!3m6!1s0x3bddeb00ffffffe1:0xb1e0d7c5614d5c29!8m2!3d19.9903843!4d73.7827704!16s%2Fg%2F11fzfd82xw!19sChIJ4f___wDr3TsRKVxNYcXX4LE?authuser=0&hl=en&rclk=1","Shree Rajbhog Thali, Mumbai Naka | Best thali restaurant in nashik | Best food in Nashik | Veg thali in Nashik",300,Rajasthani Restaurant,19.9903843,73.7827704,"· Near Hotel Sandeep, Besides Kalika Mandir, Mumbai Naka, Nashik",⋅ Opens 12 pm Sat,,4.7,18405,134,mumbai naka
35,https://www.google.co.in/maps/place/Hotel+Tadka%28Pure+Veg+restaurant+in+Nashik%29/data=!4m7!3m6!1s0x3bddeaaaf0014c21:0xd584562dfafde691!8m2!3d19.9617992!4d73.8397197!16s%2Fg%2F11b6yzvbty!19sChIJIUwB8Krq3TsRkeb9i1WhNU?authuser=0&hl=en&rclk=1,Hotel Tadka(Pure Veg restaurant in Nashik),255,Vegetarian,19.9617992,73.8397197,"Dream Mini Market, A1, A2",⋅ 11:30 pm ⋅ Opens 9 am Sat,,3.8,73,19,nashik road
36,https://www.google.co.in/maps/place/Rucha+family+restaurant/data=!4m7!3m6!1s0x3bddeb2f8a08ccbd:0x52e5817f01607a1b!8m2!3d19.9897128!4d73.7614094!16s%2Fg%2F11nymhdhqc!19sChIJvcwIii_r3TsRG3pgAXB5VI?authuser=0&hl=en&rclk=1,Rucha family restaurant,255,Familyfriendly,19.9897128,73.7614094,"Madhura Tower, Untwadi Rd",⋅ 11:52 pm ⋅ Opens 8 pm Sat,,4.5,6,123,untwadi road
37,https://www.google.co.in/maps/place/Chakki+Bakki+Pure+Veg+Restaurant/data=!4m7!3m6!1s0x3bddeb835fd3582f:0x14e355da542af075!8m2!3d20.0089969!4d73.7551889!16s%2Fg%2F11fyx9d32v!19sChIJL1jTX4Pr3TsRdfAqVNpV4xQ?authuser=0&hl=en&rclk=1,Chakki Bakki Pure Veg Restaurant,300,Fast Food,20.0089969,73.7551889,"Shop No2.3.4, Jubilie Park,Model Corner, Dr BS Moonje Marg, next to Bhonsala Military School",⋅ 11:30 pm ⋅ Opens 7 am Sat,,3.8,2933,139,college road
38,https://www.google.co.in/maps/place/Heramb+food+hub+family+restaurant/data=!4m7!3m6!1s0x3bddeb003b7db199:0xba29f1144d6732d2!8m2!3d20.0052715!4d73.7859043!16s%2Fg%2F11y2n4gn35!19sChIJmbF9OwDr3TsR0jJnTRTxKbo?authuser=0&hl=en&rclk=1,Heramb food hub family restaurant,255,Familyfriendly,20.0052715,73.7859043,"2Q4P+492, Vakil Wadi",,,5,6,110,ashok stambh
39,https://www.google.co.in/maps/place/Grand+Sadichha+Seafood+restaurant/data=!4m7!3m6!1s0x3bddeb4169a1b4fd:0x2c604ad45c79d455!8m2!3d19.9707389!4d73.7842911!16s%2Fg%2F11h5rdcjyj!19sChIJ_bShaUHr3TsRVdR5XNRKYCw?authuser=0&hl=en&rclk=1,Grand Sadichha Seafood restaurant,255,Seafood,19.9707389,73.7842911,"Plot no 27, Ghandharv Nagari, behind Bank Of Maharashtra and Patanjali Stores",,,4,103,81,indira nagar
40,https://www.google.co.in/maps/place/NASHIK+HOTELS%28TULJA+RESTAURANT%29/data=!4m7!3m6!1s0x3bddec866e387637:0x6f2a71bc8a76ff66!8m2!3d19.997196!4d73.7802477!16s%2Fg%2F1tfgh8lk!19sChIJN3Y4bobs3TsRZv92irxxKm8?authuser=0&hl=en&rclk=1,NASHIK HOTELS(TULJA RESTAURANT),255,Indian,19.997196,73.7802477,"· Sandeep Apartment, Trambakeshwar Rd",,,4,86,141,trambakeshwar road
41,https://www.google.co.in/maps/place/Hotel+Hello/data=!4m10!3m9!1s0x3bddeb750e54862b:0x49db3ef85ee42adb!5m2!4m1!1i2!8m2!3d19.997335!4d73.769052!16s%2Fg%2F1v1vbnjm!19sChIJK4ZUDnXr3TsR2yrkXvg20k?authuser=0&hl=en&rclk=1,Hotel Hello,255,Maharashtrian Restaurant,19.997335,73.769052,"Regional Indian, seafood & Chinese",⋅ 11:30 pm ⋅ Opens 11 am Sat,,4.1,121,174,pathardi phata
42,https://www.google.co.in/maps/place/Garwa+Hotel+Nashik+%7C+Family+Restobar+%26+Banquet/data=!4m7!3m6!1s0x3bddeb5241c35077:0x187335b6ca5d3c5b!8m2!3d19.9551487!4d73.7579395!16s%2Fg%2F1td0wyd7!19sChIJd1DDQVLr3TsRWzxdyrY1cxg?authuser=0&hl=en&rclk=1,Garwa Hotel Nashik | Family Restobar & Banquet,255,Familyfriendly,19.9551487,73.7579395,"· XQ45+72, Mumbai Agra Rd",⋅ Opens 11 am Sat,,3.9,3147,74,mumbai agra road
43,https://www.google.co.in/maps/place/Jai+Jagannath+Restaurant/data=!4m7!3m6!1s0x3bddeba9099aaff5:0xda9bfef4ffc90f0d!8m2!3d20.0038519!4d73.7869756!16s%2Fg%2F12613ft3d!19sChIJ9aaCanr3TsRDQ_J__Tm9o?authuser=0&hl=en&rclk=1,Jai Jagannath Restaurant,100,North Indian,20.0038519,73.7869756,Mahatma Gandhi Rd,⋅ Opens 7:30 am Sat,,3.9,881,108,deolali
44,https://www.google.co.in/maps/place/Citrine+Restaurant++Gateway+Nashik/data=!4m7!3m6!1s0x3bddeb5158218399:0x42b0b7d11fec1106!8m2!3d19.9575698!4d73.7545691!16s%2Fg%2F11g87cdr4h!19sChIJmYMhWFHr3TsRBhHsH9G3sEI?authuser=0&hl=en&rclk=1,Citrine Restaurant Gateway Nashik,1700,Continental restaurant,19.9575698,73.7545691,"· The Gateway Hotel Ambad, P 17, Mumbai Agra Rd",⋅ 11:30 pm ⋅ Opens 7 am Sat,,3.8,61,72,mumbai agra road
45,https://www.google.co.in/maps/place/Namo+Hotel+Family+Restaurant/data=!4m7!3m6!1s0x3bdd95583b34dc87:0x70d5e682993be4a6!8m2!3d19.9473664!4d73.8399492!16s%2Fg%2F11g8v3jh3s!19sChIJh9w0O1iV3TsRpuQ7mYLm1XA?authuser=0&hl=en&rclk=1,Namo Hotel Family Restaurant,255,Familyfriendly,19.9473664,73.8399492,Subhash Rd,⋅ 11:30 pm ⋅ Opens 8 am Sat,,4.2,9,21,deolali
46,https://www.google.co.in/maps/place/Hotel+Swaranjali+Family+Restaurant/data=!4m7!3m6!1s0x3bdd95f0bd52ef03:0x6005a71d5acf2a74!8m2!3d19.9451156!4d73.7625669!16s%2Fg%2F11v56q7xv8!19sChIJA9SvfCV3TsRdCrPWh2nBWA?authuser=0&hl=en&rclk=1,Hotel Swaranjali Family Restaurant,255,Familyfriendly,19.9451156,73.7625669,WQW7+22W,⋅ 11:30 pm ⋅ Opens 11 am Sat,,3.8,17,45,pathardi phata
47,https://www.google.co.in/maps/place/Le+Garlic+Family+Restaurant/data=!4m7!3m6!1s0x3bddeb5c70d4e6f1:0xd371e917f7d88927!8m2!3d19.9923658!4d73.8088557!16s%2Fg%2F11b6x8qf67!19sChIJ8ebUcFzr3TsRJ4nY9xfpcdM?authuser=0&hl=en&rclk=1,Le Garlic Family Restaurant,255,Restaurant,19.9923658,73.8088557,"Tapovan Link Road, kathe, Galli",,,3.6,473,23,dwarka
48,https://www.google.co.in/maps/place/Yahoo+Hotel/data=!4m7!3m6!1s0x3bddeb750fd61a07:0x1376193e4893b74c!8m2!3d19.9972378!4d73.7689928!16s%2Fg%2F11b760w8nw!19sChIJBxrWD3Xr3TsRTLeTSD4ZdhM?authuser=0&hl=en&rclk=1,Yahoo Hotel,255,Seafood,19.9972378,73.7689928,"Yahoo hotel, Sharanpur Link Rd, near Tibetian Market, near Canada Corner",⋅ 11:30 pm ⋅ Opens 11 am Sat,,4.1,4170,173,sharanpur road
49,https://www.google.co.in/maps/place/Bakes+%26+Brews/data=!4m7!3m6!1s0x3bddeb50edd1b037:0x7c559ddd99ae5e0a!8m2!3d19.9903966!4d73.7893903!16s%2Fg%2F11nn3_fgr8!19sChIJN7DR7VDr3TsRCl6umd2dVXw?authuser=0&hl=en&rclk=1,Bakes & Brews,255,North Indian,19.9903966,73.7893903,"Ground Level, Courtyard by Marriott Nashik, Mumbai Agra Rd, near Mumbai Naka https://www.google.com/maps/reserve/v/dine/c/JnkvSpqC6LM?source=pa&opi=79508299&hl=enIN&gei=i4KvZ47pDJKNseMPgPTq4Q8&sourceurl=https://www.google.co.in/search?tbm%3Dmap%26authuser%3D0%26hl%3Den%26gl%3Din%26pb%3D!4m12!1m3!1d9041.78994237556!2d73.77395622524293!3d19.9870500339667!2m3!1f0!2f0!3f0!3m2!1i2048!2i926!4f13.1!7i20!10b1!12m23!1m3!18b1!30b1!34e1!2m3!5m1!6e2!20e3!4b0!10b1!12b1!13b1!16b1!17m1!3e1!20m4!5e2!6b1!8b1!14b1!46m1!1b0!96b1!19m4!2m3!1i360!2i120!4i8!20m48!2m2!1i203!2i100!3m2!2i4!5b1!6m6!1m2!1i86!2i86!1m2!1i408!2i240!7m33!1m3!1e1!2b0!3e3!1m3!1e2!2b1!3e2!1m3!1e2!2b0!3e3!1m3!1e8!2b0!3e3!1m3!1e10!2b0!3e3!1m3!1e10!2b1!3e2!1m3!1e10!2b0!3e4!1m3!1e9!2b1!3e2!2b1!9b0!22m2!1sbHvZ_HzFf6c4EPkrCDgA4!7e81!24m108!1m32!13m9!2b1!3b1!4b1!6i1!8b1!9b1!14b1!20b1!25b1!18m21!3b1!4b1!5b1!6b1!9b1!12b1!13b1!14b1!17b1!20b1!21b1!22b1!25b1!27m1!1b0!28b0!32b1!33m1!1b1!34b0!36e1!10m1!8e3!11m1!3e1!14m1!3b0!17b1!20m2!1e3!1e6!24b1!25b1!26b1!29b1!30m1!2b1!36b1!39m3!2m2!2i1!3i1!43b1!52b1!54m1!1b1!55b1!56m1!1b1!65m5!3m4!1m3!1m2!1i224!2i298!71b1!72m22!1m8!2b1!5b1!7b1!12m4!1b1!2b1!4m1!1e1!4b1!8m10!1m6!4m1!1e1!4m1!1e3!4m1!1e4!3sother_user_google_reviews!6m1!1e1!9b1!89b1!98m3!1b1!2b1!3b1!103b1!113b1!114m3!1b1!2m1!1b1!117b1!122m1!1b1!125b0!126b1!127b1!26m4!2m3!1i80!2i92!4i8!30m28!1m6!1m2!1i0!2i0!2m2!1i530!2i926!1m6!1m2!1i1998!2i0!2m2!1i2048!2i926!1m6!1m2!1i0!2i0!2m2!1i2048!2i20!1m6!1m2!1i0!2i906!2m2!1i2048!2i926!34m18!2b1!3b1!4b1!6b1!8m6!1b1!3b1!4b1!5b1!6b1!7b1!9b1!12b1!14b1!20b1!23b1!25b1!26b1!37m1!1e81!42b1!47m0!49m10!3b1!6m2!1b1!2b1!7m2!1e3!2b1!8b1!9b1!10e2!50m4!2e2!3m2!1b1!3b1!61b1!67m3!7b1!10b1!14b1!69i720%26q%3DRestaurants%26ech%3D11%26psi%3DbHvZ_HzFf6c4EPkrCDgA4.1739554675451.1",,,4.7,23,124,mumbai agra road
50,https://www.google.co.in/maps/place/Hotel+Punjab/data=!4m7!3m6!1s0x3bddeafda1723f0d:0x1ff0f22724e9aaa!8m2!3d19.9934383!4d73.7966111!16s%2Fg%2F11f26svr65!19sChIJDT9yof3q3TsRqppOciIP_wE?authuser=0&hl=en&rclk=1,Hotel Punjab,300,Punjabi,19.9934383,73.7966111,,⋅ 12 am ⋅ Opens 7 am Sat,,3.7,65,96,dwarka
51,https://www.google.co.in/maps/place/The+Five+Elements+Restaurant/data=!4m7!3m6!1s0x3bddeb7a388104a7:0xa066287045fdb632!8m2!3d19.9908062!4d73.7574152!16s%2Fg%2F11fy2q2r43!19sChIJpwSBOHrr3TsRMrb9RXAoZqA?authuser=0&hl=en&rclk=1,The Five Elements Restaurant,300,Vegetarian,19.9908062,73.7574152,Mahatma NagarUntwadi Rd https://www.google.com/maps/reserve/v/dine/c/POkEynzPdgs?source=pa&opi=79508299&hl=enIN&gei=i4KvZ47pDJKNseMPgPTq4Q8&sourceurl=https://www.google.co.in/search?tbm%3Dmap%26authuser%3D0%26hl%3Den%26gl%3Din%26pb%3D!4m12!1m3!1d9041.78994237556!2d73.77395622524293!3d19.9870500339667!2m3!1f0!2f0!3f0!3m2!1i2048!2i926!4f13.1!7i20!10b1!12m23!1m3!18b1!30b1!34e1!2m3!5m1!6e2!20e3!4b0!10b1!12b1!13b1!16b1!17m1!3e1!20m4!5e2!6b1!8b1!14b1!46m1!1b0!96b1!19m4!2m3!1i360!2i120!4i8!20m48!2m2!1i203!2i100!3m2!2i4!5b1!6m6!1m2!1i86!2i86!1m2!1i408!2i240!7m33!1m3!1e1!2b0!3e3!1m3!1e2!2b1!3e2!1m3!1e2!2b0!3e3!1m3!1e8!2b0!3e3!1m3!1e10!2b0!3e3!1m3!1e10!2b1!3e2!1m3!1e10!2b0!3e4!1m3!1e9!2b1!3e2!2b1!9b0!22m2!1sbHvZ_HzFf6c4EPkrCDgA4!7e81!24m108!1m32!13m9!2b1!3b1!4b1!6i1!8b1!9b1!14b1!20b1!25b1!18m21!3b1!4b1!5b1!6b1!9b1!12b1!13b1!14b1!17b1!20b1!21b1!22b1!25b1!27m1!1b0!28b0!32b1!33m1!1b1!34b0!36e1!10m1!8e3!11m1!3e1!14m1!3b0!17b1!20m2!1e3!1e6!24b1!25b1!26b1!29b1!30m1!2b1!36b1!39m3!2m2!2i1!3i1!43b1!52b1!54m1!1b1!55b1!56m1!1b1!65m5!3m4!1m3!1m2!1i224!2i298!71b1!72m22!1m8!2b1!5b1!7b1!12m4!1b1!2b1!4m1!1e1!4b1!8m10!1m6!4m1!1e1!4m1!1e3!4m1!1e4!3sother_user_google_reviews!6m1!1e1!9b1!89b1!98m3!1b1!2b1!3b1!103b1!113b1!114m3!1b1!2m1!1b1!117b1!122m1!1b1!125b0!126b1!127b1!26m4!2m3!1i80!2i92!4i8!30m28!1m6!1m2!1i0!2i0!2m2!1i530!2i926!1m6!1m2!1i1998!2i0!2m2!1i2048!2i926!1m6!1m2!1i0!2i0!2m2!1i2048!2i20!1m6!1m2!1i0!2i906!2m2!1i2048!2i926!34m18!2b1!3b1!4b1!6b1!8m6!1b1!3b1!4b1!5b1!6b1!7b1!9b1!12b1!14b1!20b1!23b1!25b1!26b1!37m1!1e81!42b1!47m0!49m10!3b1!6m2!1b1!2b1!7m2!1e3!2b1!8b1!9b1!10e2!50m4!2e2!3m2!1b1!3b1!61b1!67m3!7b1!10b1!14b1!69i720%26q%3DRestaurants%26ech%3D11%26psi%3DbHvZ_HzFf6c4EPkrCDgA4.1739554675451.1,⋅ Opens 11 am Sat,,4.5,16084,126,untwadi road
52,https://www.google.co.in/maps/place/HOTEL+NEW+PADMA+BAR+And+RESTAURANT/data=!4m7!3m6!1s0x3bddeb67246f6655:0x9e4dff168ac68ffa!8m2!3d19.977047!4d73.75475!16s%2Fg%2F1hm52cctj!19sChIJVWZvJGfr3TsRo_Gihb_TZ4?authuser=0&hl=en&rclk=1,HOTEL NEW PADMA BAR And RESTAURANT,300,Restaurant,19.977047,73.75475,,⋅ 11:30 pm ⋅ Opens 9:30 am Sat,,3.5,287,103,ambad
53,https://www.google.co.in/maps/place/Red+Chillys++Levels/data=!4m7!3m6!1s0x3bddeb5b6847dc27:0xafd1be0587d44cbf!8m2!3d19.993747!4d73.7495878!16s%2Fg%2F11smdp1lxt!19sChIJJ9xHaFvr3TsRv0zUhwW0a8?authuser=0&hl=en&rclk=1,Red Chillys Levels,255,North Indian,19.993747,73.7495878,Trambakeshwar Rd https://www.google.com/maps/reserve/v/dine/c/EKRunJE9_yU?source=pa&opi=79508299&hl=enIN&gei=i4KvZ47pDJKNseMPgPTq4Q8&sourceurl=https://www.google.co.in/search?tbm%3Dmap%26authuser%3D0%26hl%3Den%26gl%3Din%26pb%3D!4m12!1m3!1d9041.78994237556!2d73.77395622524293!3d19.9870500339667!2m3!1f0!2f0!3f0!3m2!1i2048!2i926!4f13.1!7i20!10b1!12m23!1m3!18b1!30b1!34e1!2m3!5m1!6e2!20e3!4b0!10b1!12b1!13b1!16b1!17m1!3e1!20m4!5e2!6b1!8b1!14b1!46m1!1b0!96b1!19m4!2m3!1i360!2i120!4i8!20m48!2m2!1i203!2i100!3m2!2i4!5b1!6m6!1m2!1i86!2i86!1m2!1i408!2i240!7m33!1m3!1e1!2b0!3e3!1m3!1e2!2b1!3e2!1m3!1e2!2b0!3e3!1m3!1e8!2b0!3e3!1m3!1e10!2b0!3e3!1m3!1e10!2b1!3e2!1m3!1e10!2b0!3e4!1m3!1e9!2b1!3e2!2b1!9b0!22m2!1sbHvZ_HzFf6c4EPkrCDgA4!7e81!24m108!1m32!13m9!2b1!3b1!4b1!6i1!8b1!9b1!14b1!20b1!25b1!18m21!3b1!4b1!5b1!6b1!9b1!12b1!13b1!14b1!17b1!20b1!21b1!22b1!25b1!27m1!1b0!28b0!32b1!33m1!1b1!34b0!36e1!10m1!8e3!11m1!3e1!14m1!3b0!17b1!20m2!1e3!1e6!24b1!25b1!26b1!29b1!30m1!2b1!36b1!39m3!2m2!2i1!3i1!43b1!52b1!54m1!1b1!55b1!56m1!1b1!65m5!3m4!1m3!1m2!1i224!2i298!71b1!72m22!1m8!2b1!5b1!7b1!12m4!1b1!2b1!4m1!1e1!4b1!8m10!1m6!4m1!1e1!4m1!1e3!4m1!1e4!3sother_user_google_reviews!6m1!1e1!9b1!89b1!98m3!1b1!2b1!3b1!103b1!113b1!114m3!1b1!2m1!1b1!117b1!122m1!1b1!125b0!126b1!127b1!26m4!2m3!1i80!2i92!4i8!30m28!1m6!1m2!1i0!2i0!2m2!1i530!2i926!1m6!1m2!1i1998!2i0!2m2!1i2048!2i926!1m6!1m2!1i0!2i0!2m2!1i2048!2i20!1m6!1m2!1i0!2i906!2m2!1i2048!2i926!34m18!2b1!3b1!4b1!6b1!8m6!1b1!3b1!4b1!5b1!6b1!7b1!9b1!12b1!14b1!20b1!23b1!25b1!26b1!37m1!1e81!42b1!47m0!49m10!3b1!6m2!1b1!2b1!7m2!1e3!2b1!8b1!9b1!10e2!50m4!2e2!3m2!1b1!3b1!61b1!67m3!7b1!10b1!14b1!69i720%26q%3DRestaurants%26ech%3D11%26psi%3DbHvZ_HzFf6c4EPkrCDgA4.1739554675451.1,⋅ Closes 1 am,,4.4,1119,121,trambakeshwar road
54,https://www.google.co.in/maps/place/Udupi+Tadka+Gokul+Pure+Veg+Restaurant+Nashik/data=!4m7!3m6!1s0x3bddeb0fed80677f:0x9f7958f332cf61a3!8m2!3d19.9902982!4d73.78233!16s%2Fg%2F1ygbbfvwc!19sChIJf2eA7Q_r3TsRo2HPMvNYeZ8?authuser=0&hl=en&rclk=1,Udupi Tadka Gokul Pure Veg Restaurant Nashik,300,South Indian,19.9902982,73.78233,,⋅ Opens 8:20 am Sat,,4.2,6233,135,mumbai naka
55,https://www.google.co.in/maps/place/Surbhi+Pure+Veg+Family+Restaurant/data=!4m7!3m6!1s0x3bddeb013af2e74b:0x1eca09c91bb7daff!8m2!3d19.9928601!4d73.782562!16s%2Fg%2F1tffsd0f!19sChIJSfyOgHr3TsR_9q3G8kJyh4?authuser=0&hl=en&rclk=1,Surbhi Pure Veg Family Restaurant,300,Vegetarian,19.9928601,73.782562,Typical veggie fare in modest surrounds https://www.google.com/maps/reserve/v/dine/c/XqejZxuYHKA?source=pa&opi=79508299&hl=enIN&gei=i4KvZ47pDJKNseMPgPTq4Q8&sourceurl=https://www.google.co.in/search?tbm%3Dmap%26authuser%3D0%26hl%3Den%26gl%3Din%26pb%3D!4m12!1m3!1d9041.78994237556!2d73.77395622524293!3d19.9870500339667!2m3!1f0!2f0!3f0!3m2!1i2048!2i926!4f13.1!7i20!10b1!12m23!1m3!18b1!30b1!34e1!2m3!5m1!6e2!20e3!4b0!10b1!12b1!13b1!16b1!17m1!3e1!20m4!5e2!6b1!8b1!14b1!46m1!1b0!96b1!19m4!2m3!1i360!2i120!4i8!20m48!2m2!1i203!2i100!3m2!2i4!5b1!6m6!1m2!1i86!2i86!1m2!1i408!2i240!7m33!1m3!1e1!2b0!3e3!1m3!1e2!2b1!3e2!1m3!1e2!2b0!3e3!1m3!1e8!2b0!3e3!1m3!1e10!2b0!3e3!1m3!1e10!2b1!3e2!1m3!1e10!2b0!3e4!1m3!1e9!2b1!3e2!2b1!9b0!22m2!1sbHvZ_HzFf6c4EPkrCDgA4!7e81!24m108!1m32!13m9!2b1!3b1!4b1!6i1!8b1!9b1!14b1!20b1!25b1!18m21!3b1!4b1!5b1!6b1!9b1!12b1!13b1!14b1!17b1!20b1!21b1!22b1!25b1!27m1!1b0!28b0!32b1!33m1!1b1!34b0!36e1!10m1!8e3!11m1!3e1!14m1!3b0!17b1!20m2!1e3!1e6!24b1!25b1!26b1!29b1!30m1!2b1!36b1!39m3!2m2!2i1!3i1!43b1!52b1!54m1!1b1!55b1!56m1!1b1!65m5!3m4!1m3!1m2!1i224!2i298!71b1!72m22!1m8!2b1!5b1!7b1!12m4!1b1!2b1!4m1!1e1!4b1!8m10!1m6!4m1!1e1!4m1!1e3!4m1!1e4!3sother_user_google_reviews!6m1!1e1!9b1!89b1!98m3!1b1!2b1!3b1!103b1!113b1!114m3!1b1!2m1!1b1!117b1!122m1!1b1!125b0!126b1!127b1!26m4!2m3!1i80!2i92!4i8!30m28!1m6!1m2!1i0!2i0!2m2!1i530!2i926!1m6!1m2!1i1998!2i0!2m2!1i2048!2i926!1m6!1m2!1i0!2i0!2m2!1i2048!2i20!1m6!1m2!1i0!2i906!2m2!1i2048!2i926!34m18!2b1!3b1!4b1!6b1!8m6!1b1!3b1!4b1!5b1!6b1!7b1!9b1!12b1!14b1!20b1!23b1!25b1!26b1!37m1!1e81!42b1!47m0!49m10!3b1!6m2!1b1!2b1!7m2!1e3!2b1!8b1!9b1!10e2!50m4!2e2!3m2!1b1!3b1!61b1!67m3!7b1!10b1!14b1!69i720%26q%3DRestaurants%26ech%3D11%26psi%3DbHvZ_HzFf6c4EPkrCDgA4.1739554675451.1,⋅ Opens 8 am Sat,,3.9,1181,130,mumbai naka
56,https://www.google.co.in/maps/place/Chaan+Missal/data=!4m7!3m6!1s0x3bddebae5a7142e5:0x3d688b0dfd662c3c!8m2!3d19.9840181!4d73.7834205!16s%2Fg%2F11qrmxjj9l!19sChIJ5UJxWq7r3TsRPCxm_Q2LaD0?authuser=0&hl=en&rclk=1,Chaan Missal,300,Indian,19.9840181,73.7834205,,,,3.7,59,123,college road
57,https://www.google.co.in/maps/place/Hotel+Chintamani+bhojnalay+%28mess%29/data=!4m7!3m6!1s0x3bddeb1095a2bccb:0xc75487d44fec2567!8m2!3d19.9799615!4d73.7621474!16s%2Fg%2F11p6722xnq!19sChIJy7yilRDr3TsRZyXsT9SHVMc?authuser=0&hl=en&rclk=1,Hotel Chintamani bhojnalay (mess),100,Restaurant,19.9799615,73.7621474,,,,4.7,34,115,cidco
58,https://www.google.co.in/maps/place/THE+TEROTALE/data=!4m7!3m6!1s0x3bddeb761da64c91:0x4609751dd55ee07a!8m2!3d19.9913583!4d73.7607674!16s%2Fg%2F11q4m1rt84!19sChIJkUymHXbr3TsReuBe1R11CUY?authuser=0&hl=en&rclk=1,THE TEROTALE,400,Vegetarian,19.9913583,73.7607674,"Dr. Babasaheb Ambedkar Rd, opposite to city center mall, beside lakshika mangal karyalay",⋅ Opens 12 pm Sat,,4.8,5219,134,untwadi road
59,https://www.google.co.in/maps/place/The+Namastey+Nashik/data=!4m7!3m6!1s0x3bddebcf1f9ba75f:0x11243d05f71699b5!8m2!3d19.9908815!4d73.7591228!16s%2Fg%2F11tcgnvglc!19sChIJX6ebH8_r3TsRtZkW9wU9JBE?authuser=0&hl=en&rclk=1,The Namastey Nashik,255,Vegetarian,19.9908815,73.7591228,,,,4.6,1899,125,mahatma nagar
60,https://www.google.co.in/maps/place/Tejal+restaurant/data=!4m7!3m6!1s0x3bddeb6421c37d09:0x2f4f5f476c6dff37!8m2!3d19.9809876!4d73.7552253!16s%2Fg%2F1hhwf66wq!19sChIJCX3DIWTr3TsRN_9tbEdfTy8?authuser=0&hl=en&rclk=1,Tejal restaurant,300,North Indian,19.9809876,73.7552253,,⋅ Opens 10 am Sat,,4,420,84,trimurti chowk
61,https://www.google.co.in/maps/place/Red+dragon+Restaurant/data=!4m7!3m6!1s0x3bddeb5ff9e24727:0x8cddbd6c731088af!8m2!3d19.9904722!4d73.7618218!16s%2Fg%2F11j98nfnnn!19sChIJJ0fiV_r3TsRr4gQc2y93Yw?authuser=0&hl=en&rclk=1,Red dragon Restaurant,300,Chinese,19.9904722,73.7618218,"https://www.google.com/maps/reserve/v/dine/c/a11wdBu12EQ?source=pa&opi=79508299&hl=enIN&gei=jYKvZHJHaOZseMPypa_gQY&sourceurl=https://www.google.co.in/search?tbm%3Dmap%26authuser%3D0%26hl%3Den%26gl%3Din%26pb%3D!4m12!1m3!1d9041.78994237556!2d73.77395622524293!3d19.9870500339667!2m3!1f0!2f0!3f0!3m2!1i2048!2i926!4f13.1!7i20!8i20!10b1!12m23!1m3!18b1!30b1!34e1!2m3!5m1!6e2!20e3!4b0!10b1!12b1!13b1!16b1!17m1!3e1!20m4!5e2!6b1!8b1!14b1!46m1!1b0!96b1!19m4!2m3!1i360!2i120!4i8!20m48!2m2!1i203!2i100!3m2!2i4!5b1!6m6!1m2!1i86!2i86!1m2!1i408!2i240!7m33!1m3!1e1!2b0!3e3!1m3!1e2!2b1!3e2!1m3!1e2!2b0!3e3!1m3!1e8!2b0!3e3!1m3!1e10!2b0!3e3!1m3!1e10!2b1!3e2!1m3!1e10!2b0!3e4!1m3!1e9!2b1!3e2!2b1!9b0!22m5!1sbHvZ_HzFf6c4EPkrCDgA4:1103!2s1i:0,t:246204,p:bHvZ_HzFf6c4EPkrCDgA4:1103!7e81!12e22!17sbHvZ_HzFf6c4EPkrCDgA4:1104!24m108!1m32!13m9!2b1!3b1!4b1!6i1!8b1!9b1!14b1!20b1!25b1!18m21!3b1!4b1!5b1!6b1!9b1!12b1!13b1!14b1!17b1!20b1!21b1!22b1!25b1!27m1!1b0!28b0!32b1!33m1!1b1!34b0!36e1!10m1!8e3!11m1!3e1!14m1!3b0!17b1!20m2!1e3!1e6!24b1!25b1!26b1!29b1!30m1!2b1!36b1!39m3!2m2!2i1!3i1!43b1!52b1!54m1!1b1!55b1!56m1!1b1!65m5!3m4!1m3!1m2!1i224!2i298!71b1!72m22!1m8!2b1!5b1!7b1!12m4!1b1!2b1!4m1!1e1!4b1!8m10!1m6!4m1!1e1!4m1!1e3!4m1!1e4!3sother_user_google_reviews!6m1!1e1!9b1!89b1!98m3!1b1!2b1!3b1!103b1!113b1!114m3!1b1!2m1!1b1!117b1!122m1!1b1!125b0!126b1!127b1!26m4!2m3!1i80!2i92!4i8!30m28!1m6!1m2!1i0!2i0!2m2!1i530!2i926!1m6!1m2!1i1998!2i0!2m2!1i2048!2i926!1m6!1m2!1i0!2i0!2m2!1i2048!2i20!1m6!1m2!1i0!2i906!2m2!1i2048!2i926!34m18!2b1!3b1!4b1!6b1!8m6!1b1!3b1!4b1!5b1!6b1!7b1!9b1!12b1!14b1!20b1!23b1!25b1!26b1!37m1!1e81!42b1!46m1!1e9!47m0!49m10!3b1!6m2!1b1!2b1!7m2!1e3!2b1!8b1!9b1!10e2!50m124!1m119!2m7!1u3!4sOpen%2Bnow!5e1!9s0ahUKEwjO2sKN3cOLAxWSRmwGHQC6OvwQ_KkBCIIHKBY!10m2!3m1!1e1!2m7!1u5!4sNorth%2BIndian!5e1!9s0ahUKEwjO2sKN3cOLAxWSRmwGHQC6OvwQ_KkBCIMHKBc!10m2!5m1!1sgcid:north_indian_restaurant!2m7!1u5!4sVegetarian!5e1!9s0ahUKEwjO2sKN3cOLAxWSRmwGHQC6OvwQ_KkBCIQHKBg!10m2!5m1!1sgcid:vegetarian_restaurant!2m7!1u2!4sToprated!5e1!9s0ahUKEwjO2sKN3cOLAxWSRmwGHQC6OvwQ_KkBCIUHKBk!10m2!2m1!1e1!3m1!1u2!3m1!1u3!3m81!1u5!2m7!1m2!5m1!1sgcid:buffet_restaurant!2sBuffet!3m2!2m1!1shttps://ssl.gstatic.com/local/refinements/cuisineicons/restaurant.png!2m7!1m2!5m1!1sgcid:chinese_restaurant!2sChinese!3m2!2m1!1shttps://ssl.gstatic.com/local/refinements/cuisineicons/chinese.png!2m7!1m2!5m1!1sgcid:european_restaurant!2sEuropean!3m2!2m1!1shttps://ssl.gstatic.com/local/refinements/cuisineicons/indian.png!2m7!1m2!5m1!1sgcid:fast_food_restaurant!2sFast%2BFood!3m2!2m1!1shttps://ssl.gstatic.com/local/refinements/cuisineicons/restaurant.png!2m7!1m2!5m1!1sgcid:italian_restaurant!2sItalian!3m2!2m1!1shttps://ssl.gstatic.com/local/refinements/cuisineicons/italian.png!2m7!1m2!5m1!1sgcid:north_indian_restaurant!2sNorth%2BIndian!3m2!2m1!1shttps://ssl.gstatic.com/local/refinements/cuisineicons/indian.png!2m7!1m2!5m1!1sgcid:pizza_restaurant!2sPizza!3m2!2m1!1shttps://ssl.gstatic.com/local/refinements/cuisineicons/pizza.png!2m7!1m2!5m1!1sgcid:seafood_restaurant!2sSeafood!3m2!2m1!1shttps://ssl.gstatic.com/local/refinements/cuisineicons/seafood.png!2m7!1m2!5m1!1sgcid:south_indian_restaurant!2sSouth%2BIndian!3m2!2m1!1shttps://ssl.gstatic.com/local/refinements/cuisineicons/indian.png!2m7!1m2!5m1!1sgcid:vegetarian_restaurant!2sVegetarian!3m2!2m1!1shttps://ssl.gstatic.com/local/refinements/cuisineicons/restaurant.png!4BIAEqAklO!2e2!3m2!1b1!3b1!59BQ2dBd0Fn!61b1!67m3!7b1!10b1!14b1!69i720%26q%3DRestaurants%26ech%3D12%26psi%3DbHvZ_HzFf6c4EPkrCDgA4.1739554675451.1",⋅ Opens 11 am Sat,,3.9,1312,135,untwadi road
62,https://www.google.com/maps/place/Friendship+Restaurant/data=!4m7!3m6!1s0x3bddea67c1436bb7:0xe32aec3290995489!8m2!3d20.0143028!4d73.820459!16s%2Fg%2F11d_pvd7nn!19sChIJt2tDwWfq3TsRiVSZkDLsKuM?authuser=0&hl=en&rclk=1,Friendship Restaurant,100,Pizza,20.0143028,73.820459,·,,,3.9,989,65,amrutdham
63,https://www.google.com/maps/place/Hotel+Mehfil+Family+Restaurant/data=!4m7!3m6!1s0x3bddebf34418ac19:0xb0460b3c0b648fa9!8m2!3d20.018089!4d73.8368207!16s%2Fg%2F11rj671013!19sChIJGawYRPPr3TsRqY9kCzwLRrA?authuser=0&hl=en&rclk=1,Hotel Mehfil Family Restaurant,255,Familyfriendly,20.018089,73.8368207,"Mumbai Agra Rd, behind Mother Teresa aashram, near Roongta Bellissimo Project",,,4.6,97,69,mumbai agra road
64,https://www.google.com/maps/place/Rasoi+Punjab+Di/data=!4m7!3m6!1s0x3bddeb80e2b32fd1:0xdcc94719938ced7f!8m2!3d20.0103668!4d73.8312924!16s%2Fg%2F11h2gdr5yd!19sChIJ0Sz4oDr3TsRf2MkxlHydw?authuser=0&hl=en&rclk=1,Rasoi Punjab Di,255,Punjabi,20.0103668,73.8312924,"Ground floor, Bungalow, Row Houses, Street No. 3, near Apurva, behind Ashoka buildcon office",,,4.5,168,70,amrutdham
65,https://www.google.com/maps/place/Hotel+West+In+%28East+End%29+Family+Restaurant+and+Bar/data=!4m7!3m6!1s0x3bddea6fe770586d:0x6250ec246e0e6b27!8m2!3d20.0178283!4d73.8295643!16s%2Fg%2F1hf32ysl9!19sChIJbVhw52_q3TsRJ2sObiTsUGI?authuser=0&hl=en&rclk=1,Hotel West In (East End) Family Restaurant and Bar,255,Non Vegetarian Restaurant,20.0178283,73.8295643,"Mumbai Agra Rd, next to HDFC BANK",,,3.8,437,65,mumbai agra road
66,https://www.google.com/maps/place/Swagat+Veg+NonVeg+Family+Restaurant+%28Special+Misal%29/data=!4m7!3m6!1s0x3bddeb67019c162b:0x9f38c9593600ee40!8m2!3d20.0168264!4d73.8248604!16s%2Fg%2F11jy50fsln!19sChIJKxacAWfr3TsRQO4ANlnJOJ8?authuser=0&hl=en&rclk=1,Swagat Veg NonVeg Family Restaurant (Special Misal),255,Restaurant,20.0168264,73.8248604,,,,4.4,18,66,mumbai agra road
67,https://www.google.com/maps/place/PanditJi+Restaurant+%28+HOTEL+NEW+PUNJAB+%29/data=!4m7!3m6!1s0x3bddebacef8809a3:0xdf2c4da6c4eef0b4!8m2!3d20.0094329!4d73.7927829!16s%2Fg%2F11f4tb9b0n!19sChIJowmI76zr3TsRtPDuxKZNLN8?authuser=0&hl=en&rclk=1,PanditJi Restaurant ( HOTEL NEW PUNJAB ),255,Restaurant,20.0094329,73.7927829,"2Q5V+Q4F, Siddhi Towers , opp.Indrakund Mandir , Ramkund , Malegoan Stand",,,3.9,46,80,panchvati
68,https://www.google.com/maps/place/Food+Moody%27s+Restaurant+%26+Boys+Hostel/data=!4m7!3m6!1s0x3bddeb8fbb01f6a5:0x4edc73dbce66e226!8m2!3d20.013568!4d73.8248721!16s%2Fg%2F11t8gr1rkv!19sChIJpfYBu4_r3TsRJuJmzttz3E4?authuser=0&hl=en&rclk=1,Food Moody's Restaurant & Boys Hostel,100,Indian,20.013568,73.8248721,"Ramganga Row House, behind KK Wagh College Road",,,4.8,51,66,amrutdham
69,https://www.google.com/maps/place/Peshwa+Pure+veg/data=!4m7!3m6!1s0x3bddc1cd79f72ddb:0xca3f7f89ddfc54c6!8m2!3d20.0055829!4d73.8437925!16s%2Fg%2F11ssb9lqsg!19sChIJ2y33ec3B3TsRxlT83Yl_P8o?authuser=0&hl=en&rclk=1,Peshwa Pure veg,300,Vegetarian,20.0055829,73.8437925,"Jatra, Nandur Link Rd, opp. to hotel bamboos",,,4.2,21,20,jatra
70,https://www.google.com/maps/place/Hotel+Swad+Family+restaurant/data=!4m7!3m6!1s0x3bddeb8336905081:0x92ef815de6710fa7!8m2!3d20.0203007!4d73.8219261!16s%2Fg%2F11sq3fc94m!19sChIJgVCQNoPr3TsRpw9x5l2B75I?authuser=0&hl=en&rclk=1,Hotel Swad Family restaurant,255,Familyfriendly,20.0203007,73.8219261,2RCC+4QF,,,4.1,7,66,amrutdham
71,https://www.google.com/maps/place/ASHTAKAM++Pure+Veg+Restaurant/data=!4m7!3m6!1s0x3bddebe9bd561201:0x3f1b341ccc3bd686!8m2!3d20.0186102!4d73.8289121!16s%2Fg%2F11wfz6vx65!19sChIJARJWvenr3TsRhtY7zBw0Gz8?authuser=0&hl=en&rclk=1,ASHTAKAM Pure Veg Restaurant,100,Restaurant,20.0186102,73.8289121,·,,,4.6,28,66,bali chowk
72,https://www.google.com/maps/place/Aditya+Misal+House+Restaurant/data=!4m7!3m6!1s0x3bddebd27cbaba7f:0xa6c39452f3e49b7a!8m2!3d20.0165!4d73.824723!16s%2Fg%2F11ssc4_2hr!19sChIJf7q6fNLr3TsRepvk81KUw6Y?authuser=0&hl=en&rclk=1,Aditya Misal House Restaurant,255,Fast Food,20.0165,73.824723,"Shop No. 2, Chouk, near Absolute Gym",,,5,2,66,panchvati
73,https://www.google.com/maps/place/Baliraj+family+Chinese+corner/data=!4m7!3m6!1s0x3bddebb91e7c7519:0x7181738e2d28a98!8m2!3d20.0191457!4d73.8318119!16s%2Fg%2F11pkc790j3!19sChIJGXV8Hrnr3TsRmIrS4jgXGAc?authuser=0&hl=en&rclk=1,Baliraj family Chinese corner,255,Restaurant,20.0191457,73.8318119,"2R9J+MP3, Baliraj family Chinese corner balimandir parisar hanuman nagar panchavati",,,4.5,2,68,amrutdham
74,https://www.google.com/maps/place/Shree+Rajbhog+Thali+Restaurant+in+Panchavati+by+Curry+Leaves/data=!4m7!3m6!1s0x3bddec716e6ce211:0x48ef43f51d171b9f!8m2!3d20.0090892!4d73.8028009!16s%2Fg%2F11c15bdw06!19sChIJEeJsbnHs3TsRnxsXHfVD70g?authuser=0&hl=en&rclk=1,Shree Rajbhog Thali Restaurant in Panchavati by Curry Leaves,300,Gujarati,20.0090892,73.8028009,·,,,4.5,3108,51,panchvati
75,https://www.google.com/maps/place/Lakshmi+Narayan+parcel+point/data=!4m7!3m6!1s0x3bddeb61b4bf8909:0xd53f64569f83972a!8m2!3d20.0187303!4d73.8295006!16s%2Fg%2F11y50gyrzh!19sChIJCYm_tGHr3TsRKpeDn1ZkP9U?authuser=0&hl=en&rclk=1,Lakshmi Narayan parcel point,255,Restaurant,20.0187303,73.8295006,"Shop no 4, laxshmi narayan parcel point, Shubha Mudgal karyalay, Amrutdham Rd, near by kunal hotel balimandir",,,5,4,66,amrutdham
76,https://www.google.com/maps/place/Moonlight+Resto/data=!4m7!3m6!1s0x3bddebc6db8a4425:0xe3d810ab338068f4!8m2!3d20.0138673!4d73.8197172!16s%2Fg%2F11vq29j5_1!19sChIJJUSK28br3TsR9GiAM6sQ2OM?authuser=0&hl=en&rclk=1,Moonlight Resto,100,Restaurant,20.0138673,73.8197172,"Near, near KK Wagh College Road",,,4.7,40,65,amrutdham
77,https://www.google.com/maps/place/DINGORE%27s+Veg+Curry+%7C+Veg+Restaurant+In+Nashik/data=!4m7!3m6!1s0x3bddea61945b1db1:0xc0b6de0e21a56ab4!8m2!3d20.0051061!4d73.8243304!16s%2Fg%2F11fzf1xwbm!19sChIJsR1blGHq3TsRtGqlIQ7etsA?authuser=0&hl=en&rclk=1,DINGORE's Veg Curry | Veg Restaurant In Nashik,300,Vegetarian,20.0051061,73.8243304,Aurangabad Rd,,,4.2,1093,58,jatra
78,https://www.google.com/maps/place/New+Ruchira+Family+Garden+Restaurant+%28Veg+%26+Nonveg%29/data=!4m7!3m6!1s0x3bddeb6e7139fd67:0xe93e3fce2e60b369!8m2!3d20.00613!4d73.821934!16s%2Fg%2F11h8jldkfm!19sChIJZ_05cW7r3TsRabNgLs4_Puk?authuser=0&hl=en&rclk=1,New Ruchira Family Garden Restaurant (Veg & Nonveg),300,Non Vegetarian Restaurant,20.00613,73.821934,"Aurangabad Rd, near Babulal Narsary",,,4,291,57,panchvati
79,https://www.google.com/maps/place/Hotel+Swami+Family+Restaurant/data=!4m7!3m6!1s0x3bddc132d7014681:0xd2af9936be68b583!8m2!3d20.0055832!4d73.8437961!16s%2Fg%2F11qpf1y_qs!19sChIJgUYB1zLB3TsRg7VovjaZr9I?authuser=0&hl=en&rclk=1,Hotel Swami Family Restaurant,300,Restaurant,20.0055832,73.8437961,jatra link road,,,4,50,20,nandur naka
80,https://www.google.com/maps/place/Haldi+Pure+Veg+Restaurant/data=!4m7!3m6!1s0x3bddebbe517d8605:0xeedb5d8e943d433b!8m2!3d20.0109271!4d73.808605!16s%2Fg%2F11lv20_8_n!19sChIJBYZ9Ub7r3TsRO0M9lI5d24?authuser=0&hl=en&rclk=1,Haldi Pure Veg Restaurant,300,Vegetarian,20.0109271,73.808605,near Hotel Haldi,,,4.6,22,48,adgaon 
81,https://www.google.com/maps/place/MARATHA+KHANAVAL/data=!4m7!3m6!1s0x3bddea6fe8326c93:0x6233c221a5cf8535!8m2!3d20.0178432!4d73.82923!16s%2Fg%2F11c1wx3cpq!19sChIJk2wy6G_q3TsRNYXPpSHCM2I?authuser=0&hl=en&rclk=1,MARATHA KHANAVAL,255,Maharashtrian Restaurant,20.0178432,73.82923,2R9H+4MQ,,,4,24,65,amrutdham
82,https://www.google.com/maps/place/McDonald%27s/data=!4m7!3m6!1s0x3bddeb000f8783c1:0xfa4b09bb730757de!8m2!3d20.0183544!4d73.8303957!16s%2Fg%2F11wqpg0ts9!19sChIJwYOHDwDr3TsR3lcHc7sJS_o?authuser=0&hl=en&rclk=1,McDonald's,300,Fast Food,20.0183544,73.8303957,"Survey No. 259 of, 1, Plot No. 4, National Highway, near Adinath Marbles, opp. Balimaharaj Mandir",,,4.8,254,158,bali chowk
83,https://www.google.com/maps/place/The+spicy+Table/data=!4m7!3m6!1s0x3bddeb0053b368bb:0x1f928bbb8b923fb0!8m2!3d20.025749!4d73.8347113!16s%2Fg%2F11y82z4z5g!19sChIJu2izUwDr3TsRsDSi7uLkh8?authuser=0&hl=en&rclk=1,The spicy Table,255,Indian,20.025749,73.8347113,"2RGM+7VW The Spicy table, near kkwagh agri. College",,,5,3,57,bali chowk
84,https://www.google.com/maps/place/KAP%E2%80%99s+Kitchen/data=!4m7!3m6!1s0x3bddeb09d73afb1f:0x1b37ee07b31a79e8!8m2!3d20.0262176!4d73.8350598!16s%2Fg%2F11w4gx0z7z!19sChIJH_s61wnr3TsR6HkaswfuNxs?authuser=0&hl=en&rclk=1,KAP’s Kitchen,255,Restaurant,20.0262176,73.8350598,"SR.NO.24/2A/3NR, Kartikey HSG. SOC, PL.NO.01, near K.K Wagh Agriculture College",Takeaway,,4.6,7,54,bali chowk
85,https://www.google.com/maps/place/Hotel+Elite/data=!4m10!3m9!1s0x3bddeb007d387d97:0xadb3b2655b0e4c15!5m2!4m1!1i2!8m2!3d20.0266802!4d73.8276664!16s%2Fg%2F11y9y5bdzs!19sChIJl304fQDr3TsRFUwOW2Wys60?authuser=0&hl=en&rclk=1,Hotel Elite,255,Restaurant,20.0266802,73.8276664,,,,4.8,50,63,bali chowk
86,https://www.google.com/maps/place/Mothers+Kitchen+And+Cafeteria/data=!4m7!3m6!1s0x3bddebc494f910a5:0x7eedb5a881cbfbc4!8m2!3d20.0243814!4d73.8344634!16s%2Fg%2F11s_v_dcry!19sChIJpRD5lMTr3TsRxPvLgai17X4?authuser=0&hl=en&rclk=1,Mothers Kitchen And Cafeteria,255,Restaurant,20.0243814,73.8344634,"Shop No. 1, Devnarayan Apartment, 2/3, behind Galaxy Xerox, near Kkw College",Takeaway,,4.6,22,61,saraswati nagar
87,https://www.google.com/maps/place/Daji+cha+katta/data=!4m7!3m6!1s0x3bddeb683aa7d8cb:0xe4b96db68783613f!8m2!3d20.0213453!4d73.8309409!16s%2Fg%2F11fm6nrxyf!19sChIJy9inOmjr3TsRP2GDh7ZtueQ?authuser=0&hl=en&rclk=1,Daji cha katta,255,Restaurant,20.0213453,73.8309409,"Vrindavan Colony Rd, near Rasbihari School",Takeaway,,4.4,23,65,bali chowk
88,https://www.google.com/maps/place/Hotel+Nsk+Life/data=!4m7!3m6!1s0x3bddeb30040f593d:0xe1af3185c81e6fa0!8m2!3d20.0215408!4d73.8308659!16s%2Fg%2F11h8h9cjlp!19sChIJPVkPBDDr3TsRoG8eyIUxrE?authuser=0&hl=en&rclk=1,Hotel Nsk Life,255,Familyfriendly,20.0215408,73.8308659,Rasbihari Rd,Takeaway,,4.1,73,66,bali chowk
89,https://www.google.com/maps/place/Dear+Dosa/data=!4m7!3m6!1s0x3bddeb37d3e340cd:0xba393c1bf22557ce!8m2!3d20.0213519!4d73.8309359!16s%2Fg%2F11rklwlfpv!19sChIJzUDj0zfr3TsRzlcl8hs8Obo?authuser=0&hl=en&rclk=1,Dear Dosa,255,Breakfast,20.0213519,73.8309359,"Near balimandir, Meri Rasbihari Link Rd",Takeaway,,4.5,59,65,bali chowk
90,https://www.google.com/maps/place/Jyoti+Kitchen/data=!4m7!3m6!1s0x3bddebcb3a09530f:0x95379c6071082fd2!8m2!3d20.0234584!4d73.8333496!16s%2Fg%2F11s1rxck5y!19sChIJD1MJOsvr3TsR0i8IcWCcN5U?authuser=0&hl=en&rclk=1,Jyoti Kitchen,255,Restaurant,20.0234584,73.8333496,"Shop No 1, Kruprasad Banglow, near Kk Wagh College",Takeaway,,4.3,3,63,saraswati nagar
91,https://www.google.com/maps/place/Vaidehi+Pure+Veg+Family+Restaurant/data=!4m7!3m6!1s0x3bddeb0a159d94df:0xf6d4f2f509ab088e!8m2!3d19.9985959!4d73.7759416!16s%2Fg%2F1hjh428c9!19sChIJ35SdFQrr3TsRjgirCfXy1PY?authuser=0&hl=en&rclk=1,Vaidehi Pure Veg Family Restaurant,300,Familyfriendly,19.9985959,73.7759416,Tilak Wadi Rd,⋅ Closes 11 pm,,4.1,911,152,bali chowk
92,"https://www.google.com/maps/place/Nandinee+Woodlands,+Nasiklub/data=!4m10!3m9!1s0x3bddeae43d811f99:0x4905fd59ebbb7226!5m2!4m1!1i2!8m2!3d19.9858389!4d73.8023505!16s%2Fg%2F1thcl6_4!19sChIJmRBPeTq3TsRJnK761n9BUk?authuser=0&hl=en&rclk=1","Nandinee Woodlands, Nasiklub",300,South Indian,19.9858389,73.8023505,Casual spot for updated Indian fare,⋅ Closes 11 pm,,4.1,1550,44,trambakeshwar road
93,https://www.google.com/maps/place/Patel+Restaurant+%26+Chinese+Corner/data=!4m7!3m6!1s0x3bddeb11a16357e3:0x5d96e0f07603ef2f!8m2!3d19.9994311!4d73.7884354!16s%2Fg%2F11h5dn0g86!19sChIJ41djoRHr3TsRL8DdvDgll0?authuser=0&hl=en&rclk=1,Patel Restaurant & Chinese Corner,300,Chinese,19.9994311,73.7884354,"Shop No:3,Hajjan Bano heights, Trambakeshwar Rd",⋅ Closes 11 pm,,4.3,138,105,trambakeshwar road
94,https://www.google.com/maps/place/Barkat+restaurant/data=!4m7!3m6!1s0x3bddeb0294c2544b:0x16e7059793880ca9!8m2!3d19.9916761!4d73.7934624!16s%2Fg%2F11dxkz3bjz!19sChIJS1TClALr3TsRqQyIk5cF5xY?authuser=0&hl=en&rclk=1,Barkat restaurant,100,Restaurant,19.9916761,73.7934624,"40, Wadala Rd",⋅ Closes 11 pm,,4,697,107,mumbai agra road
95,https://www.google.com/maps/place/Kokani+Darbar+Restaurant/data=!4m7!3m6!1s0x3bddeb013af2e74b:0x49e6a71d4fdbeb09!8m2!3d19.998873!4d73.789778!16s%2Fg%2F1tmxd09v!19sChIJSfyOgHr3TsRCevbTx2n5kk?authuser=0&hl=en&rclk=1,Kokani Darbar Restaurant,300,Biryani,19.998873,73.789778,·,⋅ Closes 11 pm,,4,4486,102,shalimar
96,https://www.google.com/maps/place/Modern+Cafe+Nashik/data=!4m7!3m6!1s0x3bddeb9a03f08da5:0x1a6579e2db3ae6c6!8m2!3d20.0076078!4d73.7634954!16s%2Fg%2F11bbrgsgmr!19sChIJpY3wA5rr3TsRxuY62J5ZRo?authuser=0&hl=en&rclk=1,Modern Cafe Nashik,100,Maharashtrian Restaurant,20.0076078,73.7634954,·,⋅ Closes 10 pm,,4.2,3507,134,college road
97,https://www.google.com/maps/place/Vittal+Kamat+Restaurant/data=!4m7!3m6!1s0x3bddeb01e9d919cf:0xf2a804c10bfe45e0!8m2!3d19.9847207!4d73.8023372!16s%2Fg%2F11nyh69pph!19sChIJzxnZ6QHr3TsR4EXC8EEqPI?authuser=0&hl=en&rclk=1,Vittal Kamat Restaurant,255,Indian,19.9847207,73.8023372,"XRM2+VWP, Nashik Pune Rd",⋅ Closes 11 pm,,3.9,403,41,college road
98,https://www.google.com/maps/place/Hotel+Rama+Heritage+Pure+Veg+Restaurant/data=!4m7!3m6!1s0x3bddeb091be998af:0xb6608040ab5fc553!8m2!3d19.9907694!4d73.7828158!16s%2Fg%2F11c2nj6m_s!19sChIJr5jpGwnr3TsRU8Vfq0CAYLY?authuser=0&hl=en&rclk=1,Hotel Rama Heritage Pure Veg Restaurant,500,Vegetarian,19.9907694,73.7828158,·,⋅ Closes 11 pm,,4.2,471,133,mumbai naka
99,https://www.google.com/maps/place/Vitthals+Pure+Veg+Restaurant/data=!4m7!3m6!1s0x3bddeb496bde6c5b:0x14ece918686d12fa!8m2!3d20.0195957!4d73.7867888!16s%2Fg%2F11sh4zwlvm!19sChIJW2zea0nr3TsRhJtaBjp7BQ?authuser=0&hl=en&rclk=1,Vitthals Pure Veg Restaurant,255,Vegetarian,20.0195957,73.7867888,"86, 1, Makhmalabad Rd",⋅ Closes 11 pm,,4.6,73,40,amrutdham
100,"https://www.google.com/maps/place/Curry+Leaves+Pure+Veg+,+Jehan+Circle/data=!4m10!3m9!1s0x3bddeb8ee29ad63b:0xcd7c697687a72dbc!5m2!4m1!1i2!8m2!3d20.0127146!4d73.7556801!16s%2Fg%2F1hjggg4lz!19sChIJO9aa4o7r3TsRvC2nh3ZpfM0?authuser=0&hl=en&rclk=1","Curry Leaves Pure Veg , Jehan Circle",300,Indian,20.0127146,73.7556801,Mixed fare in a covered outdoor space,⋅ Closes 11 pm,,4.2,8963,124,dindori
101,"https://www.google.com/maps/place/Captain+Wings+Family+Resto+Bar,+Nashik/data=!4m7!3m6!1s0x3bddebc522159907:0xa2afcf845d442353!8m2!3d20.0098279!4d73.7557244!16s%2Fg%2F11ptvqyc86!19sChIJB5kVIsXr3TsRUyNEXYTPr6I?authuser=0&hl=en&rclk=1","Captain Wings Family Resto Bar, Nashik",255,Restaurant,20.0098279,73.7557244,"Family RestoBar, Bhosala House, Captain Wings, Circle, College Road, beside Naturals",⋅ Closes 11:30 pm,,4.1,166,138,college road
102,https://www.google.com/maps/place/Mom%27s+Kokan+Katta+Family+Restaurant/data=!4m7!3m6!1s0x3bddea0aa561c455:0xcd24dda4a47cf810!8m2!3d20.0083467!4d73.8435125!16s%2Fg%2F11c1www74m!19sChIJVcRhpQrq3TsREPh8pKTdJM0?authuser=0&hl=en&rclk=1,Mom's Kokan Katta Family Restaurant,255,Seafood,20.0083467,73.8435125,·,⋅ Closes 11 pm,,3.8,884,35,jatra
103,https://www.google.com/maps/place/Sadguru+Pure+Veg+Family+Restaurant/data=!4m7!3m6!1s0x3bddeb049ed7d5b1:0xaa67470f5c64d86c!8m2!3d20.0059434!4d73.7755533!16s%2Fg%2F11gwmh0dj8!19sChIJsdXXngTr3TsRbNhkXA9HZ6o?authuser=0&hl=en&rclk=1,Sadguru Pure Veg Family Restaurant,255,Familyfriendly,20.0059434,73.7755533,·,,,4.3,1577,149,gangapur road
104,https://www.google.com/maps/place/Chaska+Maska+Veg+Restaurant/data=!4m7!3m6!1s0x3bddeb8a40f471cb:0x6cccdc4b96d00d83!8m2!3d19.9894712!4d73.8091682!16s%2Fg%2F11k9dhvff1!19sChIJy3H0QIrr3TsRgw3QlkvczGw?authuser=0&hl=en&rclk=1,Chaska Maska Veg Restaurant,300,Vegetarian,19.9894712,73.8091682,"1 Sai Shilp Residency, Takali, link road",⋅ Closes 10:30 pm,,4,334,21,mumbai agra road
105,https://www.google.com/maps/place/nikhara+biryani+junction/data=!4m7!3m6!1s0x3bddeb2878fe7bfb:0x558533c0008c9f5a!8m2!3d20.0153821!4d73.8234812!16s%2Fg%2F11shpd_gvx!19sChIJ3veCjr3TsRWpMAMAzhVU?authuser=0&hl=en&rclk=1,nikhara biryani junction,255,Biryani,20.0153821,73.8234812,"nikhara biryani junction near nmc fire rescue station, sant savata mali nagar, amrut dham",⋅ Closes 10 pm,,4.6,25,65,gangapur road
106,https://www.google.com/maps/place/Taj+Restaurant/data=!4m7!3m6!1s0x3bddebf9beefe653:0x90053b895e8798cb!8m2!3d19.9820411!4d73.7918786!16s%2Fg%2F11nx2zbg09!19sChIJUbvvvnr3TsRy5iHXok7BZA?authuser=0&hl=en&rclk=1,Taj Restaurant,255,Restaurant,19.9820411,73.7918786,·,⋅ Closes 11 pm,,4.6,28,94,mumbai agra road
107,https://www.google.com/maps/place/Maharaja+Restaurant/data=!4m7!3m6!1s0x3bddea302ae90d83:0x9a1d75f76fea72b7!8m2!3d20.0370562!4d73.8037599!16s%2Fg%2F1hc3h8d9y!19sChIJgw3pKjDq3TsRt3Lqb_d1HZo?authuser=0&hl=en&rclk=1,Maharaja Restaurant,300,Restaurant,20.0370562,73.8037599,"1, Dindori Rd",⋅ Closes 10:55 pm,,3.7,212,75,dindori
108,https://www.google.com/maps/place/BOMBAY+Restaurant/data=!4m7!3m6!1s0x3bddeb0186b7e54b:0xc1a279d8de5b1e4!8m2!3d19.9959399!4d73.792321!16s%2Fg%2F11b6_6v5w_!19sChIJSW3hgHr3TsR5LHljZ0nGgw?authuser=0&hl=en&rclk=1,BOMBAY Restaurant,255,Restaurant,19.9959399,73.792321,"XQWR+9WG, Chowk Mandai",⋅ Closes 7 pm,,4,78,110,college road
109,https://www.google.com/maps/place/Hotel+Sahib+family+Restaurant+and+Bar/data=!4m7!3m6!1s0x3bddebacd04b3567:0xd57693ac064905cd!8m2!3d20.0096875!4d73.7944375!16s%2Fg%2F11h048n1d!19sChIJZzVL0Kzr3TsRzQVJBqyTdtU?authuser=0&hl=en&rclk=1,Hotel Sahib family Restaurant and Bar,1100,Restaurant,20.0096875,73.7944375,"2Q5V+VQ2 1st floor, Mahankale Complex",⋅ Closes 11 pm,,4.1,27,67,panchvati
110,https://www.google.com/maps/place/River+Dine+Restaurant+%26+Banquet/data=!4m7!3m6!1s0x3bddeb8cc4b6a227:0xd883a4b431adb0fa!8m2!3d20.020035!4d73.7560763!16s%2Fg%2F11b6gcy87s!19sChIJJ6K2xIzr3TsRrCtMbSkg9g?authuser=0&hl=en&rclk=1,River Dine Restaurant & Banquet,255,Fine Dining,20.020035,73.7560763,·,⋅ 11:30 am,,4,2815,96,gangapur road
111,https://www.google.com/maps/place/Open+Up+Eatery+!/data=!4m7!3m6!1s0x3bddeb49fd4d7fbd:0x3b32443fec1726d4!8m2!3d20.0084211!4d73.7712221!16s%2Fg%2F11ty66mwn8!19sChIJvX9N_Unr3TsR1CYX7D9EMjs?authuser=0&hl=en&rclk=1,Open Up Eatery !,100,Fast Food,20.0084211,73.7712221,"Shop No.8, Thakkar Retreat, Wing H, behind Hotel Vihar",⋅ Closes 9 pm,,4.7,54,145,college road
112,https://www.google.com/maps/place/Padmalaxmi+Restaurant/data=!4m7!3m6!1s0x3bddea75ff656633:0x9b47869deaf1e70c!8m2!3d20.0235687!4d73.8418338!16s%2Fg%2F11b6_fkmwp!19sChIJM2Zl_3Xq3TsRDOfx6p2GR5s?authuser=0&hl=en&rclk=1,Padmalaxmi Restaurant,75,Fast Food,20.0235687,73.8418338,"2RFR+CPG, Mumbai Agra Rd, Near Sri Ram Nagar",⋅ Closes 8 pm,,4.3,54,45,mumbai agra road
113,https://www.google.com/maps/place/Shree+Samartha+Restaurant/data=!4m7!3m6!1s0x3bddeba6a8a1ab29:0x101c9de93593efb3!8m2!3d20.0055987!4d73.7779287!16s%2Fg%2F11b6_kns0x!19sChIJKauhqKbr3TsRsTNemdHBA?authuser=0&hl=en&rclk=1,Shree Samartha Restaurant,50,Fast Food,20.0055987,73.7779287,"2Q4H+65M, Gangapur Rd",⋅ Closes 9 pm,,4.7,28,132,gangapur road
114,https://www.google.com/maps/place/NEW+BANDHAN+HOTEL/data=!4m7!3m6!1s0x3bddea6f6da98bef:0xd805182adb58c9f6!8m2!3d20.0174179!4d73.8263161!16s%2Fg%2F11g9q1wvdd!19sChIJ74upbW_q3TsR9slY2yoYBdg?authuser=0&hl=en&rclk=1,NEW BANDHAN HOTEL,300,Restaurant,20.0174179,73.8263161,"19/20, Mumbai Agra Rd",⋅ 11:30 am ⋅ Opens 11 am Sun,,3.7,52,66,amrutdham
115,https://www.google.com/maps/place/Mahavir+Mess+%26+Restaurant/data=!4m7!3m6!1s0x3bddea66a2923ccd:0xafd3f64eea595a46!8m2!3d20.0115096!4d73.8236582!16s%2Fg%2F11c5wqgkc5!19sChIJzTySombq3TsRRlpZ6k72068?authuser=0&hl=en&rclk=1,Mahavir Mess & Restaurant,255,Restaurant,20.0115096,73.8236582,2R6F+JF3,⋅ Closes 10 pm,,3.8,14,64,durga nagar
116,https://www.google.com/maps/place/Hotel+Radhika/data=!4m10!3m9!1s0x3bddeafc4e0bab87:0xbbcd7af8d4b0bcfe!5m2!4m1!1i2!8m2!3d19.994134!4d73.798196!16s%2Fg%2F1tg4jvjy!19sChIJh6sLTvzq3TsR_ryw1Ph6zbs?authuser=0&hl=en&rclk=1,Hotel Radhika,100,Restaurant,19.994134,73.798196,,⋅ Closes 11 pm,,3.7,1243,20,dwarka
117,https://www.google.com/maps/place/Hotel+Peshwa/data=!4m7!3m6!1s0x3bddea70316cb9d7:0x5f6c65891cba9c16!8m2!3d20.0187589!4d73.8310303!16s%2Fg%2F11b8_t8nn7!19sChIJ17lsMXDq3TsRFpy6HIllbF8?authuser=0&hl=en&rclk=1,Hotel Peshwa,300,Maharashtrian Restaurant,20.0187589,73.8310303,·,⋅ Closes 11 pm,,3.7,3645,68,amrutdham
118,https://www.google.com/maps/place/Hotel+Durga+%C2%A9+%7C+%E0%A4%B9%E0%A5%89%E0%A4%9F%E0%A5%87%E0%A4%B2+%E0%A4%A6%E0%A5%81%E0%A4%B0%E0%A5%8D%E0%A4%97%E0%A4%BE+%C2%A9+%7C+Fast+Food+Pure+Veg+Restaurant+%7C+Best+Cafe+in+Nashik/data=!4m7!3m6!1s0x3bddeb1f19e90a2b:0x52e215fe461ec9c!8m2!3d20.0112669!4d73.7644037!16s%2Fg%2F11stn4rjsd!19sChIJKwrpGR_r3TsRnOxh5F8hLgU?authuser=0&hl=en&rclk=1,Hotel Durga Fast Food Pure Veg Restaurant | Best Cafe in Nashik,255,Cafe,20.0112669,73.7644037,"Shop No. 1, Skyscape, Gangapur Rd, near KBT Circle",,,4.4,1066,118,gangapur road
119,https://www.google.com/maps/place/Hotel+Mazda+%26+Cafe++Best+Cafe+in+Nashik%7C+Family+Restaurant+in+Nashik%7C+Multicusion+Restaurant+in+Nashik/data=!4m10!3m9!1s0x3bddeb08675f2bb9:0xb02b47d8c6d55ea7!5m2!4m1!1i2!8m2!3d19.9979153!4d73.7817877!16s%2Fg%2F11bztzwpmh!19sChIJuStfZwjr3TsRp17VxthHK7A?authuser=0&hl=en&rclk=1,Hotel Mazda & Cafe Best Cafe in Nashik| Family Restaurant in Nashik| Multicusion Restaurant in Nashik,255,3star hotel,19.9979153,73.7817877,Casual space for classic & Chinese eats,,,4.3,471,135,college road
120,https://www.google.com/maps/place/Hotel+Prasadam/data=!4m7!3m6!1s0x3bddc1741bc5dfed:0xcc095ea9dbe3df2d!8m2!3d20.0026502!4d73.8437066!16s%2Fg%2F11j8mvbd4l!19sChIJ7d_FG3TB3TsRLd_j26leCcw?authuser=0&hl=en&rclk=1,Hotel Prasadam,300,Vegetarian,20.0026502,73.8437066,·,⋅ Closes 11 pm,,3.9,627,13,jatra
121,https://www.google.com/maps/place/Pakwan+Hotel/data=!4m7!3m6!1s0x3bddeb8f1fa00ed5:0x144eccc6def1bfe5!8m2!3d20.0122134!4d73.7552739!16s%2Fg%2F11h27m4_4_!19sChIJ1Q6gH4_r3TsR5b_x3sbMThQ?authuser=0&hl=en&rclk=1,Pakwan Hotel,255,Restaurant,20.0122134,73.7552739,·,⋅ Closes 11 pm,,3.9,587,125,gangapur road
122,https://www.google.com/maps/place/Maharaja+Kathiyawadi+Dhaba/data=!4m7!3m6!1s0x3bddc1c284d914e1:0x6b391d5a0fbdeebe!8m2!3d20.0301217!4d73.8559575!16s%2Fg%2F1vfp22g4!19sChIJ4RTZhMLB3TsRvu69D1odOWs?authuser=0&hl=en&rclk=1,Maharaja Kathiyawadi Dhaba,255,Gujarati,20.0301217,73.8559575,·,,,3.8,4307,3,adgaon
123,https://www.google.com/maps/place/Oye+Punjabi+Restaurant+and+Cafe/data=!4m7!3m6!1s0x3bddeb0b305a68a1:0x42e2bc40549e99ba!8m2!3d20.0451154!4d73.8164689!16s%2Fg%2F11pb6l2cwl!19sChIJoWhaMAvr3TsRupmeVEC84kI?authuser=0&hl=en&rclk=1,Oye Punjabi Restaurant and Cafe,255,Punjabi,20.0451154,73.8164689,"S R NO. 772 / A 2 , MHASARUL ROAD NEAR ADGAON MEDICAL COLLEGE",⋅ Closes 11 pm,,4.8,4,61,adgaon
124,https://www.google.com/maps/place/House+of+Hot+Dog/data=!4m7!3m6!1s0x3bddeb4932b7c505:0xe716b3faf4afa10!8m2!3d20.0141126!4d73.8197001!16s%2Fg%2F11t59_1jfc!19sChIJBcW3Mknr3TsREPpKrz9rcQ4?authuser=0&hl=en&rclk=1,House of Hot Dog,100,Hot Dog,20.0141126,73.8197001,·,⋅ Closes 10 pm,,4.8,26,65,amrutdham
125,https://www.google.com/maps/place/Surbhi%27s+Kitchen/data=!4m7!3m6!1s0x3bddebafb9669b31:0xe4177f34502dca04!8m2!3d19.9989097!4d73.7540082!16s%2Fg%2F11pctm64wf!19sChIJMZtmua_r3TsRBMotUDR_FQ?authuser=0&hl=en&rclk=1,Surbhi's Kitchen,255,South Indian,19.9989097,73.7540082,"Flat no 10, vishawanath plaza, near six sigma hospital",,,5,22,163,mahatma nagar
126,https://www.google.com/maps/place/Hotel+Shree+Nashik+Darbar/data=!4m7!3m6!1s0x3bddeb16490acd41:0xd47be527c2767bc1!8m2!3d20.0385655!4d73.836428!16s%2Fg%2F11t9_h4qp0!19sChIJQc0KSRbr3TsRwXt2wifle9Q?authuser=0&hl=en&rclk=1,Hotel Shree Nashik Darbar,255,Restaurant,20.0385655,73.836428,·,,,4,451,13,adgaon
127,https://www.google.com/maps/place/Vicky%27s+Missal/data=!4m7!3m6!1s0x3bddebfff5841e35:0xe3da16a583bb9d92!8m2!3d20.0171933!4d73.8264193!16s%2Fg%2F11hs22n16n!19sChIJNR6E9f_r3TsRkp27g6UW2uM?authuser=0&hl=en&rclk=1,Vicky's Missal,255,Restaurant,20.0171933,73.8264193,"2R8G+VHF Hotel Nandanvan, near Royal Baker's",⋅ Closes 2 pm,,4.8,4,66,amrutdham
128,https://www.google.com/maps/place/Hotel+Chhatrapati/data=!4m7!3m6!1s0x3bddc1fdc8eb24a9:0x18bebbfc79ef5702!8m2!3d20.0446195!4d73.8434964!16s%2Fg%2F11f0_ds77q!19sChIJqSTryP3B3TsRAlfvefy7vhg?authuser=0&hl=en&rclk=1,Hotel Chhatrapati,255,Restaurant,20.0446195,73.8434964,"2RVV+R9X, Behind Medical College",⋅ Closes 11 pm,,3.9,379,3,adgaon
129,https://www.google.com/maps/place/Lords+Punjab+Restaurants+%26+Bar/data=!4m7!3m6!1s0x3bddeafa95555555:0x9482a720d142d176!8m2!3d19.9950357!4d73.7996208!16s%2Fg%2F1ths_xvz!19sChIJVVVVlfrq3TsRdtFC0SCngpQ?authuser=0&hl=en&rclk=1,Lords Punjab Restaurants & Bar,255,Punjabi,19.9950357,73.7996208,"Shop 3/4, Sunil Tower, dwarka",⋅ Closes 10:30 pm,,3.6,22,83,dwarka
130,https://www.google.com/maps/place/Hotel+Kundan/data=!4m7!3m6!1s0x3bddc15375973c9b:0x92b889b95494f508!8m2!3d19.999105!4d73.8440744!16s%2Fg%2F11hyygbtj_!19sChIJmzyXdVPB3TsRCPWUVLmJuJI?authuser=0&hl=en&rclk=1,Hotel Kundan,300,Familyfriendly,19.999105,73.8440744,·,⋅ Closes 11:30 pm,,4,1092,11,nandur naka
131,https://www.google.com/maps/place/Udupi+tadka+High+Gardens+Pure+Veg+restaurant/data=!4m7!3m6!1s0x3bddebdc01e2fa09:0xe21978bf5449edbf!8m2!3d19.98015!4d73.8025912!16s%2Fg%2F11h2k1q8m2!19sChIJCfriAdzr3TsRv1JVL94GeI?authuser=0&hl=en&rclk=1,Udupi tadka High Gardens Pure Veg restaurant,300,South Indian,19.98015,73.8025912,·,⋅ Closes 11 pm,,4.4,1997,35,ashoka marg
132,https://www.google.com/maps/place/The+Curry+Crown+Family+Restaurant/data=!4m7!3m6!1s0x3bddeb6a226c2cd7:0xba23347ee5162dc7!8m2!3d20.0152231!4d73.8254221!16s%2Fg%2F11y781bfql!19sChIJ1yxsImrr3TsRxy0W5X40I7o?authuser=0&hl=en&rclk=1,The Curry Crown Family Restaurant,100,Restaurant,20.0152231,73.8254221,·,⋅ Closes 11 pm,,3.2,5,67,amrutdham
133,https://www.google.com/maps/place/Good+Luck+Cafe+And+Restaurant/data=!4m7!3m6!1s0x3bddeb180e793bf9:0x23a5881e4b62be14!8m2!3d20.0144786!4d73.8205228!16s%2Fg%2F11rkp02rrn!19sChIJTt5Dhjr3TsRFL5iSx6IpSM?authuser=0&hl=en&rclk=1,Good Luck Cafe And Restaurant,300,Fast Food,20.0144786,73.8205228,"Shop No.16 Sagar Garden, Old Agra Rd, near K K Wagh Clg",⋅ Closes 10 pm,,4,8,65,panchvati
134,https://www.google.com/maps/place/Cafe+spice+box/data=!4m7!3m6!1s0x3bddeba89dc31171:0xc365c43ad637b5ea!8m2!3d20.0019!4d73.7622071!16s%2Fg%2F11rxm9try3!19sChIJcRHDnajr3TsR6rU31jrEZcM?authuser=0&hl=en&rclk=1,Cafe spice box,255,Vegetarian,20.0019,73.7622071,·,⋅ Closes 10 pm,,4.7,28,142,college road
135,https://www.google.com/maps/place/Hotel+Vaibhav+Bar+And+Restaurant/data=!4m7!3m6!1s0x3bddea881665ec57:0xee8477001639ed2b!8m2!3d20.0038749!4d73.8288341!16s%2Fg%2F11b6tt_r9j!19sChIJVxlFojq3TsRK05FgB3hO4?authuser=0&hl=en&rclk=1,Hotel Vaibhav Bar And Restaurant,300,Restaurant,20.0038749,73.8288341,Plot No.1 Aurangabad Road Opposite Indu Lawns,⋅ Closes 11 pm,,3.7,86,65,panchvati
136,https://www.google.com/maps/place/Hotel+New+Punjab+Family+Restaurant+and+Bar+RTO+Corner/data=!4m7!3m6!1s0x3bddea33225dc75d:0x4610044a6cbd02d4!8m2!3d20.0342847!4d73.7955581!16s%2Fg%2F11d_2n6dbh!19sChIJXcddIjPq3TsR1AK9bEoEEEY?authuser=0&hl=en&rclk=1,Hotel New Punjab Family Restaurant and Bar RTO Corner,255,Indian,20.0342847,73.7955581,·,⋅ Closes 11:45 pm,,3.7,85,75,lekha nagar
137,https://www.google.com/maps/place/Meals+and+memories/data=!4m7!3m6!1s0x3bddebdd5585113d:0xebd4080c6d8ed479!8m2!3d20.0144266!4d73.8213236!16s%2Fg%2F11y4qvy4cr!19sChIJPRGFVd3r3TsRedSObQwI1Os?authuser=0&hl=en&rclk=1,Meals and memories,255,Restaurant,20.0144266,73.8213236,near Ap point,⋅ Closes 10 pm,,4.9,9,65,amrutdham
138,https://www.google.com/maps/place/Tales+%26+Spirits+Bistro/data=!4m7!3m6!1s0x3bddeb18be4e5de9:0x76cad730b6dc855f!8m2!3d20.0014407!4d73.7626742!16s%2Fg%2F11h03dsl54!19sChIJ6V1Ovhjr3TsRX4XctjDXynY?authuser=0&hl=en&rclk=1,Tales & Spirits Bistro,255,Modern European,20.0014407,73.7626742,·,⋅ Opens 12 pm,,4.3,3228,66,college road
139,https://www.google.com/maps/place/Sarthak+Biryani+Corner/data=!4m7!3m6!1s0x3bddebea655a304f:0x42a1c7629b1e11e9!8m2!3d20.0160276!4d73.825575!16s%2Fg%2F11fhv986k3!19sChIJTzBaZerr3TsR6REem2LHoUI?authuser=0&hl=en&rclk=1,Sarthak Biryani Corner,255,Biryani,20.0160276,73.825575,"2R8G+C68, Amrutdham",⋅ Closes 10 pm,,4.3,3,23,amrutdham
140,https://www.google.com/maps/place/Govinda+Family+restaurant/data=!4m7!3m6!1s0x3bddebfe21dcbe5b:0x68e947f4e6a43239!8m2!3d19.9925873!4d73.808962!16s%2Fg%2F11l6wg_c6d!19sChIJW77cIf7r3TsROTKk5vRH6Wg?authuser=0&hl=en&rclk=1,Govinda Family restaurant,255,Restaurant,19.9925873,73.808962,"Maleka Appartment, Jejurkar Ln",,,4.7,3,131,dwarka
141,https://www.google.com/maps/place/Tandoor+Chicken+Thali+II+%E0%A4%A4%E0%A4%82%E0%A4%A6%E0%A5%82%E0%A4%B0+%E0%A4%9A%E0%A4%BF%E0%A4%95%E0%A4%A8+%E0%A4%A5%E0%A4%BE%E0%A4%B2%E0%A5%80+II/data=!4m7!3m6!1s0x3bddeb0fb8329881:0x5c1682e9d804dc05!8m2!3d20.000225!4d73.7818324!16s%2Fg%2F11rhyyj6z_!19sChIJgZgyuA_r3TsRBdwE2OmCFlw?authuser=0&hl=en&rclk=1,Tandoor Chicken Thali ,255,Takeout restaurant,20.000225,73.7818324,·,,,4.9,45,120,cbs
142,https://www.google.com/maps/place/Mantra+Fine+Dine+Restaurant+%26+Bar/data=!4m7!3m6!1s0x3bddeb42453006cd:0xc7262690204565ad!8m2!3d20.0109165!4d73.760717!16s%2Fg%2F11gh82x25c!19sChIJzQYwRULr3TsRrWVFIJAmJsc?authuser=0&hl=en&rclk=1,Mantra Fine Dine Restaurant & Bar,255,Fine Dining,20.0109165,73.760717,"3rd Floor, Bosco Center, Prasad Cir",⋅ 11:30 am,,4,1742,4,gangapur road
143,https://www.google.com/maps/place/Hotel+Spicy+Aroma+Cafe%2FMisal%2Ftandur+%2F+kabab/data=!4m7!3m6!1s0x3bddc108c518abdb:0x6f15dec055a3a19b!8m2!3d20.0424356!4d73.8492652!16s%2Fg%2F11ts013d6w!19sChIJ26sYxQjB3TsRm6GjVcDeFW8?authuser=0&hl=en&rclk=1,Hotel Spicy Aroma Cafe/Misal/tandur / kabab,100,Familyfriendly,20.0424356,73.8492652,Deshmukh Vasti,⋅ Closes 10 pm,,4.8,25,153,adgaon
144,https://www.google.com/maps/place/Lazeez+by+Enter+The+Dragon/data=!4m7!3m6!1s0x3bddeb0fecec9865:0x5a10d63909c570b3!8m2!3d20.0055079!4d73.7653345!16s%2Fg%2F11h6r9f4mk!19sChIJZZjs7A_r3TsRs3DFCTnWEFo?authuser=0&hl=en&rclk=1,Lazeez by Enter The Dragon,255,Chinese,20.0055079,73.7653345,"3rd floor, abovr peter england, Archit Arcade, College Road",⋅ Closes 12 am,,3.7,63,65,college road
145,https://www.google.com/maps/place/Banjo%27s+The+Food+Chain++KKW+Engg+%7C+Best+fast+food+in+nashik+%7C+Pizza+%7C+Burger+%7C+Sandwich+%7C+Momos+%7CCold+Coffee/data=!4m7!3m6!1s0x3bddeb8740209a6b:0xcada44b2ed441d0b!8m2!3d20.0140375!4d73.8191153!16s%2Fg%2F11h0mjn9ny!19sChIJa5ogQIfr3TsRCx1E7bJE2so?authuser=0&hl=en&rclk=1,Banjo's The Food Chain KKW Engg | Best fast food in nashik | Pizza | Burger | Sandwich | Momos |Cold Coffee,100,Cafe,20.0140375,73.8191153,"Shop No 1, 283/5, near K.K.Wagh Engineering College",⋅ Closes 10 pm,,4,236,11,amrutdham
146,https://www.google.com/maps/place/Best+restaurant+Hotel+Dosti+katta/data=!4m7!3m6!1s0x3bddeb00432ecaa7:0x715dbe134e8576a1!8m2!3d20.0390776!4d73.8351014!16s%2Fg%2F11vsgnm6bs!19sChIJp8ouQwDr3TsRoXaFThOXXE?authuser=0&hl=en&rclk=1,Best restaurant Hotel Dosti katta,255,Restaurant,20.0390776,73.8351014,2RQP+J2Q,,,5,1,2,adgaon
147,https://www.google.com/maps/place/K+T+S+Family+Bar+%26+Restaurant/data=!4m7!3m6!1s0x3bddeb204d67d617:0xbba4f7696f12d8a!8m2!3d19.980219!4d73.8279389!16s%2Fg%2F11y64y9ff_!19sChIJF9ZnTSDr3TsRii3xlnZPugs?authuser=0&hl=en&rclk=1,K T S Family Bar & Restaurant,255,Restaurant,19.980219,73.8279389,·,⋅ Closes 11 pm,,4.3,49,11,jail road
148,https://www.google.com/maps/place/Nandan+Thali+Restaurant/data=!4m7!3m6!1s0x3bddc17cad1269ef:0xd7c242977cde7da0!8m2!3d19.9975329!4d73.8441101!16s%2Fg%2F11sx4m8vfy!19sChIJ72kSrXzB3TsRoH3efJdCwtc?authuser=0&hl=en&rclk=1,Nandan Thali Restaurant,300,Indian,19.9975329,73.8441101,·,⋅ 11:30 am,,4.2,579,28,nandur naka
149,https://www.google.com/maps/place/Baati+Chokha+%7C+%E0%A4%9A%E0%A5%8B%E0%A4%96%E0%A4%BE+%E0%A4%AC%E0%A4%BE%E0%A4%9F%E0%A5%80+Restaurant/data=!4m7!3m6!1s0x3bddc115fe45fce3:0x8416309b072f5e97!8m2!3d20.020926!4d73.8468491!16s%2Fg%2F11vx9fs9yb!19sChIJ4_xF_hXB3TsRl14vB5swFoQ?authuser=0&hl=en&rclk=1,Baati Chokha | चोखा बाटी Restaurant,255,Fast Food,20.020926,73.8468491,"Sri Ram Nagar, Konark Nagar, Nashik, Maharashtra 422006",⋅ Closes 10:30 pm,,5,4,68,amrutdham
150,https://www.google.com/maps/place/Dominos/data=!4m7!3m6!1s0x3bddeb0076779055:0x76b2d0ab08413971!8m2!3d20.0189537!4d73.8314117!16s%2Fg%2F11y7cyx749!19sChIJVZB3dgDr3TsRcTlBCKvQsnY?authuser=0&hl=en&rclk=1,Dominos,255,Pizza,20.0189537,73.8314117,,,,3,45,66,college road
151,https://www.google.com/maps/place/Dattu+Bhurjiwala/data=!4m7!3m6!1s0x3bddea65f5eee80f:0x94e40649d9ba9aed!8m2!3d20.0158077!4d73.8255951!16s%2Fg%2F124yczqmv!19sChIJDju9WXq3TsR7Zq62UkG5JQ?authuser=0&hl=en&rclk=1,Dattu Bhurjiwala,255,Breakfast,20.0158077,73.8255951,2R8G+86H,⋅ Opens 5:30 pm,,4,37,66,panchvati
152,https://www.google.com/maps/place/Spruvi+Chatakdar+Pavbhaji/data=!4m7!3m6!1s0x3bddebff56cea55f:0xf2c89f9949e1d266!8m2!3d20.016987!4d73.8250183!16s%2Fg%2F11trcf7lrx!19sChIJX6XOVv_r3TsRZtLhSZmfyPI?authuser=0&hl=en&rclk=1,Spruvi Chatakdar Pavbhaji,255,Restaurant,20.016987,73.8250183,"Chowk, near Amrutdham",,,5,3,99,shalimar
153,https://www.google.com/maps/place/Shaandar+Pure+Veg+restaurant/data=!4m7!3m6!1s0x3bddebabd76beea9:0xc0c219aba8c8acc6!8m2!3d20.0046941!4d73.7892358!16s%2Fg%2F11bzp_sqz8!19sChIJqe5r16vr3TsRxqzIqKsZwsA?authuser=0&hl=en&rclk=1,Shaandar Pure Veg restaurant,255,Vegetarian,20.0046941,73.7892358,2Q3Q+VMH,⋅ Closes 11 pm,,3.5,24,42,gangapur road
154,https://www.google.com/maps/place/Crossroads/data=!4m7!3m6!1s0x3bddebbae2b95e8f:0xbc2ad031bc7f337c!8m2!3d19.9847903!4d73.8022655!16s%2Fg%2F11f79s95xm!19sChIJj1654rrr3TsRfDN_vDHQKrw?authuser=0&hl=en&rclk=1,Crossroads,300,Restaurant,19.9847903,73.8022655,"XRM2+WW6, Opp Nasik Club, Pune Rd",⋅ Opens 12 pm,,4,235,66,college road
155,https://www.google.com/maps/place/Maharaja+Sandwich+and+Burger/data=!4m7!3m6!1s0x3bddeb9a1eb40a6b:0x5a16c33e9d6fc8f9!8m2!3d20.0139565!4d73.8254815!16s%2Fg%2F11pck_6qjg!19sChIJawq0Hprr3TsRchvnT7DFlo?authuser=0&hl=en&rclk=1,Maharaja Sandwich and Burger,255,Sandwich,20.0139565,73.8254815,"2R7G+H5Q, Amrutdham Rd",⋅ Closes 10 pm,,4.3,4,67,dwarka
156,https://www.google.com/maps/place/Mauli+Vadapav+%26+Cafe/data=!4m7!3m6!1s0x3bddebdb67477f7b:0xa785c98bc00250f5!8m2!3d20.0108803!4d73.8257069!16s%2Fg%2F11w3cnt7pn!19sChIJe39HZ9vr3TsR9VACwIvJhac?authuser=0&hl=en&rclk=1,Mauli Vadapav & Cafe,255,Cafe,20.0108803,73.8257069,"28, Bidi, Amrutdham Rd",⋅ Closes 10 pm,,4.9,14,18,nashik railway station
157,https://www.google.com/maps/place/Hotel+Sugaran/data=!4m7!3m6!1s0x3bddc02ac16a59e5:0x23b9da18b1c7d44d!8m2!3d20.0053654!4d73.8438392!16s%2Fg%2F11b6_mc7nq!19sChIJ5VlqwSrA3TsRTdTHsRjauSM?authuser=0&hl=en&rclk=1,Hotel Sugaran,255,Non Vegetarian Restaurant,20.0053654,73.8438392,"2R4V+4GW, Nandur Naka Rd, Near Bapuji",⋅ Closes 11 pm,,3.6,19,147,satpur
158,"https://www.google.com/maps/place/Grace+and+Grain+Family+Restaurant,+Nashik/data=!4m7!3m6!1s0x3bddeb782a5d1b0b:0xe3d7cf40ebe93a97!8m2!3d20.0020459!4d73.7545971!16s%2Fg%2F11q4dnrnhs!19sChIJCxtdKnjr3TsRlzrp60DP1M?authuser=0&hl=en&rclk=1","Grace and Grain Family Restaurant, Nashik",255,Restaurant,20.0020459,73.7545971,"204, United Avenue's, near Old Idea Showroom",⋅ Closes 12 am,,3.8,5,64,sharanpur road
159,https://www.google.com/maps/place/Rayate+Misal+point/data=!4m7!3m6!1s0x3bddebb3dedb4d71:0x2a0e21b49fa998ae!8m2!3d20.0189986!4d73.8301775!16s%2Fg%2F11l1f7frx3!19sChIJcU3b3rPr3TsRrpipn7QhDio?authuser=0&hl=en&rclk=1,Rayate Misal point,255,Vegetarian,20.0189986,73.8301775,Sham Apartment,,,3.7,3,99,meri colony
160,https://www.google.com/maps/place/The+Eatery/data=!4m7!3m6!1s0x3bddebb05e166ed3:0xbf724476c427df22!8m2!3d20.019436!4d73.7568077!16s%2Fg%2F11ghn4yt0n!19sChIJ024WXrDr3TsRIt8nxHZEcr8?authuser=0&hl=en&rclk=1,The Eatery,255,Biryani,20.019436,73.7568077,·,⋅ Closes 11 pm,,4.1,31,65,pathardi phata
161,https://www.google.com/maps/place/Tulja+Bhavani+Khanaval/data=!4m7!3m6!1s0x3bddebbddbaf72bf:0xe1a22cbbab369206!8m2!3d20.0162701!4d73.8239852!16s%2Fg%2F11q9fvnwxw!19sChIJv3Kv273r3TsRBpI2q7ssouE?authuser=0&hl=en&rclk=1,Tulja Bhavani Khanaval,255,Restaurant,20.0162701,73.8239852,Mumbai Agra Rd,,,4.3,3,78,cidco
162,https://www.google.com/maps/place/Aarnav+Restaurant/data=!4m7!3m6!1s0x3bddeb14227e7f89:0x539c7107b2d7b530!8m2!3d20.0242584!4d73.8095298!16s%2Fg%2F11s5ft3qs0!19sChIJiX9IhTr3TsRMLXXsgdxnFM?authuser=0&hl=en&rclk=1,Aarnav Restaurant,255,Fast Food,20.0242584,73.8095298,"Shop no 3, sk pride",⋅ Closes 10 pm,,3.5,4,66,panchvati
163,https://www.google.com/maps/place/The+Golden+Chinese+Bistro/data=!4m7!3m6!1s0x3bddebef09ed402b:0xcb477ea301a185fe!8m2!3d20.0185844!4d73.8237344!16s%2Fg%2F11whdnl5bx!19sChIJK0DtCe_r3TsR_oWhAaNR8s?authuser=0&hl=en&rclk=1,The Golden Chinese Bistro,255,Chinese,20.0185844,73.8237344,"Shop no 4, Akash image building, Tarwala nagar, near varad Ganesh mandir",⋅ Opens 12 pm,,5,1,67,college road
164,https://www.google.com/maps/place/Swadsadan+Family+Restaurant/data=!4m7!3m6!1s0x3bddeb9745c71c29:0xe94514c56d5ce80!8m2!3d20.0152634!4d73.8253844!16s%2Fg%2F11q1jv8ptq!19sChIJKRzHRZfr3TsRgM7VVkxRlA4?authuser=0&hl=en&rclk=1,Swadsadan Family Restaurant,255,Familyfriendly,20.0152634,73.8253844,"2R8G+452, Amrutdham Rd",,,4.1,524,66,satpur
165,https://www.google.com/maps/place/Om+Sainath+Nonveg+Point/data=!4m7!3m6!1s0x3bddebb455374227:0x5f79b025c37cce99!8m2!3d20.017228!4d73.8251377!16s%2Fg%2F11trcdcn3g!19sChIJJ0I3VbTr3TsRmc58wyWweV8?authuser=0&hl=en&rclk=1,Om Sainath Nonveg Point,255,Restaurant,20.017228,73.8251377,"Aamruthdham Near, Chowk, near Amruth Dham",,,3,2,66,ambad
166,https://www.google.com/maps/place/Hotel+Nandanvan/data=!4m7!3m6!1s0x3bddea6f6e180783:0x508ae1c3bfd0cf66!8m2!3d20.017186!4d73.8264231!16s%2Fg%2F11b6syl4zz!19sChIJgwcYbm_q3TsRZs_Qv8PhilA?authuser=0&hl=en&rclk=1,Hotel Nandanvan,100,Breakfast,20.017186,73.8264231,·,⋅ Closes 10 pm,,4.3,23,78,upnagar
167,https://www.google.com/maps/place/Shree+Krishna+Restaurant/data=!4m7!3m6!1s0x3bddeb003a4373e5:0x7c738dfae6f53ba5!8m2!3d20.0390056!4d73.8044277!16s%2Fg%2F11lysrkkxg!19sChIJ5XNDOgDr3TsRpTv15vqNc3w?authuser=0&hl=en&rclk=1,Shree Krishna Restaurant,255,Asian,20.0390056,73.8044277,"2RQ3+JQ3, Dindori Road, Nashik Road",⋅ Closes 11 pm,,5,136,42,indira nagar
168,https://www.google.co.in/maps/place/HOTEL+BHOLE+PUNJAB+DHABA+PURE+VEG+FAMILY+RESTAURANT/data=!4m7!3m6!1s0x3bddc52ad6f0bedb:0xd35ed6f970576791!8m2!3d20.157752!4d73.9857291!16s%2Fg%2F11cmxxk6pf!19sChIJ277w1irF3TsRkWdXcPnWXtM?authuser=0&hl=en&rclk=1,HOTEL BHOLE PUNJAB DHABA PURE VEG FAMILY RESTAURANT,300,Punjabi,20.157752,73.9857291,·,Open,,4.1,1286,5,gangapur road
169,https://www.google.co.in/maps/place/HOTEL+MAKHANLAL+PURE+VEG+FAMILY+RESTAURANT+BHAU+KA+DHABA/data=!4m7!3m6!1s0x3bdddb30910756fb:0x6cc59dbbe5a0081a!8m2!3d20.1647322!4d74.0189131!16s%2Fg%2F11rvlpcycs!19sChIJ1YHkTDb3TsRGgig5budxWw?authuser=0&hl=en&rclk=1,HOTEL MAKHANLAL PURE VEG FAMILY RESTAURANT BHAU KA DHABA,300,Familyfriendly,20.1647322,74.0189131,·,Open,,4.4,598,15,dwarka
170,https://www.google.co.in/maps/place/Curry+Leaves+Pure+Veg+Pimpalgaon+Restaurant+%26+Banquet+Party+Hall+%E0%A4%95%E0%A4%B0%E0%A5%80+%E0%A4%B2%E0%A4%BF%E0%A4%B5%E0%A5%8D%E0%A4%B9%E0%A4%B8+%E0%A4%AA%E0%A4%BF%E0%A4%82%E0%A4%AA%E0%A4%B3%E0%A4%97%E0%A4%BE%E0%A4%B5/data=!4m7!3m6!1s0x3bddda9027474e09:0x8d2dc10b49e7865f!8m2!3d20.1956509!4d74.016427!16s%2Fg%2F11c2nb17p_!19sChIJCU5HJ5Da3TsRX4bnSQvBLY0?authuser=0&hl=en&rclk=1,Curry Leaves Pure Veg Pimpalgaon Restaurant & Banquet Party Hall करी लिव्हस पिंपळगाव,300,Indian,20.1956509,74.016427,·,Open,,3.8,1581,19,pimpalgaon baswant
171,https://www.google.co.in/maps/place/HareKrishna+Family+Restaurant/data=!4m7!3m6!1s0x3bdddbb457d1829f:0x357dd6281655800b!8m2!3d20.1881167!4d74.0043946!16s%2Fg%2F11vjtzc708!19sChIJn4LRV7Tb3TsRC4BVFijWfTU?authuser=0&hl=en&rclk=1,HareKrishna Family Restaurant,255,Restaurant,20.1881167,74.0043946,·,Open,,4.1,109,41,pimpalgaon baswant
172,https://www.google.co.in/maps/place/New+Shahi+Darbar+veg+%2F+nonveg+restaurant/data=!4m7!3m6!1s0x3bdddad90eb92767:0x7c6d88f096819e1b!8m2!3d20.1732759!4d73.9869326!16s%2Fg%2F11cn93vzxl!19sChIJZye5Dtna3TsRG56BlvCIbXw?authuser=0&hl=en&rclk=1,New Shahi Darbar veg / nonveg restaurant,200,Indian,20.1732759,73.9869326,·,Open,,3.8,419,20,nashik railway station
173,https://www.google.co.in/maps/place/Kashibhoj+Family+Restaurant+THALI/data=!4m7!3m6!1s0x3bdddad9b7d6a5dd:0x2649383a1b4fd394!8m2!3d20.190233!4d74.0061673!16s%2Fg%2F11c0xp6gyl!19sChIJ3aXWt9na3TsRlNNPGzo4SSY?authuser=0&hl=en&rclk=1,Kashibhoj Family Restaurant THALI,300,Gujarati,20.190233,74.0061673,·,Open,,4.1,840,8,shalimar
174,https://www.google.co.in/maps/place/Ramaniya+Hotel/data=!4m7!3m6!1s0x3bddc300217dcd7b:0x4dfcc10891964b5b!8m2!3d20.1482253!4d73.8877663!16s%2Fg%2F11y89g282q!19sChIJe819IQDD3TsRW0uWkQjB_E0?authuser=0&hl=en&rclk=1,Ramaniya Hotel,255,Indian,20.1482253,73.8877663,·,,,4.8,71,4,panchvati
175,https://www.google.co.in/maps/place/HOTEL+CHETAN+FAMILY+GARDEN+RESTAURANT/data=!4m7!3m6!1s0x3bddd07e2fbefb83:0xb0aa1e57400679c6!8m2!3d20.2083094!4d74.0334829!16s%2Fg%2F11cn93b3g1!19sChIJg_uL37Q3TsRxnkGQFceqrA?authuser=0&hl=en&rclk=1,HOTEL CHETAN FAMILY GARDEN RESTAURANT,300,Restaurant,20.2083094,74.0334829,·,Open,,4.1,258,0,satpur
176,https://www.google.co.in/maps/place/Hotel+Shivansh+Pure+Veg/data=!4m7!3m6!1s0x3bdddbea5ef20657:0xe365786c197fc548!8m2!3d20.2015005!4d73.9599391!16s%2Fg%2F11khvt6dcm!19sChIJVwbyXurb3TsRSMV_GWx4ZeM?authuser=0&hl=en&rclk=1,Hotel Shivansh Pure Veg,300,Indian,20.2015005,73.9599391,·,Open now,,4.6,97,42,satana naka
177,https://www.google.co.in/maps/place/Patil+wada/data=!4m7!3m6!1s0x3bdddb63c7dcedf5:0x37d858c699e3d6c3!8m2!3d20.1739339!4d73.9847925!16s%2Fg%2F11txrpxcq_!19sChIJ9e3cx2Pb3TsRw9bjmcZY2Dc?authuser=0&hl=en&rclk=1,Patil wada,300,Familyfriendly,20.1739339,73.9847925,·,,,4.3,27,24,deolali
178,https://www.google.co.in/maps/place/Shree+Gurudatta+Misal+Katta/data=!4m7!3m6!1s0x3bdddb8d021af381:0xef99abb1080f93d5!8m2!3d20.1855105!4d73.9994929!16s%2Fg%2F11q953kxl3!19sChIJgfMaAo3b3TsR1ZMPCLGrme8?authuser=0&hl=en&rclk=1,Shree Gurudatta Misal Katta,100,Familyfriendly,20.1855105,73.9994929,·,Open,,4.3,210,42,pimpalgaon baswant
179,https://www.google.co.in/maps/place/Dream+Cafe/data=!4m7!3m6!1s0x3bdddb8a69ffa20d:0x85ea5a7c803628d4!8m2!3d20.1647318!4d73.9873916!16s%2Fg%2F11fs19qtcv!19sChIJDaL_aYrb3TsR1Cg2gHxa6oU?authuser=0&hl=en&rclk=1,Dream Cafe,255,Restaurant,20.1647318,73.9873916,·,Open,,4.7,13,25,mahatma nagar
180,https://www.google.co.in/maps/place/Hotel+Baithak+Permit+Room+And+Beer+Bar/data=!4m7!3m6!1s0x3bdddae9a092787d:0xb11b026200bfe317!8m2!3d20.1856946!4d73.9990481!16s%2Fg%2F11b7hqqx3_!19sChIJfXiSoOna3TsRFO_AGICG7E?authuser=0&hl=en&rclk=1,Hotel Baithak Permit Room And Beer Bar,255,Non Vegetarian Restaurant,20.1856946,73.9990481,·,Open,,3.9,109,15,gangapur road
181,https://www.google.co.in/maps/place/Hotel+Shiv+Aradhana+Chulivarchi+Misal+%26+Pure+Veg+Restaurant/data=!4m7!3m6!1s0x3bdddb6a994d8681:0x47db9e332a75a1b!8m2!3d20.1957202!4d74.0161986!16s%2Fg%2F11s0py_d4h!19sChIJgYZNmWrb3TsRG1qnMuO5fQQ?authuser=0&hl=en&rclk=1,Hotel Shiv Aradhana Chulivarchi Misal & Pure Veg Restaurant,100,Vegetarian,20.1957202,74.0161986,·,Open,,3.7,284,41,college road
182,https://www.google.co.in/maps/place/Hotel+Pragati/data=!4m7!3m6!1s0x3bdddada964d564b:0xf3cd3b6696c9926f!8m2!3d20.1714154!4d73.9931509!16s%2Fg%2F11cmx5pmhk!19sChIJS1ZNltra3TsRb5LJlmY7zfM?authuser=0&hl=en&rclk=1,Hotel Pragati,100,Restaurant,20.1714154,73.9931509,·,Open,,3.9,531,5,shalimar
183,https://www.google.co.in/maps/place/Hotel+baliraja+pure+veg+restaurant/data=!4m7!3m6!1s0x3bdddb004bd76b0f:0x3caaa132d4db6bbe!8m2!3d20.1654543!4d74.0175803!16s%2Fg%2F11vyf0sfbr!19sChIJD2vXSwDb3TsRvmvb1DKhqjw?authuser=0&hl=en&rclk=1,Hotel baliraja pure veg restaurant,255,Vegetarian,20.1654543,74.0175803,·,,,4.8,69,41,pimpalgaon baswant
184,https://www.google.co.in/maps/place/Pudhari+vadevale/data=!4m7!3m6!1s0x3bdddb53f7ea7fe7:0x170f44386a29a49!8m2!3d20.1730694!4d73.9847999!16s%2Fg%2F11rmwd0mz0!19sChIJ53_q91Pb3TsRSZqihkP0cAE?authuser=0&hl=en&rclk=1,Pudhari vadevale,255,Fast Food,20.1730694,73.9847999,·,Open,,4.5,28,43,satpur
185,https://www.google.co.in/maps/place/Jatra+Chinese+Family+Restaurant/data=!4m7!3m6!1s0x3bdddad6b9731293:0x3970869ecde1b406!8m2!3d20.1654011!4d73.9879323!16s%2Fg%2F11f15d3t1z!19sChIJkxJzudba3TsRBrThzZ6GcDk?authuser=0&hl=en&rclk=1,Jatra Chinese Family Restaurant,255,Chinese,20.1654011,73.9879323,·,Open,,4,7,41,satana naka
186,https://www.google.co.in/maps/place/Hotel+Bhagawati+Family+Restaurant/data=!4m7!3m6!1s0x3bdddb8fcace535b:0x10399fe6bcb2ca41!8m2!3d20.1744946!4d73.9840345!16s%2Fg%2F11rnk64d_k!19sChIJW1POyo_b3TsRQcqyvOafORA?authuser=0&hl=en&rclk=1,Hotel Bhagawati Family Restaurant,255,Familyfriendly,20.1744946,73.9840345,·,Open,,4.1,8,0,panchvati
188,https://www.google.co.in/maps/place/Indrapal+Vadapav+Centre/data=!4m7!3m6!1s0x3bdddad9091f9df9:0x13342d5eef19b20c!8m2!3d20.1730939!4d73.9869592!16s%2Fg%2F11dzts9ttw!19sChIJZ0fCdna3TsRDLIZ714tNBM?authuser=0&hl=en&rclk=1,Indrapal Vadapav Centre,255,Restaurant,20.1730939,73.9869592,,Open,,4.4,15,12,shalimar
189,https://www.google.co.in/maps/place/HOTEL+SAHEB/data=!4m7!3m6!1s0x3bdddbb87a1eadb5:0x80569c75e1f10624!8m2!3d20.2036788!4d74.0257002!16s%2Fg%2F11sd9dc3dx!19sChIJta0eerjb3TsRJAbx4XWcVoA?authuser=0&hl=en&rclk=1,HOTEL SAHEB,255,Restaurant,20.2036788,74.0257002,·,Open,,4.8,17,38,gangapur road
190,https://www.google.co.in/maps/place/Royal+relax/data=!4m7!3m6!1s0x3bdddb94e684f31d:0xeac76ce410df4fd3!8m2!3d20.1826864!4d73.9916432!16s%2Fg%2F11qh7qrblz!19sChIJHfOE5pTb3TsR00_fEORsxo?authuser=0&hl=en&rclk=1,Royal relax,255,Indian,20.1826864,73.9916432,·,,,4.5,4,15,satpur
192,https://www.google.co.in/maps/place/Sainath+Center+Pav+Vada/data=!4m7!3m6!1s0x3bdddbb631084f07:0x54d9f9b9a71a670c!8m2!3d20.1821644!4d73.9925084!16s%2Fg%2F11ght17wff!19sChIJB08IMbbb3TsRDGcap7n52VQ?authuser=0&hl=en&rclk=1,Sainath Center Pav Vada,100,Restaurant,20.1821644,73.9925084,·,Open,,4,305,19,dwarka
193,https://www.google.co.in/maps/place/HOTEL+CHETAN+PARADISE/data=!4m7!3m6!1s0x3bdddaeb8e625ba1:0x1e0900d0f22ffa1f!8m2!3d20.1881579!4d74.0034936!16s%2Fg%2F11bwncnwsx!19sChIJoVtijuva3TsRH_ov8tAACR4?authuser=0&hl=en&rclk=1,HOTEL CHETAN PARADISE,255,Restaurant,20.1881579,74.0034936,·,Open,,3.9,386,29,college road
194,https://www.google.co.in/maps/place/Siddhivinayak+Hotel+%26+Banquets/data=!4m10!3m9!1s0x3bdddb8e1d084f5b:0x65a0ba9055fe675c!5m2!4m1!1i2!8m2!3d20.1595756!4d73.9739152!16s%2Fg%2F11t9lfnd6s!19sChIJW08IHY7b3TsRXGfVZC6oGU?authuser=0&hl=en&rclk=1,Siddhivinayak Hotel & Banquets,255,Restaurant,20.1595756,73.9739152,,,,4.7,40,8,cidco
195,https://www.google.co.in/maps/place/Shubhankar+Restuararant+And+Bar/data=!4m7!3m6!1s0x3bddc32708853fdd:0xceaa78658b955577!8m2!3d20.1347546!4d73.891115!16s%2Fg%2F11f2xmxh61!19sChIJ3TFCCfD3TsRd1WVi2V4qs4?authuser=0&hl=en&rclk=1,Shubhankar Restuararant And Bar,300,Restaurant,20.1347546,73.891115,·,Open,,3.7,105,15,upnagar
196,https://www.google.co.in/maps/place/HOTEL+Chowrang+NONVEG+MUTTON+BHAKRI/data=!4m7!3m6!1s0x3bdddb3b1e555fe9:0x6c97350cea3f2c1b!8m2!3d20.1959966!4d74.0167208!16s%2Fg%2F11l6zd7jkv!19sChIJ6V9VHjvb3TsRGyw_6gw1l2w?authuser=0&hl=en&rclk=1,HOTEL Chowrang NONVEG MUTTON BHAKRI,300,Non Vegetarian Restaurant,20.1959966,74.0167208,·,,,4.5,17,41,indira nagar
197,https://www.google.co.in/maps/place/Zatka+misal+pimpalgaon/data=!4m7!3m6!1s0x3bdddb7b2fa65939:0x64cf34369779fe47!8m2!3d20.1699647!4d73.9933859!16s%2Fg%2F11qbs5jds5!19sChIJOVmmL3vb3TsRR_55lzY0z2Q?authuser=0&hl=en&rclk=1,Zatka misal pimpalgaon,100,Restaurant,20.1699647,73.9933859,·,Open,,4.1,44,43,pimpalgaon baswant
198,https://www.google.co.in/maps/place/Samarth+Pav+Bhaji/data=!4m7!3m6!1s0x3bdddb14fbb629d7:0xc9efb0efd364146!8m2!3d20.1655553!4d73.9886096!16s%2Fg%2F11sgvymwy4!19sChIJ1ym2xTb3TsRRkE2_Q77ngw?authuser=0&hl=en&rclk=1,Samarth Pav Bhaji,255,Restaurant,20.1655553,73.9886096,·,,,5,1,16,panchvati
199,https://www.google.co.in/maps/place/Makhanchor+Dhaba/data=!4m7!3m6!1s0x3bddda923da5f0d1:0xc68f65cd20bfc5ed!8m2!3d20.1937658!4d74.0114406!16s%2Fg%2F11c1q3w_dq!19sChIJ0fClPZLa3TsR7cW_IM1lj8Y?authuser=0&hl=en&rclk=1,Makhanchor Dhaba,300,Dhaba,20.1937658,74.0114406,,Open,,3.8,655,0,trimbakeshwar
200,https://www.google.co.in/maps/place/New+Himalaya+Hotel/data=!4m7!3m6!1s0x3bdddb33cbb5545b:0xd0b6d59d8dde403a!8m2!3d20.1878231!4d73.9395172!16s%2Fg%2F11fk8dlm5y!19sChIJW1S1yzPb3TsROkDejZ3VttA?authuser=0&hl=en&rclk=1,New Himalaya Hotel,255,Restaurant,20.1878231,73.9395172,·,Open,,4.3,11,16,college road
201,https://www.google.co.in/maps/place/Hotel+Rangat+Garden/data=!4m7!3m6!1s0x3bddda8fe0d56063:0x91894f395f2cc4e6!8m2!3d20.196723!4d74.0175622!16s%2Fg%2F11clyt62gq!19sChIJY2DV4I_a3TsR5sQsXzlPiZE?authuser=0&hl=en&rclk=1,Hotel Rangat Garden,300,Restaurant,20.196723,74.0175622,·,Open,,3.8,268,6,meri colony
202,https://www.google.co.in/maps/place/Hotel+Sandeep+Dream%27s/data=!4m7!3m6!1s0x3bddcf726b8ef14b:0xa7227c1c27c231a5!8m2!3d20.1614316!4d74.0326899!16s%2Fg%2F11tn48v2g6!19sChIJS_GOa3LP3TsRpTHCJxx8Iqc?authuser=0&hl=en&rclk=1,Hotel Sandeep Dream's,255,Restaurant,20.1614316,74.0326899,·,,,4.3,12,39,indira nagar
203,https://www.google.co.in/maps/place/Priya+Restaurant/data=!4m7!3m6!1s0x3bdddad058af1691:0xd31fdac0cf14f094!8m2!3d20.1685945!4d73.9919492!16s%2Fg%2F11btn1819b!19sChIJkRavWNDa3TsRlPAUz8DaH9M?authuser=0&hl=en&rclk=1,Priya Restaurant,255,Fast Food,20.1685945,73.9919492,,Closed,,3.9,19,33,satpur
204,https://www.google.co.in/maps/place/Ambika+Hotel/data=!4m7!3m6!1s0x3bdddb0009ff647d:0xfa8b411eda96b41d!8m2!3d20.1847694!4d73.9927509!16s%2Fg%2F11w_t5bxff!19sChIJfWT_CQDb3TsRHbSW2h5Bi_o?authuser=0&hl=en&rclk=1,Ambika Hotel,255,Indian,20.1847694,73.9927509,·,,,5,2,41,nashik road
205,https://www.google.co.in/maps/place/Bhagwati+Hotel+%28Special+Misal%29/data=!4m7!3m6!1s0x3bdddbe4c5ffced3:0x53fd89913f75366f!8m2!3d20.1715313!4d73.9931958!16s%2Fg%2F11glj93fmb!19sChIJ087_xeTb3TsRbzZ1P5GJ_VM?authuser=0&hl=en&rclk=1,Bhagwati Hotel (Special Misal),255,Restaurant,20.1715313,73.9931958,·,Open,,4.8,6,41,pathardi phata
206,https://www.google.co.in/maps/place/Baswant+Bhojanalay/data=!4m7!3m6!1s0x3bdddb128836457d:0x6a3117ea667e597!8m2!3d20.1739089!4d73.9860768!16s%2Fg%2F11fp7tc35_!19sChIJfUU2iBLb3TsRlVnpn4RowY?authuser=0&hl=en&rclk=1,Baswant Bhojanalay,255,Restaurant,20.1739089,73.9860768,·,,,3.9,8,21,pimpalgaon baswant
207,https://www.google.co.in/maps/place/Vaijayanta+Bhelbhatta+And+Nashta+Point/data=!4m7!3m6!1s0x3bddc55d0cd8b761:0x7815cf71ce293f50!8m2!3d20.1506455!4d73.9822226!16s%2Fg%2F11pz2ttxjb!19sChIJYbfYDF3F3TsRUD8pznHPFXg?authuser=0&hl=en&rclk=1,Vaijayanta Bhelbhatta And Nashta Point,255,Fast Food,20.1506455,73.9822226,·,,,5,1,41,dwarka
208,https://www.google.co.in/maps/place/Shahid+Caterer%27s/data=!4m7!3m6!1s0x3bdddb007d15f447:0xca07ae89fe0abf2a!8m2!3d20.169363!4d73.9941605!16s%2Fg%2F11wnyhqttx!19sChIJR_QVfQDb3TsRKr8K_omuB8o?authuser=0&hl=en&rclk=1,Shahid Caterer's,255,Restaurant,20.169363,73.9941605,,Open,,4.4,9,41,panchvati
209,https://www.google.co.in/maps/place/Sainath+Kachhi+Dabeli/data=!4m7!3m6!1s0x3bdddb7df2c02b35:0x991d363bbb9bc4c4!8m2!3d20.1675866!4d73.9905987!16s%2Fg%2F11t6ljhyyd!19sChIJNSvA8n3b3TsRxMSbuzs2HZk?authuser=0&hl=en&rclk=1,Sainath Kachhi Dabeli,255,Fast Food,20.1675866,73.9905987,·,Open,,5,1,15,shalimar
210,https://www.google.co.in/maps/place/Hotel+Bhavani+Darbar/data=!4m7!3m6!1s0x3bdddb9a2340e03f:0x31b64db6519715bc!8m2!3d20.2002508!4d74.0209937!16s%2Fg%2F11kg3fscjl!19sChIJPBAI5rb3TsRvBWXUbZNtjE?authuser=0&hl=en&rclk=1,Hotel Bhavani Darbar,255,Restaurant,20.2002508,74.0209937,·,,,5,3,38,satana naka
212,https://www.google.co.in/maps/place/Pal+Dhaba+%28pimpalgaon+branch%29/data=!4m7!3m6!1s0x3bdddb005573bcb1:0x99a527528889fdb4!8m2!3d20.1744328!4d73.9840083!16s%2Fg%2F11vq6r1st5!19sChIJsbxzVQDb3TsRtP2JiFInpZk?authuser=0&hl=en&rclk=1,Pal Dhaba (pimpalgaon branch),255,Punjabi,20.1744328,73.9840083,·,Closed,,5,4,17,pimpalgaon baswant
213,https://www.google.co.in/maps/place/Hotel+yashwanti+restaurant+and+bar/data=!4m7!3m6!1s0x3bddc5007459f6af:0x31243eb2d50ac401!8m2!3d20.1489709!4d73.9812978!16s%2Fg%2F11wv00w7bj!19sChIJr_ZZdADF3TsRAcQK1bIJDE?authuser=0&hl=en&rclk=1,Hotel yashwanti restaurant and bar,255,Restaurant,20.1489709,73.9812978,· No reviews,,,5,524,42,shalimar
214,https://www.google.co.in/maps/place/Barkat+Biryani+and+Chinese+restaurants/data=!4m7!3m6!1s0x3bdddb005466d0b5:0x48b7d315a488f5dc!8m2!3d20.1632156!4d73.988195!16s%2Fg%2F11wg5txkfq!19sChIJtdBmVADb3TsR3PWIpBXTt0g?authuser=0&hl=en&rclk=1,Barkat Biryani and Chinese restaurants,255,Biryani,20.1632156,73.988195,· No reviews,Open,,4.9,524,22,panchvati
216,https://www.google.co.in/maps/place/Hotel+Shivray/data=!4m7!3m6!1s0x3bddc559be61ddcd:0xccb6a5a37d79254c!8m2!3d20.1485948!4d73.9805814!16s%2Fg%2F11rq0yb89r!19sChIJzd1hvlnF3TsRTCV5faOltsw?authuser=0&hl=en&rclk=1,Hotel Shivray,255,Fast Food,20.1485948,73.9805814,·,,,3.3,3,10,nashik railway station
217,https://www.google.co.in/maps/place/Hotel+Ranwara+3/data=!4m7!3m6!1s0x3bddd11cf5054d5d:0x8041147a7977e393!8m2!3d20.207196!4d74.0303616!16s%2Fg%2F11swfg7l6x!19sChIJXU0F9RzR3TsRkN3eXoUQYA?authuser=0&hl=en&rclk=1,Hotel Ranwara 3,255,Chicken,20.207196,74.0303616,·,,,4.5,2,41,satpur
218,https://www.google.co.in/maps/place/Rajtara+soda+centre/data=!4m7!3m6!1s0x3bdddbc659fa8e4b:0xd893655d4d936ea8!8m2!3d20.1730367!4d73.98685!16s%2Fg%2F11rwkxjnsz!19sChIJS476Wcbb3TsRqG6TTV1lk9g?authuser=0&hl=en&rclk=1,Rajtara soda centre,255,Fast Food,20.1730367,73.98685,·,Open,,4.3,4,14,shalimar
221,https://www.google.co.in/maps/place/Bikaner+Sweets/data=!4m7!3m6!1s0x3bddc3500b905667:0x21e958c88180cadf!8m2!3d20.1423729!4d73.8903251!16s%2Fg%2F11v0n21tyv!19sChIJZ1aQC1DD3TsR38qAgchY6SE?authuser=0&hl=en&rclk=1,Bikaner Sweets,255,Sweets and dessert buffet,20.1423729,73.8903251,·,Open,,5,2,13,dindori
223,https://www.google.co.in/maps/place/ROHIT+PAWAR/data=!4m7!3m6!1s0x3bdddb716aff05ad:0xe320d06f8504276a!8m2!3d20.1656563!4d73.9892526!16s%2Fg%2F11vqhqj9b5!19sChIJrQX_anHb3TsRaicEhW_QIOM?authuser=0&hl=en&rclk=1,ROHIT PAWAR,255,Fast Food,20.1656563,73.9892526,·,,,2,1,15,pimpalgaon baswant
224,https://www.google.co.in/maps/place/Rasal+Sweets+%26+Misal+Katta/data=!4m7!3m6!1s0x3bdddb0031a6bfb1:0xcb185e40527cf34c!8m2!3d20.1961688!4d74.0155007!16s%2Fg%2F11w9kx49n8!19sChIJsbmMQDb3TsRTPN8UkBeGMs?authuser=0&hl=en&rclk=1,Rasal Sweets & Misal Katta,255,Breakfast,20.1961688,74.0155007,·,Open,,3,2,29,sharanpur road
225,https://www.google.co.in/maps/place/Siddhivinayak+Health+Club+and+Fitness+Centre/data=!4m7!3m6!1s0x3bdddbf066a66da3:0x3126db048584d673!8m2!3d20.1591929!4d73.9740967!16s%2Fg%2F11j94ry19s!19sChIJo22mZvDb3TsRc9aEhQTbJjE?authuser=0&hl=en&rclk=1,Siddhivinayak Health Club and Fitness Centre,255,Restaurant,20.1591929,73.9740967,·,,,4.6,81,6,indira nagar
228,https://www.google.co.in/maps/place/Moraya+Amruttulya/data=!4m7!3m6!1s0x3bddc3b49adcdbc3:0xa0d229f8ac356f30!8m2!3d20.1449203!4d73.8939015!16s%2Fg%2F11v6zk8kmp!19sChIJw9vcmrTD3TsRMG81rPgp0qA?authuser=0&hl=en&rclk=1,Moraya Amruttulya,255,Restaurant,20.1449203,73.8939015,· No reviews,,,4.1,524,8,panchvati
229,https://www.google.co.in/maps/place/Brothers+Chinese+%26+Rolls/data=!4m7!3m6!1s0x3bddc3f86c7e5fd5:0x554e0045c8c63e78!8m2!3d20.1420568!4d73.8902268!16s%2Fg%2F11whz74czb!19sChIJ1V9bPjD3TsReD7GyEUATlU?authuser=0&hl=en&rclk=1,Brothers Chinese & Rolls,255,Fast Food,20.1420568,73.8902268,· No reviews,Open,,4.1,524,0,satana naka
230,https://www.google.co.in/maps/place/Hotel+Omkar/data=!4m7!3m6!1s0x3bdddd33a4b172b7:0x6523e3d0a65fcd3c!8m2!3d20.1864333!4d73.8867547!16s%2Fg%2F11p6pylmq7!19sChIJt3KxpDPd3TsRPM1fptDjI2U?authuser=0&hl=en&rclk=1,Hotel Omkar,255,Restaurant,20.1864333,73.8867547,· No reviews,,,4.1,524,5,indira nagar
231,https://www.google.co.in/maps/place/Hotel+KHASDAR/data=!4m7!3m6!1s0x3bdddb707c039ae7:0x4fa87a6b92a4d2e0!8m2!3d20.1655199!4d74.0183701!16s%2Fg%2F11tc1vvw8n!19sChIJ55oDfHDb3TsR4NKkkmt6qE8?authuser=0&hl=en&rclk=1,Hotel KHASDAR,255,Restaurant,20.1655199,74.0183701,·,Open 24 hours,,1,1,43,shalimar
232,https://www.google.co.in/maps/place/SHRI+SAI+VEGETABLE+MARKET/data=!4m7!3m6!1s0x3bdddb7efde3f1af:0x450bbb1b6487c468!8m2!3d20.1642766!4d73.9822836!16s%2Fg%2F11t5dt2dfr!19sChIJr_Hj_X7b3TsRaMSHZBu7C0U?authuser=0&hl=en&rclk=1,SHRI SAI VEGETABLE MARKET,255,Vegetarian,20.1642766,73.9822836,· No reviews,,,4.1,524,41,shalimar
233,https://www.google.co.in/maps/place/Sainath%28Indrapal%29+Vada+Pav+Center/data=!4m7!3m6!1s0x3bdddb1ed743f6af:0xe12412474a92ab78!8m2!3d20.1717379!4d73.9929078!16s%2Fg%2F11lv_49mt4!19sChIJr_ZD1x7b3TsReKuSSkcSJOE?authuser=0&hl=en&rclk=1,Sainath(Indrapal) Vada Pav Center,255,Breakfast,20.1717379,73.9929078,· No reviews,Open,,4.1,524,40,satpur
234,https://www.google.co.in/maps/place/HOTEL+NEW+SAHYADRI/data=!4m7!3m6!1s0x3bdddadf00a1ad57:0x1cce10194adb4f68!8m2!3d20.1784754!4d73.9858801!16s%2Fg%2F11fx8q_z04!19sChIJV62hAN_a3TsRaE_bShkQzhw?authuser=0&hl=en&rclk=1,HOTEL NEW SAHYADRI,255,Restaurant,20.1784754,73.9858801,·,,,3.8,37,42,panchvati
235,https://www.google.co.in/maps/place/Shree+Sidhivinayak+Vada+Pav/data=!4m7!3m6!1s0x3bdddb5136ab129f:0xa54fafd7529eacf!8m2!3d20.1661821!4d73.9890749!16s%2Fg%2F11wfch16jd!19sChIJnxKrNlHb3TsRzopdf36VAo?authuser=0&hl=en&rclk=1,Shree Sidhivinayak Vada Pav,255,Fast Food,20.1661821,73.9890749,· No reviews,,,4.1,524,17,cidco
237,https://www.google.co.in/maps/place/Rasal+Misal+%26+Rasal+Sweet%27s/data=!4m7!3m6!1s0x3bdddb9cda725a37:0x23e46e3b0c093f76!8m2!3d20.1705943!4d73.9871802!16s%2Fg%2F11rzjf68s9!19sChIJN1py2pzb3TsRdj8JDDtu5CM?authuser=0&hl=en&rclk=1,Rasal Misal & Rasal Sweet's,255,Sweet shop,20.1705943,73.9871802,·,Open,,3.5,6,43,satpur
238,https://www.google.co.in/maps/place/Hotel+Rucha/data=!4m10!3m9!1s0x3bdddad14c57dcff:0x2576968e2961f48d!5m2!4m1!1i2!8m2!3d20.165265!4d73.9890978!16s%2Fg%2F1pxq7hdfw!19sChIJ_9xXTNHa3TsRjfRhKY6WdiU?authuser=0&hl=en&rclk=1,Hotel Rucha,255,Restaurant,20.165265,73.9890978,,,,3.6,910,3,meri colony
239,https://www.google.co.in/maps/place/Jadhav+Resorts+Lonwadi/data=!4m7!3m6!1s0x3bddcfe468e165b7:0x20642c14cc55c682!8m2!3d20.1568104!4d74.0456029!16s%2Fg%2F11c2mcvq_l!19sChIJt2XhaOTP3TsRgsZVzBQsZCA?authuser=0&hl=en&rclk=1,Jadhav Resorts Lonwadi,255,Wedding venue,20.1568104,74.0456029,·,,,3.8,143,41,trimbakeshwar
240,https://www.google.co.in/maps/place/Nakoda+Jain+Sweets+Pimplgaon/data=!4m7!3m6!1s0x3bdddad908d98829:0x174b7b2c84b4f675!8m2!3d20.1731192!4d73.9868367!16s%2Fg%2F11c807gk1f!19sChIJKYjZCNna3TsRdfa0hCx7Sxc?authuser=0&hl=en&rclk=1,Nakoda Jain Sweets Pimplgaon,255,Indian sweets shop,20.1731192,73.9868367,·,Closed,,3.8,290,5,pimpalgaon baswant
241,https://www.google.co.in/maps/place/HOTEL+VRUNDAVAN+FAMILY+GARDEN+%26+RESTAURANTS/data=!4m7!3m6!1s0x3bddd1d884be9cc3:0x430de10e6f6c2b65!8m2!3d20.2080741!4d74.0315723!16s%2Fg%2F11fkr77ryh!19sChIJw5yhNjR3TsRZStsbw7hDUM?authuser=0&hl=en&rclk=1,HOTEL VRUNDAVAN FAMILY GARDEN & RESTAURANTS,255,Restaurant,20.2080741,74.0315723,·,,,4.1,39,0,gangapur road
242,https://www.google.co.in/maps/place/Mauli+Dhaba+Pure+Veg+%26+Family+Restaurant/data=!4m7!3m6!1s0x3bddc70aac2e926d:0x7fd37c261042c524!8m2!3d20.0316743!4d74.0031811!16s%2Fg%2F11vz3l8xr6!19sChIJbZIurArH3TsRJMVCECZ8038?authuser=0&hl=en&rclk=1,Mauli Dhaba Pure Veg & Family Restaurant,100,Familyfriendly,20.0316743,74.0031811,·,Open,,4.7,14,39,deolali
243,https://www.google.co.in/maps/place/Hariyana+Special+Jilebi/data=!4m7!3m6!1s0x3bdddbfa36d2bf89:0xc7631f2792cea35c!8m2!3d20.1688648!4d73.9916241!16s%2Fg%2F11thjtfxl_!19sChIJib_SNvrb3TsRXKPOkicfY8c?authuser=0&hl=en&rclk=1,Hariyana Special Jilebi,255,Restaurant,20.1688648,73.9916241,·,,,5,1,0,college road
244,https://www.google.co.in/maps/place/Hotel+Laybhari/data=!4m7!3m6!1s0x3bddddeb3c986685:0x4106fe043e33b33f!8m2!3d20.1996154!4d73.9107756!16s%2Fg%2F11t5_10ctb!19sChIJhWaYPOvd3TsRP7MzPgTBkE?authuser=0&hl=en&rclk=1,Hotel Laybhari,255,Restaurant,20.1996154,73.9107756,·,,,5,1,41,shalimar
245,https://www.google.co.in/maps/place/HOTEL+MALHARWADA/data=!4m7!3m6!1s0x3bdddbcf5fb06757:0xad440da87fd856fc!8m2!3d20.1748444!4d73.9825932!16s%2Fg%2F11sdv27rk3!19sChIJV2ewX8_b3TsR_FbYf6gNRK0?authuser=0&hl=en&rclk=1,HOTEL MALHARWADA,255,Restaurant,20.1748444,73.9825932,·,,,4,1,42,gangapur road
246,https://www.google.co.in/maps/place/Mother%27s+Kitchen/data=!4m7!3m6!1s0x3bdddb616bf6690f:0xbe809f825395914f!8m2!3d20.1653948!4d73.9893238!16s%2Fg%2F11pf694dxb!19sChIJD2n2a2Hb3TsRT5GVU4KfgL4?authuser=0&hl=en&rclk=1,Mother's Kitchen,255,Restaurant,20.1653948,73.9893238,· No reviews,,,4.1,524,8,panchvati
247,https://www.google.co.in/maps/place/RK+Biriyani+House+Rizwan/data=!4m7!3m6!1s0x3bddc355e42eeef9:0xc01f6f18a4826374!8m2!3d20.1442046!4d73.8943505!16s%2Fg%2F11y686y8df!19sChIJe4u5FXD3TsRdGOCpBhvH8A?authuser=0&hl=en&rclk=1,RK Biriyani House Rizwan,255,Biryani,20.1442046,73.8943505,No reviews,,,4.1,524,42,nashik railway station
248,https://www.google.co.in/maps/place/Sk+Biryani/data=!4m7!3m6!1s0x3bdddb2cf2a69afd:0xd899709939018441!8m2!3d20.16339!4d73.9883451!16s%2Fg%2F11szjqvxb0!19sChIJ_Zqm8izb3TsRQYQBOZlwmdg?authuser=0&hl=en&rclk=1,Sk Biryani,255,Restaurant,20.16339,73.9883451,· No reviews,,,4.1,524,8,sharanpur road
249,https://www.google.co.in/maps/place/Om+sai+chinese/data=!4m7!3m6!1s0x3bddc3000c23a785:0x4db4f5474b8ea22c!8m2!3d20.1423493!4d73.8902651!16s%2Fg%2F11wj060zp8!19sChIJhacjDADD3TsRLKKOS0f1tE0?authuser=0&hl=en&rclk=1,Om sai chinese,255,Chinese,20.1423493,73.8902651,· No reviews,,,4.1,524,11,panchvati
250,https://www.google.co.in/maps/place/Bhau+hotel/data=!4m7!3m6!1s0x3bddc4ccf1b65e9d:0xc61fd0bc7d2aa59f!8m2!3d20.1542679!4d73.9673622!16s%2Fg%2F11cn9z7jz6!19sChIJnV628czE3TsRn6UqfbzQH8Y?authuser=0&hl=en&rclk=1,Bhau hotel,255,Fast Food,20.1542679,73.9673622,·,,,3.6,5,1,satpur
251,https://www.google.co.in/maps/place/Saptshrungi+Bhelbhatta/data=!4m7!3m6!1s0x3bddc5978a3cfc49:0xbec39e46431eb643!8m2!3d20.1475967!4d73.9429796!16s%2Fg%2F11tn0_mtvm!19sChIJSfw8ipfF3TsRQ7YeQ0aew74?authuser=0&hl=en&rclk=1,Saptshrungi Bhelbhatta,255,Restaurant,20.1475967,73.9429796,· No reviews,,,4.1,524,8,shalimar
252,https://www.google.co.in/maps/place/Vaibhav+Farhan+mart/data=!4m7!3m6!1s0x3bddc3005b3534fd:0xea2a94de261edc80!8m2!3d20.1425446!4d73.890582!16s%2Fg%2F11wbk7_sy3!19sChIJ_TQ1WwDD3TsRgNweJt6UKuo?authuser=0&hl=en&rclk=1,Vaibhav Farhan mart,255,Fast Food,20.1425446,73.890582,· No reviews,,,4.1,524,40,shalimar
253,https://www.google.co.in/maps/place/Prathmesh+Food%27S/data=!4m7!3m6!1s0x3bdddbcdefb734ab:0x8e5a9e4f644b25fb!8m2!3d20.1811705!4d73.9931037!16s%2Fg%2F11j_2f07pj!19sChIJqzS3783b3TsRyVLZEeWo4?authuser=0&hl=en&rclk=1,Prathmesh Food'S,255,Fast Food,20.1811705,73.9931037,· No reviews,,,4.1,524,6,cidco
255,https://www.google.co.in/maps/place/Gopalkrushna+Hotel/data=!4m7!3m6!1s0x3bdddda1046a71bf:0x28f33ea6babbd8c1!8m2!3d20.1497217!4d73.8883986!16s%2Fg%2F11jt7h744x!19sChIJv3FqBKHd3TsRwdi7uqY8yg?authuser=0&hl=en&rclk=1,Gopalkrushna Hotel,255,Restaurant,20.1497217,73.8883986,· No reviews,,,4.1,524,43,satana naka
256,https://www.google.co.in/maps/place/Krushna+Shop/data=!4m7!3m6!1s0x3bdddb0ef5b551af:0xbc1a2c753027544!8m2!3d20.1638712!4d73.981598!16s%2Fg%2F11sgwkqj83!19sChIJr1G19Q7b3TsRRHUCU8eiwQs?authuser=0&hl=en&rclk=1,Krushna Shop,255,Restaurant,20.1638712,73.981598,· No reviews,,,4.1,524,0,shalimar
257,https://www.google.co.in/maps/place/New+Yashodip+Hotel/data=!4m7!3m6!1s0x3bddddf292289655:0x739807258b1b493c!8m2!3d20.1691355!4d73.9295366!16s%2Fg%2F11sd1wm2by!19sChIJVZYokvLd3TsRPEkbiyUHmHM?authuser=0&hl=en&rclk=1,New Yashodip Hotel,255,Restaurant,20.1691355,73.9295366,· No reviews,,,4.1,524,42,panchvati
258,https://www.google.co.in/maps/place/Sohanlal+M+Kochar/data=!4m7!3m6!1s0x3bdddb8f427cac35:0x6d99cc244d04827!8m2!3d20.1672434!4d73.9905639!16s%2Fg%2F11sc3ghzlq!19sChIJNax8Qo_b3TsRJ0jQRMKc2QY?authuser=0&hl=en&rclk=1,Sohanlal M Kochar,255,Restaurant,20.1672434,73.9905639,· No reviews,,,4.1,524,16,pimpalgaon baswant
259,https://www.google.co.in/maps/place/Shimla+Namkeen/data=!4m7!3m6!1s0x3bdddb85569a6525:0x428c2dce15d75b18!8m2!3d20.1914322!4d74.009563!16s%2Fg%2F11tdj70z5x!19sChIJJWWaVoXb3TsRGFvXFc4tjEI?authuser=0&hl=en&rclk=1,Shimla Namkeen,255,Fast Food,20.1914322,74.009563,· No reviews,,,4.1,524,1,sharanpur road
260,https://www.google.co.in/maps/place/Hotel+Bhagyashree/data=!4m7!3m6!1s0x3bddc5a39bec6e2b:0xd99c4dec4b6cdec1!8m2!3d20.1472728!4d73.9428664!16s%2Fg%2F11sx1_sfk2!19sChIJK27sm6PF3TsRwd5sSxNnNk?authuser=0&hl=en&rclk=1,Hotel Bhagyashree,255,Fast Food,20.1472728,73.9428664,· No reviews,,,4.1,524,0,panchvati
261,https://www.google.co.in/maps/place/Dine+9+Multicuisine+Restaurant/data=!4m7!3m6!1s0x395e85bc33a76d4b:0xc360897b7253a082!8m2!3d23.0283067!4d72.5424125!16s%2Fg%2F11s8mxrsch!19sChIJS22nM7yFXjkRgqBTcnuJYMM?authuser=0&hl=en&rclk=1,Dine 9 Multicuisine Restaurant,300,North Indian,23.0283067,72.5424125,·,Open,,3.9,131,42,college road
262,https://www.google.co.in/maps/place/Khandhesh+Special+Vadapav+Corner/data=!4m7!3m6!1s0x3bdddbac657b60bb:0x222b9bf4f310d9bd!8m2!3d20.1659623!4d73.989013!16s%2Fg%2F11vspgknyp!19sChIJu2B7Zazb3TsRvdkQ8_SbKyI?authuser=0&hl=en&rclk=1,Khandhesh Special Vadapav Corner,255,Fast Food,20.1659623,73.989013,· No reviews,,,4.1,524,66,panchvati
263,https://www.google.com/maps/place/ASHTAKAM+-+Pure+Veg+Restaurant/data=!4m7!3m6!1s0x3bddebe9bd561201:0x3f1b341ccc3bd686!8m2!3d20.0186102!4d73.8289121!16s%2Fg%2F11wfz6vx65!19sChIJARJWvenr3TsRhtY7zBw0Gz8?authuser=0&hl=en&rclk=1,ASHTAKAM - Pure Veg Restaurant,255,Restaurant,20.0186102,73.8289121,"· NH60, Bali Maharaj Mandir Chowk",⋅ Closes 10:30 pm,,4.6,28,66,college road
268,https://www.google.com/maps/place/Banjo%27s+The+Food+Chain+-+KKW+Engg+%7C+Best+fast+food+in+nashik+%7C+Pizza+%7C+Burger+%7C+Sandwich+%7C+Momos+%7CCold+Coffee/data=!4m7!3m6!1s0x3bddeb8740209a6b:0xcada44b2ed441d0b!8m2!3d20.0140375!4d73.8191153!16s%2Fg%2F11h0mjn9ny!19sChIJa5ogQIfr3TsRCx1E7bJE2so?authuser=0&hl=en&rclk=1,Banjo's The Food Chain - KKW Engg | Best fast food in nashik | Pizza | Burger | Sandwich | Momos |Cold Coffee,255,Cafe,20.0140375,73.8191153,"Shop No 1, 283/5, near K.K.Wagh Engineering College",⋅ Closes 10 pm,,4,236,66,panchvati
269,https://www.google.com/maps/place/The+palms+Multi+cuisine+%26+Family+Restaurant/data=!4m7!3m6!1s0x3bddeb02979fe21b:0xa64d94b92fa01496!8m2!3d19.9907311!4d73.8302933!16s%2Fg%2F11s7s5plq0!19sChIJG-KflwLr3TsRlhSgL7mUTaY?authuser=0&hl=en&rclk=1,The palms Multi cuisine & Family Restaurant,255,Family-friendly,19.9907311,73.8302933,"· Shiv Road, Aurangabad Rd, opposite Rudra Farm",⋅ Closes 11 pm,,3.8,27,66,gangapur road
270,https://www.google.com/maps/place/Petu+Ka+Paratha+and+Momos/data=!4m7!3m6!1s0x3bddeb0128556911:0xb9711594c03ce947!8m2!3d20.0157638!4d73.8290458!16s%2Fg%2F11vwj5t9j1!19sChIJEWlVKAHr3TsRR-k8wJQVcbk?authuser=0&hl=en&rclk=1,Petu Ka Paratha and Momos,255,Restaurant,20.0157638,73.8290458,"Amrutdham, 3",,,4.1,524,66,shalimar
271,https://www.google.com/maps/place/Hotel+Shivar/data=!4m7!3m6!1s0x3bddea81056b1fef:0x23b7f39c81736f31!8m2!3d20.0021886!4d73.8383497!16s%2Fg%2F11gc_54vqr!19sChIJ7x9rBYHq3TsRMW9zgZzztyM?authuser=0&hl=en&rclk=1,Hotel Shivar,255,Restaurant,20.0021886,73.8383497,,,,4.2,177,135,panchvati
272,https://www.google.com/maps/place/Kulswamini+Food+Hub/data=!4m7!3m6!1s0x3bddeb0042ed8ba9:0x3689faecb43f9cb!8m2!3d20.0145396!4d73.8209954!16s%2Fg%2F11vxwbng7v!19sChIJqYvtQgDr3TsRy_lDy66faAM?authuser=0&hl=en&rclk=1,Kulswamini Food Hub,255,Food court,20.0145396,73.8209954,"Near, KK Wagh College Road, behind ICICI Bank",⋅ Closes 9 pm,,5,4,66,satpur
273,https://www.google.com/maps/place/Samadhan+logging/data=!4m7!3m6!1s0x3bddea6f53a7f13d:0x7042b80704310830!8m2!3d20.0165013!4d73.8244589!16s%2Fg%2F11f_ltcr_j!19sChIJPfGnU2_q3TsRMAgxBAe4QnA?authuser=0&hl=en&rclk=1,Samadhan logging,255,Restaurant,20.0165013,73.8244589,Mumbai - Agra Rd,⋅ Opens 10 pm,,3.8,45,64,nashik railway station
274,https://www.google.com/maps/place/The+Anda+Magic+-+Best+Anda+Bhurji+in+Nashik/data=!4m7!3m6!1s0x3bddeb44c87d9ced:0xf5c870bc82fc932d!8m2!3d20.0175526!4d73.8249596!16s%2Fg%2F11vzs561v_!19sChIJ7Zx9yETr3TsRLZP8grxwyPU?authuser=0&hl=en&rclk=1,The Anda Magic - Best Anda Bhurji in Nashik,255,Restaurant,20.0175526,73.8249596,"Amrutdham, opposite Mauli Hospital",⋅ Opens 5 pm,,4.9,7,92,shalimar
275,https://www.google.com/maps/place/Hotel+Mazda+%26+Cafe+-+Best+Cafe+in+Nashik%7C+Family+Restaurant+in+Nashik%7C+Multicusion+Restaurant+in+Nashik/data=!4m10!3m9!1s0x3bddeb08675f2bb9:0xb02b47d8c6d55ea7!5m2!4m1!1i2!8m2!3d19.9979153!4d73.7817877!16s%2Fg%2F11bztzwpmh!19sChIJuStfZwjr3TsRp17VxthHK7A?authuser=0&hl=en&rclk=1,Hotel Mazda & Cafe - Best Cafe in Nashik| Family Restaurant in Nashik| Multicusion Restaurant in Nashik,255,3-star hotel,19.9979153,73.7817877,Casual space for classic & Chinese eats,,,4.3,471,66,gangapur road
276,https://www.google.com/maps/place/Pavbhaji+Center/data=!4m7!3m6!1s0x3bddeb752188b5dd:0x8ce2a97f7dda2475!8m2!3d20.0157577!4d73.8256009!16s%2Fg%2F11g4jlzfkw!19sChIJ3bWIIXXr3TsRdSTafX-p4ow?authuser=0&hl=en&rclk=1,Pavbhaji Center,255,Hotel supply store,20.0157577,73.8256009,"Bus stop, Amrutdham Rd",⋅ Opens 4 pm,,4.7,21,63,sharanpur road
277,https://www.google.com/maps/place/Hotel+Shital/data=!4m7!3m6!1s0x3bddea6414c07d9d:0x16ac3a5e78adbde9!8m2!3d20.011512!4d73.8256186!16s%2Fg%2F11b6_nzc7y!19sChIJnX3AFGTq3TsR6b2teF46rBY?authuser=0&hl=en&rclk=1,Hotel Shital,255,Restaurant,20.011512,73.8256186,"10/11, Trimurti Complex",⋅ Closes 10 pm,,3.8,6,142,shalimar
278,https://www.google.com/maps/place/HOTEL+AL-AZIM:+Best+restaurant+in+nashik/data=!4m7!3m6!1s0x3bddebb6306b0b39:0x85f080e84ce0a350!8m2!3d19.9943019!4d73.7982921!16s%2Fg%2F11h5mq4pzc!19sChIJOQtrMLbr3TsRUKPgTOiA8IU?authuser=0&hl=en&rclk=1,HOTEL AL-AZIM: Best restaurant in nashik,255,North Indian,19.9943019,73.7982921,dwarka Cir,,,4,338,66,cidco
279,https://www.google.com/maps/place/Fish+Market/data=!4m7!3m6!1s0x3bddea6f58819ba3:0x6ca0164cfc9e327a!8m2!3d20.0160857!4d73.8252004!16s%2Fg%2F11hc_1pyt0!19sChIJo5uBWG_q3TsRejKe_EwWoGw?authuser=0&hl=en&rclk=1,Fish Market,255,Seafood,20.0160857,73.8252004,2R8G+C3P,⋅ Opens 5 pm,,4.6,7,69,panchvati
280,https://www.google.com/maps/place/ROZI+RESTAURANT/data=!4m7!3m6!1s0x3bddebaf9f61cb83:0x71459de4a2f04ee8!8m2!3d19.9731492!4d73.7937666!16s%2Fg%2F11jcj0kpp2!19sChIJg8thn6_r3TsR6E7wouSdRXE?authuser=0&hl=en&rclk=1,ROZI RESTAURANT,255,Restaurant,19.9731492,73.7937666,Wadala - Pathardi Rd,⋅ Closes 10 pm,,4.3,153,20,college road
281,https://www.google.com/maps/place/Majhali+Restaurant+-+College+Road/data=!4m7!3m6!1s0x3bddebeecae86c47:0x4c843cc806bed21d!8m2!3d20.0067143!4d73.7574862!16s%2Fg%2F11l10_48b9!19sChIJR2zoyu7r3TsRHdK-Bsg8hEw?authuser=0&hl=en&rclk=1,Majhali Restaurant - College Road,255,Seafood,20.0067143,73.7574862,"Majhali Fine-Dine Seafood Restaurant, College Road Casual eatery with open-air dining",⋅ Closes 12:30 am,,4.3,1352,66,college road
282,https://www.google.com/maps/place/Vakratunda+Parcel+Point/data=!4m7!3m6!1s0x3bddebd3938cd3b1:0x3c4b987ae17448b7!8m2!3d20.0139036!4d73.8254602!16s%2Fg%2F11vrvg6svv!19sChIJsdOMk9Pr3TsRt0h04XqYSzw?authuser=0&hl=en&rclk=1,Vakratunda Parcel Point,255,Fast Food,20.0139036,73.8254602,"02, Amrutdham Rd",,,2,1,148,shalimar
283,https://www.google.com/maps/place/MQ+Chicken+%28patil+chciken+shop%29/data=!4m7!3m6!1s0x3bddea70c0000001:0xd3b07d11595cd0b5!8m2!3d20.016964!4d73.8317231!16s%2Fg%2F11p5j58z6l!19sChIJAQAAwHDq3TsRtdBcWRF9sNM?authuser=0&hl=en&rclk=1,MQ Chicken (patil chciken shop),255,Chicken shop,20.016964,73.8317231,,⋅ Closes 9 pm,,4.1,524,18,sharanpur road
284,https://www.google.com/maps/place/Good+Karma+Restaurant/data=!4m7!3m6!1s0x3bddebb7307435f7:0x2f983842d757b5d8!8m2!3d19.9599911!4d73.8319868!16s%2Fg%2F11q2tbpr40!19sChIJ9zV0MLfr3TsR2LVX10I4mC8?authuser=0&hl=en&rclk=1,Good Karma Restaurant,255,Restaurant,19.9599911,73.8319868,"Hari Naskshatra 1, Shop no. 29,30,31,32, opposite Center bank",⋅ Closes 10 pm,,4.3,231,18,gangapur road
285,https://www.google.com/maps/place/Giri+Momo+Center/data=!4m7!3m6!1s0x3bddebd1b6e998cf:0x1ebb45138fb6e4e8!8m2!3d20.0175594!4d73.8249583!16s%2Fg%2F11y229vdmm!19sChIJz5jpttHr3TsR6OS2jxNFux4?authuser=0&hl=en&rclk=1,Giri Momo Center,255,Momo restaurant,20.0175594,73.8249583,"Shop No 1 Chowk, near Nashik",⋅ Opens 4:30 pm,,5,5,18,college road
286,https://www.google.com/maps/place/New+Ganesh+Lunch+Home/data=!4m7!3m6!1s0x3bddeb98589e07eb:0x1937854015a4a31a!8m2!3d20.0079882!4d73.7694772!16s%2Fg%2F11gc9g4cpb!19sChIJ6weeWJjr3TsRGqOkFUCFNxk?authuser=0&hl=en&rclk=1,New Ganesh Lunch Home,255,Maharashtrian Restaurant,20.0079882,73.7694772,"Old gangapur naka, 2, near raut soda outlet, opp. Khatib Dairy",⋅ Closes 3:45 pm ⋅ Reopens 7:15 pm,,4.7,28,18,satpur
287,https://www.google.co.in/maps/place/Hotel+Aryaa+Regency+Restaurant/data=!4m7!3m6!1s0x3bdd3d08ae77096d:0xa748a51abbeb01d!8m2!3d19.1895383!4d73.9602919!16s%2Fg%2F11fm2j4r_1!19sChIJbQl3rgg93TsRHbC-q1GKdAo?authuser=0&hl=en&rclk=1,Hotel Aryaa Regency Restaurant,300,Restaurant,19.1895383,73.9602919,"5XQ6+R47, Narayangaon - Ozar Rd",https://lh5.googleusercontent.com/p/AF1QipN71CGgeSua_qovddXKSIvNYDhRTgfYM5bY63EV=w163-h92-k-no,,4.8,12,18,gangapur road
288,https://www.google.co.in/maps/place/Shree+Datta+Veg+Restaurant/data=!4m7!3m6!1s0x3bdd3db577fbfa59:0xe15087a2c8ce353f!8m2!3d19.1877682!4d73.960254!16s%2Fg%2F11f282m19k!19sChIJWfr7d7U93TsRPzXOyKKHUOE?authuser=0&hl=en&rclk=1,Shree Datta Veg Restaurant,255,Vegetarian,19.1877682,73.960254,Narayangaon - Ozar Rd,https://lh5.googleusercontent.com/p/AF1QipOYEr8kufPEIi0Ggr7XRa-PN3DCsi2AHmDigRDT=w122-h92-k-no,,3.3,36,18,panchvati
289,https://www.google.co.in/maps/place/Vakratunda+Bhojanalay/data=!4m7!3m6!1s0x3bdd3d00333d71bf:0xaca84149fd95573a!8m2!3d19.1915118!4d73.9613758!16s%2Fg%2F11vpcddc10!19sChIJv3E9MwA93TsROleV_UlBqKw?authuser=0&hl=en&rclk=1,Vakratunda Bhojanalay,100,Family-friendly,19.1915118,73.9613758,5XR6+JH2,https://lh5.googleusercontent.com/p/AF1QipNWSH5kgCdpnh2JXAUzgwXGb43TeQVQTdoPESc=w163-h92-k-no,,4.4,12,18,satana naka
290,https://www.google.co.in/maps/place/Hotel+ShreeDatta+And+Lodging/data=!4m7!3m6!1s0x3bdd3db58333b251:0x7ab744038ca8e43a!8m2!3d19.1880269!4d73.9602137!16s%2Fg%2F11b7hm_4k4!19sChIJUbIzg7U93TsROuSojANEt3o?authuser=0&hl=en&rclk=1,Hotel ShreeDatta And Lodging,100,Restaurant,19.1880269,73.9602137,"5XQ6+638, Opposite to Vignahar Mandir, Nasik - Pune Highway, Narayangaon - Junnar - Ozar Rd",https://lh5.googleusercontent.com/p/AF1QipPfLKL67EiTPst9cHtFayl1eYt2DpuogHlm1-Gm=w80-h142-k-no,,3.8,16,18,nashik railway station
291,https://www.google.co.in/maps/place/Hotel+Shriram/data=!4m7!3m6!1s0x3bdd3d362e9041c1:0x5909d9b7a01a6dae!8m2!3d19.1881049!4d73.9602286!16s%2Fg%2F11f89cqtx_!19sChIJwUGQLjY93TsRrm0aoLfZCVk?authuser=0&hl=en&rclk=1,Hotel Shriram,255,Breakfast,19.1881049,73.9602286,Infront of Vighnahar Temple,https://lh5.googleusercontent.com/p/AF1QipOzFYtPZHYASKfC75g8fX6kzxALLPZG9PkGaeuY=w80-h123-k-no,,4.4,5,18,satpur
292,https://www.google.co.in/maps/place/Hotel+Shri+Vighnahar+and+Lodging/data=!4m10!3m9!1s0x3bdd3db57c76ff71:0xfd5a687c92723101!5m2!4m1!1i2!8m2!3d19.1876767!4d73.959743!16s%2Fg%2F11ddzw3zzp!19sChIJcf92fLU93TsRATFyknxoWv0?authuser=0&hl=en&rclk=1,Hotel Shri Vighnahar and Lodging,255,Restaurant,19.1876767,73.959743,,https://lh5.googleusercontent.com/p/AF1QipN4RAU7eZ11zZ2bdJGrZSIPt6HGWmT1jiIljqqg=w122-h92-k-no,,4.5,37,18,nashik railway station
293,https://www.google.co.in/maps/place/Madhura+Hotel+%28NonVeg-+Veg%29+Family+Restaurant/data=!4m7!3m6!1s0x3bdd3d4cbf97d04d:0xed507b494d7c2ca3!8m2!3d19.1925414!4d73.9604612!16s%2Fg%2F11h03gswjq!19sChIJTdCXv0w93TsRoyx8TUl7UO0?authuser=0&hl=en&rclk=1,Madhura Hotel (NonVeg- Veg) Family Restaurant,255,Restaurant,19.1925414,73.9604612,"5XV6+258 Ganpati),Tal, Ozar Chawk,Ozar - Narayangaon Road, At/Post- Ozar, Dist",https://lh5.googleusercontent.com/p/AF1QipNvTMjsCAgiczHU2nWi8SuQd7_6yJ3ild7L6p5x=w122-h92-k-no,,4.1,15,18,college road
295,https://www.google.co.in/maps/place/Ozar+Corner/data=!4m7!3m6!1s0x3bdd3dcb3727d75f:0xb9a39056fba71990!8m2!3d19.1923653!4d73.9613497!16s%2Fg%2F11k3j848_f!19sChIJX9cnN8s93TsRkBmn-1aQo7k?authuser=0&hl=en&rclk=1,Ozar Corner,255,Fast Food,19.1923653,73.9613497,"Shop No 2, Narayangaon - Ozar Rd",https://lh5.googleusercontent.com/p/AF1QipPjmUg3P93Hxrm0k5ZIdSG-UusNBvEUTQJISpxw=w138-h92-k-no,,4,8,18,ozar
296,https://www.google.co.in/maps/place/Nageshwar+Panipuri+and+Ragad/data=!4m7!3m6!1s0x3bdd3dc153dcad63:0xdbb890e3bd6a807d!8m2!3d19.1921958!4d73.9566795!16s%2Fg%2F11j7hzsbb6!19sChIJY63cU8E93TsRfYBqveOQuNs?authuser=0&hl=en&rclk=1,Nageshwar Panipuri and Ragad,255,Hawker stall,19.1921958,73.9566795,"5XR4+VMF, Wafgaon Loni Dhamni Rd",https://streetviewpixels-pa.googleapis.com/v1/thumbnail?panoid=7uUlE58fvvtNltT93qgp8Q&cb_client=search.gws-prod.gps&w=80&h=92&yaw=187.78229&pitch=0&thumbfov=100,,4.2,35,18,panchvati
297,https://www.google.co.in/maps/place/Hotel+Shri+Balaji/data=!4m7!3m6!1s0x3bdd3d93df3440ff:0x861057653c66444b!8m2!3d19.1912142!4d73.9601638!16s%2Fg%2F11scl4b3fz!19sChIJ_0A035M93TsRS0RmPGVXEIY?authuser=0&hl=en&rclk=1,Hotel Shri Balaji,255,Food court,19.1912142,73.9601638,2,https://lh5.googleusercontent.com/p/AF1QipN0PvtwTkzSuZVATDbtV0Zw9CpN7FBj6fiKDEml=w80-h142-k-no,,5,1,18,nashik railway station
298,https://www.google.co.in/maps/place/Mangalmurti+Hotel+%26+Veg+Restaurant/data=!4m7!3m6!1s0x3bdd3db66843fc59:0x1cf0d5262acc8020!8m2!3d19.1920399!4d73.9615649!16s%2Fg%2F11dxdcv5nc!19sChIJWfxDaLY93TsRIIDMKibV8Bw?authuser=0&hl=en&rclk=1,Mangalmurti Hotel & Veg Restaurant,255,Vegetarian,19.1920399,73.9615649,5XR6+RJ8,https://lh5.googleusercontent.com/p/AF1QipPNJK5wefpzl36-1CRJlMjJ6eceoQ6xCzqhMY4P=w163-h92-k-no,,3.9,12,18,satana naka
299,https://www.google.co.in/maps/place/Hotel+Ballaleshwar/data=!4m7!3m6!1s0x3bdd3db6447757bd:0x3248f37680af2b8d!8m2!3d19.1925968!4d73.9561857!16s%2Fg%2F11dymd6x0n!19sChIJvVd3RLY93TsRjSuvgHbzSDI?authuser=0&hl=en&rclk=1,Hotel Ballaleshwar,255,Fast Food,19.1925968,73.9561857,"5XV4+2FM, ganpati chowk otur road, ozar",https://lh5.googleusercontent.com/p/AF1QipNhl5aaGTnZMzHFN6SkOvP8376TRRMhIGblyfac=w80-h106-k-no,,3.6,10,0,panchvati
300,https://www.google.co.in/maps/place/Hotel+Shruti+Veg/data=!4m7!3m6!1s0x3bdd3d0034dc9589:0xf1918077dea11243!8m2!3d19.1922279!4d73.9611217!16s%2Fg%2F11wv0vdww9!19sChIJiZXcNAA93TsRQxKh3neAkfE?authuser=0&hl=en&rclk=1,Hotel Shruti Veg,255,Vegetarian,19.1922279,73.9611217,"5XR6+VCX, Otur - Ozar Rd",https://lh5.googleusercontent.com/p/AF1QipOfTsx_SaqRr8yKsnkhs2BPJzlJz19wt1f-emYA=w80-h142-k-no,,1,1,18,college road
301,https://www.google.co.in/maps/place/Hotel+AshtaVinayak/data=!4m7!3m6!1s0x3bdd3d03dfd7192b:0x98dc20c4e5e6ab8f!8m2!3d19.1876189!4d73.9604495!16s%2Fg%2F11gkwh61fd!19sChIJKxnX3wM93TsRj6vm5cQg3Jg?authuser=0&hl=en&rclk=1,Hotel AshtaVinayak,255,Fast Food,19.1876189,73.9604495,"5XQ6+25W, Unnamed Road",https://lh5.googleusercontent.com/p/AF1QipOYNxZvNaVnxp4Z9dX1tFbS2k2QHpN33zzubTrO=w122-h92-k-no,,2.5,15,18,shalimar
302,https://www.google.co.in/maps/place/Vighnahar+Pure+Veg+Chinese/data=!4m7!3m6!1s0x3bdd3db7bafffd15:0x2211278730000000!8m2!3d19.1945808!4d73.9615168!16s%2Fg%2F11p6sn6jdg!19sChIJFf3_urc93TsRAAAAMIcnESI?authuser=0&hl=en&rclk=1,Vighnahar Pure Veg Chinese,255,Chinese,19.1945808,73.9615168,"5XV6+RJJ, On, Otur - Ozar Rd",https://lh5.googleusercontent.com/p/AF1QipM9m3W4PWkr89hSE4aH5AepVCRLa0gfpbVharIb=w80-h164-k-no,,4.1,524,18,panchvati
303,https://www.google.co.in/maps/place/Hotel+Samadhan+Family+Restaurant+and+Bar/data=!4m7!3m6!1s0x3bdd3c716aecd53d:0x7f7788d19d153a9c!8m2!3d19.146508!4d73.96667!16s%2Fg%2F11f121x54z!19sChIJPdXsanE83TsRnDoVndGId38?authuser=0&hl=en&rclk=1,Hotel Samadhan Family Restaurant and Bar,300,Maharashtrian Restaurant,19.146508,73.96667,Ozar Rd,https://lh5.googleusercontent.com/p/AF1QipP7-JYAr5oMmSX2mJJ8lAERIRNbCpm362eg5ngd=w163-h92-k-no,,4.1,75,134,panchvati
305,https://www.google.co.in/maps/place/Raj+Hotel+Veg+Nonveg/data=!4m7!3m6!1s0x3bdd3dc96eb0c2f5:0x7d7c706830cd7130!8m2!3d19.1912823!4d73.9554467!16s%2Fg%2F11gd1v82fm!19sChIJ9cKwbsk93TsRMHHNMGhwfH0?authuser=0&hl=en&rclk=1,Raj Hotel Veg Nonveg,255,Restaurant,19.1912823,73.9554467,5XR4+G58,https://lh5.googleusercontent.com/p/AF1QipPtU_00-dGtFmuV1pZHCA7IHomnocj31UKcr7Yu=w80-h106-k-no,,3.8,40,80,nashik railway station
306,https://www.google.co.in/maps/place/DNSB+Hotel+Nandikeshwar/data=!4m7!3m6!1s0x3bdd3ddbd07e2833:0xc53eca88d5cd73c9!8m2!3d19.1924742!4d73.9610083!16s%2Fg%2F11ss5mgs16!19sChIJMyh-0Ns93TsRyXPN1YjKPsU?authuser=0&hl=en&rclk=1,DNSB Hotel Nandikeshwar,255,Restaurant,19.1924742,73.9610083,"Shop No 3 Near Morya Cafe Ozar, Junnar Road ·",https://streetviewpixels-pa.googleapis.com/v1/thumbnail?panoid=DN66IfWgpYqS_FBY6JK6FA&cb_client=search.gws-prod.gps&w=80&h=92&yaw=308.46924&pitch=0&thumbfov=100,,4.1,524,121,cidco
307,https://www.google.com/maps/place/Barbeque+Nation+-+Nashik+-+City+Centre+Mall/data=!4m7!3m6!1s0x3bddeb7092dcdb1d:0x2876a4efa45c8bd3!8m2!3d19.9907049!4d73.760946!16s%2Fg%2F11byv9ytcy!19sChIJHdvcknDr3TsR04tcpO-kdig?authuser=0&hl=en&rclk=1,Barbeque Nation - Nashik - City Centre Mall,900,Barbecue,19.9907049,73.760946,· ·,,,4.3,5531,84,college road
308,https://www.google.com/maps/place/New+Sadhguru+Hotel/data=!4m7!3m6!1s0x3bddeb944f2d1481:0x1a009ecb2a0f96e7!8m2!3d19.9839884!4d73.7566806!16s%2Fg%2F124ync32h!19sChIJgRQtT5Tr3TsR55YPKsueABo?authuser=0&hl=en&rclk=1,New Sadhguru Hotel,100,Restaurant,19.9839884,73.7566806,· XQM4+7JJ,,,4,260,81,sharanpur road
309,https://www.google.com/maps/place/Raman+Loni+Sponge+Dosa+Center/data=!4m7!3m6!1s0x3bddeb003d8cf1b7:0xd2d0296f73fb143a!8m2!3d19.983205!4d73.7565144!16s%2Fg%2F11vq4bghc2!19sChIJt_GMPQDr3TsROhT7c28p0NI?authuser=0&hl=en&rclk=1,Raman Loni Sponge Dosa Center,100,South Indian,19.983205,73.7565144,· Ambad-Trimurti Chowk Link Rd,,,4.9,199,84,panchvati
310,https://www.google.com/maps/place/Red+Chillys+-+Levels/data=!4m7!3m6!1s0x3bddeb5b6847dc27:0xafd1be0587d44cbf!8m2!3d19.993747!4d73.7495878!16s%2Fg%2F11smdp1lxt!19sChIJJ9xHaFvr3TsRv0zUhwW-0a8?authuser=0&hl=en&rclk=1,Red Chillys - Levels,255,North Indian,19.993747,73.7495878,· ·,,,4.4,1120,81,sharanpur road
311,https://www.google.com/maps/place/Nana%27s+Shawarma+House/data=!4m7!3m6!1s0x3bddeb8ce6bde371:0x6f2d4aba176af65f!8m2!3d19.9843101!4d73.7569318!16s%2Fg%2F11lt2shkpf!19sChIJceO95ozr3TsRX_ZqF7pKLW8?authuser=0&hl=en&rclk=1,Nana's Shawarma House,100,Shawarma restaurant,19.9843101,73.7569318,"· XQR6+5PP, Mahatma Nagar-Untwadi Rd",,,4.6,13,82,college road
312,https://www.google.com/maps/place/Chotu+Kolhapuri/data=!4m7!3m6!1s0x3bddeb645427f6a7:0x579edc6e2fcb09c4!8m2!3d19.9835388!4d73.7563045!16s%2Fg%2F11b6rvjk65!19sChIJp_YnVGTr3TsRxAnLL27cnlc?authuser=0&hl=en&rclk=1,Chotu Kolhapuri,100,Fast Food,19.9835388,73.7563045,·,,,4,661,81,panchvati
313,https://www.google.com/maps/place/Giriraj+Chinese/data=!4m7!3m6!1s0x3bddeb6424c51541:0x2aa6681330388af1!8m2!3d19.9813632!4d73.7556685!16s%2Fg%2F1tf801fp!19sChIJQRXFJGTr3TsR8Yo4MBNopio?authuser=0&hl=en&rclk=1,Giriraj Chinese,200,Chinese,19.9813632,73.7556685,"· Shop No 1 Neqr, Trimurti Chowk, Pavan Nagar Rd",,,4.1,690,152,panchvati
314,https://www.google.com/maps/place/Hotel+Sairaj+Darbar/data=!4m7!3m6!1s0x3bddeb6444d6d3d5:0xc9d1a537af55323a!8m2!3d19.982878!4d73.7556826!16s%2Fg%2F11c1xpv4mk!19sChIJ1dPWRGTr3TsROjJVrzel0ck?authuser=0&hl=en&rclk=1,Hotel Sairaj Darbar,300,Restaurant,19.982878,73.7556826,"· Karambelkar Tower, near Deccan Petrol Pump",,,3.8,284,86,satpur
315,https://www.google.com/maps/place/The+Sidewalk+Nashik/data=!4m7!3m6!1s0x3bddec81635465e3:0x77d303ea57b25bc7!8m2!3d19.991515!4d73.7436876!16s%2Fg%2F11gbk2s392!19sChIJ42VUY4Hs3TsRx1uyV-oD03c?authuser=0&hl=en&rclk=1,The Sidewalk Nashik,500,Chinese,19.991515,73.7436876,· ·,,,4.2,731,85,college road
316,https://www.google.com/maps/place/Petumal+Samosawala+Trimurti+Chowk+Nashik/data=!4m7!3m6!1s0x3bddebea2f999f73:0xa91e7be4e9418666!8m2!3d19.983598!4d73.756332!16s%2Fg%2F11mfrpb5xt!19sChIJc5-ZL-rr3TsRZoZB6eR7Hqk?authuser=0&hl=en&rclk=1,Petumal Samosawala Trimurti Chowk Nashik,100,Fast Food,19.983598,73.756332,"· XQCG+R3P, Hotel Grand Rio, opp, Lekha Nagar Bypass Road, Mumbai - Agra Rd",,,4.2,35,88,trimurti chowk
317,https://www.google.com/maps/place/Hotel+Rushi/data=!4m7!3m6!1s0x3bddeb72665208c3:0x60837b326b0fa0de!8m2!3d19.9888471!4d73.7678061!16s%2Fg%2F11gbxbrch1!19sChIJwwhSZnLr3TsR3qAPazJ7g2A?authuser=0&hl=en&rclk=1,Hotel Rushi,100,Family-friendly,19.9888471,73.7678061,"N-42-CB-3, 12/1, near to MSEDC office",,,4,405,136,panchvati
318,https://www.google.com/maps/place/Samarth+Krupa+Parcel+Point/data=!4m7!3m6!1s0x3bddeb4c768a8865:0x5a3ca4ba1c1ec4ed!8m2!3d19.9848039!4d73.7568226!16s%2Fg%2F11f66dq7jg!19sChIJZYiKdkzr3TsR7cQeHLqkPFo?authuser=0&hl=en&rclk=1,Samarth Krupa Parcel Point,255,Takeout restaurant,19.9848039,73.7568226,· Tilak Wadi Rd,,,4.4,38,83,satpur
319,https://www.google.com/maps/place/Hotel+Raj+Darbar/data=!4m7!3m6!1s0x3bddeb6426ca37a5:0xd3cbe6eb15192d24!8m2!3d19.9809539!4d73.7555354!16s%2Fg%2F11b6rsp7kj!19sChIJpTfKJmTr3TsRJC0ZFevmy9M?authuser=0&hl=en&rclk=1,Hotel Raj Darbar,300,Family-friendly,19.9809539,73.7555354,· ·,,,3.9,209,99,college road
320,https://www.google.com/maps/place/Hotel+Radhakrishna/data=!4m7!3m6!1s0x3bddec823e4b6ce5:0xb141ac63e6d50cec!8m2!3d19.9902723!4d73.7462672!16s%2Fg%2F1q62hzkkq!19sChIJ5WxLPoLs3TsR7AzV5mOsQbE?authuser=0&hl=en&rclk=1,Hotel Radhakrishna,255,Seafood,19.9902723,73.7462672,· ·,,,4,3178,145,shalimar
321,"https://www.google.com/maps/place/Mad+Over+Chicken,MOC/data=!4m7!3m6!1s0x3bddeb9bba1a7acb:0xca74fbf6a9d6185c!8m2!3d19.9905569!4d73.7620577!16s%2Fg%2F11bw46v5m5!19sChIJy3oaupvr3TsRXBjWqfb7dMo?authuser=0&hl=en&rclk=1","Mad Over Chicken,MOC",300,American,19.9905569,73.7620577,"· Trimurti, Bhagyodaya"", Income Tax Colony, to, Kamatwade Rd, near SaptaShrungi Batteries",,,3.9,825,123,college road
322,https://www.google.com/maps/place/Perfect+Choice+Snacks+%26+Food+Centre/data=!4m7!3m6!1s0x3bddeb643e3b72df:0xe517bf8ee088c1ca!8m2!3d19.9818842!4d73.7552266!16s%2Fg%2F11clw2n9qb!19sChIJ33I7PmTr3TsRysGI4I6_F-U?authuser=0&hl=en&rclk=1,Perfect Choice Snacks & Food Centre,100,Vegetarian,19.9818842,73.7552266,"· Trimbak Link Road, Mahatma Nagar, opposite Cricket Ground",,,4.1,127,85,gangapur road
323,https://www.google.com/maps/place/Bawarchi+restaurant+and+cafe/data=!4m7!3m6!1s0x3bddebab1cfa3a47:0xd2631e7c3c6a2f33!8m2!3d19.9741957!4d73.7757027!16s%2Fg%2F11w7mjvb76!19sChIJRzr6HKvr3TsRMy9qPHweY9I?authuser=0&hl=en&rclk=1,Bawarchi restaurant and cafe,300,Restaurant,19.9741957,73.7757027,· ·,,,5,19,91,satpur
324,https://www.google.com/maps/place/Amar+Juice+Centre/data=!4m7!3m6!1s0x3bddeb56fc774a57:0xfe680b44c2a7086f!8m2!3d19.9896046!4d73.764695!16s%2Fg%2F11s6d39s_n!19sChIJV0p3_Fbr3TsRbwinwkQLaP4?authuser=0&hl=en&rclk=1,Amar Juice Centre,300,Fast Food,19.9896046,73.764695,· ·,,,3.4,1049,148,shalimar
325,https://www.google.com/maps/place/Bhamre+Misal/data=!4m7!3m6!1s0x3bddeb6a8f47e5df:0x8f724386a26e17cb!8m2!3d19.9806593!4d73.76641!16s%2Fg%2F126348_bw!19sChIJ3-VHj2rr3TsRyxduooZDco8?authuser=0&hl=en&rclk=1,Bhamre Misal,100,Breakfast,19.9806593,73.76641,· Wadala - Pathardi Rd,,,3.9,2749,83,panchvati
326,https://www.google.com/maps/place/Jay+Durga+Fish+Center/data=!4m7!3m6!1s0x3bddeb651b7bcf31:0x128e815e30000000!8m2!3d19.9845732!4d73.7570103!16s%2Fg%2F11rdx19hql!19sChIJMc97G2Xr3TsRAAAAMF6BjhI?authuser=0&hl=en&rclk=1,Jay Durga Fish Center,255,Vegetarian,19.9845732,73.7570103,· Sharanpur Road,,,4.7,3,96,satpur
327,https://www.google.com/maps/place/Kaka+Ka+Dhaba/data=!4m7!3m6!1s0x3bddea713fe83575:0x2bc02c570c27e4e7!8m2!3d19.9730453!4d73.7747836!16s%2Fg%2F1tdrcv6y!19sChIJdTXoP3Hq3TsR5-QnDFcswCs?authuser=0&hl=en&rclk=1,Kaka Ka Dhaba,255,Punjabi,19.9730453,73.7747836,· Basic eatery with hearty vegetarian fare,,,3.9,5317,143,cidco
328,https://www.google.com/maps/place/Manbhavan+Premium+Thali+Restaurant/data=!4m7!3m6!1s0x3bddeb3a1f71f359:0x3ef855dc1106c933!8m2!3d20.0045644!4d73.7547774!16s%2Fg%2F11vkz3wdkf!19sChIJWfNxHzrr3TsRM8kGEdxV-D4?authuser=0&hl=en&rclk=1,Manbhavan Premium Thali Restaurant,300,North Indian,20.0045644,73.7547774,· XQM4+HPW,,,4.2,315,144,college road
329,https://www.google.com/maps/place/Shiva+Pav+Bhaji/data=!4m7!3m6!1s0x3bddeb0192b834ab:0xb77c01f2e758d314!8m2!3d19.983962!4d73.756799!16s%2Fg%2F11sz3rkjd4!19sChIJqzS4kgHr3TsRFNNY5_IBfLc?authuser=0&hl=en&rclk=1,Shiva Pav Bhaji,100,Chinese,19.983962,73.756799,· ·,,,3.8,28,135,shalimar
330,"https://www.google.com/maps/place/Shriniwas+Hotel,+Khandeshi+Tadaka/data=!4m7!3m6!1s0x3bddeb66bd47fdfd:0x9641b3c6bb080ddb!8m2!3d19.9759976!4d73.7547609!16s%2Fg%2F11b6rx12nb!19sChIJ_f1HvWbr3TsR2w0Iu8azQZY?authuser=0&hl=en&rclk=1","Shriniwas Hotel, Khandeshi Tadaka",255,Maharashtrian Restaurant,19.9759976,73.7547609,"· Ramganga Row House, behind KK Wagh College Road",,,4.4,930,126,panchvati
331,https://www.google.com/maps/place/THAKURJI+-+GUJARATI+THALI+%26+RESTAURANT/data=!4m7!3m6!1s0x3bddeb2d3ab8f611:0x666706f756bb846a!8m2!3d20.0018485!4d73.7621851!16s%2Fg%2F11pdfhs3lj!19sChIJEfa4Oi3r3TsRaoS7VvcGZ2Y?authuser=0&hl=en&rclk=1,THAKURJI - GUJARATI THALI & RESTAURANT,300,Indian,20.0018485,73.7621851,· ·,,,3.9,947,84,sharanpur road
332,https://www.google.com/maps/place/Malvan+Family+Restaurant/data=!4m7!3m6!1s0x3bddeb996159f547:0x5d2eee85537f435e!8m2!3d20.0070005!4d73.7659121!16s%2Fg%2F1260cn233!19sChIJR_VZYZnr3TsRXkN_U4XuLl0?authuser=0&hl=en&rclk=1,Malvan Family Restaurant,400,Seafood,20.0070005,73.7659121,· Casual space for classic & Chinese eats,,,4,1349,93,gangapur road
333,https://www.google.com/maps/place/Radhika+Pure+Veg+Restaurant/data=!4m7!3m6!1s0x3bddeb7ec2a33ec5:0xe7812a063b56fe5d!8m2!3d19.994011!4d73.75224!16s%2Fg%2F11b70dr75b!19sChIJxT6jwn7r3TsRXf5WOwYqgec?authuser=0&hl=en&rclk=1,Radhika Pure Veg Restaurant,255,Vegetarian,19.994011,73.75224,· ·,,,3.8,559,64,shalimar
334,https://www.google.com/maps/place/Swadyog+Thali+Restaurant+%26+Banquet+Hall/data=!4m7!3m6!1s0x3bddeb33e832588b:0xd23fb1e7df0a493a!8m2!3d20.0093135!4d73.7660189!16s%2Fg%2F11sj55jn4g!19sChIJi1gy6DPr3TsROkkK3-exP9I?authuser=0&hl=en&rclk=1,Swadyog Thali Restaurant & Banquet Hall,300,Restaurant,20.0093135,73.7660189,·,,,3.9,302,83,college road
335,https://www.google.com/maps/place/Rock+N+Roll/data=!4m7!3m6!1s0x3bddeb083719ed6b:0x7c9d2a0ef1d7a76b!8m2!3d19.9845348!4d73.756684!16s%2Fg%2F11h5sxnc_s!19sChIJa-0ZNwjr3TsRa6fX8Q4qnXw?authuser=0&hl=en&rclk=1,Rock N Roll,100,Fast Food,19.9845348,73.756684,"Near Lekhanagar, Opposite Vedant, Mangal Karyalay",,,3.4,143,83,college road
337,https://www.google.com/maps/place/SAMARTH+FAMILY+GARDEN+RESTAURANT/data=!4m7!3m6!1s0x3bdded1c4039c2f9:0xe6390d4dc4bd868e!8m2!3d19.9761046!4d73.7467599!16s%2Fg%2F11k3rpxm1x!19sChIJ-cI5QBzt3TsRjoa9xE0NOeY?authuser=0&hl=en&rclk=1,SAMARTH FAMILY GARDEN RESTAURANT,300,Restaurant,19.9761046,73.7467599,·,,,4.4,18,151,panchvati
338,https://www.google.com/maps/place/Raja+burger+raja+sandwich/data=!4m7!3m6!1s0x3bddebcd68e75667:0x278d21e54945f653!8m2!3d19.9837163!4d73.7567678!16s%2Fg%2F11kpdjg3mq!19sChIJZ1bnaM3r3TsRU_ZFSeUhjSc?authuser=0&hl=en&rclk=1,Raja burger raja sandwich,255,Sandwich,19.9837163,73.7567678,·,,,3.9,8,135,panchvati
339,https://www.google.com/maps/place/PRASADAM+Pure+Veg+Bhojnalaya/data=!4m7!3m6!1s0x3bddebef83529cf3:0x2127160c1c6265d0!8m2!3d19.983892!4d73.7569042!16s%2Fg%2F11tsg9wc82!19sChIJ85xSg-_r3TsR0GViHAwWJyE?authuser=0&hl=en&rclk=1,PRASADAM Pure Veg Bhojnalaya,255,Restaurant,19.983892,73.7569042,"· Plot No. 17, J K House, Sainath Nagar, Wadala Rd, near D-Mart",,,3.3,13,81,restaurant
340,https://www.google.com/maps/place/Majhali+by+Vikram+Ugale+-+Rooms+%7C+Restaurant+%7C+Banquet/data=!4m7!3m6!1s0x3bddebe11a23092d:0xc28a690c7086942!8m2!3d19.974775!4d73.7904472!16s%2Fg%2F11rv5vrwcv!19sChIJLQkjGuHr3TsRQmkIx5CmKAw?authuser=0&hl=en&rclk=1,Majhali by Vikram Ugale - Rooms | Restaurant | Banquet,255,Seafood,19.974775,73.7904472,"· XQQ9+923, Near TNRC Food Court, Govind Nagar, Ring Road",,,3.9,516,106,college road
341,https://www.google.com/maps/place/Thambie/data=!4m7!3m6!1s0x3bddeb8d7267fe07:0xbec2589360fa6882!8m2!3d19.9883985!4d73.7675511!16s%2Fg%2F11ptqb6xqg!19sChIJB_5nco3r3TsRgmj6YJNYwr4?authuser=0&hl=en&rclk=1,Thambie,255,South Indian,19.9883985,73.7675511,· Mahatma Gandhi Rd,,,3,4,103,cidco
342,https://www.google.com/maps/place/Vicky+sagar+restaurant+and+bar/data=!4m7!3m6!1s0x3bddeb37ef1b2d27:0xf51bd11b6ea956cd!8m2!3d20.00943!4d73.7669844!16s%2Fg%2F11fs4z6n4z!19sChIJJy0b7zfr3TsRzVapbhvRG_U?authuser=0&hl=en&rclk=1,Vicky sagar restaurant and bar,500,Grill,20.00943,73.7669844,· Casual spot for updated Indian fare,,,4.2,144,148,panchvati
343,https://www.google.com/maps/place/Sudamaz+chat+chaupati+and+soda+hub/data=!4m7!3m6!1s0x3bddeb3f9ba322f9:0x1d0b5cd71d2dc7a6!8m2!3d19.9834858!4d73.7566447!16s%2Fg%2F11pzfjm64l!19sChIJ-SKjmz_r3TsRpsctHddcCx0?authuser=0&hl=en&rclk=1,Sudamaz chat chaupati and soda hub,255,Fast Food,19.9834858,73.7566447,· Namrata chowk,,,5,3,76,shalimar
344,https://www.google.com/maps/place/Siddheshwer+mess/data=!4m7!3m6!1s0x3bddeb52d00b215f:0x588d93fa2cead599!8m2!3d19.9828122!4d73.7598898!16s%2Fg%2F11w4wd681d!19sChIJXyEL0FLr3TsRmdXqLPqTjVg?authuser=0&hl=en&rclk=1,Siddheshwer mess,255,Tiffin center,19.9828122,73.7598898,"· Mumbai - Agra Rd, behind Mother Teresa aashram, near Roongta Bellissimo Project",,,5,1,115,satpur
345,https://www.google.com/maps/place/Swaransh+mess/data=!4m7!3m6!1s0x3bddebe94caf0f67:0x385ac689a68aab3b!8m2!3d19.9822743!4d73.7588976!16s%2Fg%2F11k3ls3dwf!19sChIJZw-vTOnr3TsRO6uKponGWjg?authuser=0&hl=en&rclk=1,Swaransh mess,255,Tiffin center,19.9822743,73.7588976,"L-sector pap plot no 2/3 ,ambad link road Near glasco company, opposite Indian oil petrol pump,ashwamedh kata",,,5,1,58,panchvati
346,https://www.google.com/maps/place/Saanjh+Pure+Veg+Restaurant/data=!4m7!3m6!1s0x3bddeb9898add86f:0x1a2d1a71a2d825a1!8m2!3d20.0066989!4d73.7709659!16s%2Fg%2F11bzshpbrb!19sChIJb9itmJjr3TsRoSXYonEaLRo?authuser=0&hl=en&rclk=1,Saanjh Pure Veg Restaurant,400,Vegetarian,20.0066989,73.7709659,"· FC 3B & FC 4, 3rd Flr, City Centre Mall, Food Court, Untwadi Rd",,,4.4,46,125,college road
347,https://www.google.com/maps/place/KFC/data=!4m7!3m6!1s0x3bddebbefec6a3df:0xa92c06a0db1fc0ad!8m2!3d19.990625!4d73.762115!16s%2Fg%2F11l6xmrbxc!19sChIJ36PG_r7r3TsRrcAf26AGLKk?authuser=0&hl=en&rclk=1,KFC,255,Restaurant,19.990625,73.762115,· ·,,,4.5,108,150,sharanpur road
348,https://www.google.com/maps/place/Vandan+Restaurant+%28+Veg%2FNonveg%29/data=!4m7!3m6!1s0x3bddeb61965c4657:0xeda1d3175afe85e!8m2!3d20.0164904!4d73.7545771!16s%2Fg%2F11gsbhfw_b!19sChIJV0ZclmHr3TsRXuivdTEd2g4?authuser=0&hl=en&rclk=1,Vandan Restaurant ( Veg/Nonveg),300,Restaurant,20.0164904,73.7545771,· ·,,,4.3,271,138,college road
349,https://www.google.com/maps/place/ASTER+-+MULTI-CUISINE+RESTAURANT/data=!4m7!3m6!1s0x3bddeb4932ce5ee9:0xb4aa947af070324b!8m2!3d19.9524843!4d73.7551245!16s%2Fg%2F11f6xzgzdj!19sChIJ6V7OMknr3TsRSzJw8HqUqrQ?authuser=0&hl=en&rclk=1,ASTER - MULTI-CUISINE RESTAURANT,255,North Indian,19.9524843,73.7551245,"· Shop No:3,Hajjan Bano heights, Trambakeshwar Rd",,,4.3,524,66,cidco
350,https://www.google.com/maps/place/Kaka-ka+Restaurant/data=!4m7!3m6!1s0x3bddeb7db15cc737:0xb303eea0ac6ff5be!8m2!3d20.0122571!4d73.7552407!16s%2Fg%2F11gy72fwjx!19sChIJN8dcsX3r3TsRvvVvrKDuA7M?authuser=0&hl=en&rclk=1,Kaka-ka Restaurant,255,Restaurant,20.0122571,73.7552407,"· XQQ9+826 TNRC FOOD COURT, near City Center Mall",,,3.8,2202,80,shalimar
351,https://www.google.com/maps/place/Biriyani+Shilpas/data=!4m7!3m6!1s0x3bddebf2bdb0acc5:0xa6b090f9dd92bba9!8m2!3d19.988293!4d73.7675032!16s%2Fg%2F11t8btjrqg!19sChIJxaywvfLr3TsRqbuS3fmQsKY?authuser=0&hl=en&rclk=1,Biriyani Shilpas,255,Biryani,19.988293,73.7675032,"· Shop No. 5, 6,7, College Road",,,2.3,4,80,panchvati
352,https://www.google.com/maps/place/Viju%27s+Dabeli/data=!4m7!3m6!1s0x3bddeb9bbbf35eb1:0xa3217d9198bfc1f1!8m2!3d20.00633!4d73.7635182!16s%2Fg%2F12643fd30!19sChIJsV7zu5vr3TsR8cG_mJF9IaM?authuser=0&hl=en&rclk=1,Viju's Dabeli,100,Fast Food,20.00633,73.7635182,·,,,4,2871,147,indira nagar
353,"https://www.google.com/maps/place/Curry+Leaves,+Indira+Nagar+-+Hotel,+Restaurant,+Banquet,+Rooms/data=!4m10!3m9!1s0x3bddeb51a58a41cf:0x97d8098a2cbcc74e!5m2!4m1!1i2!8m2!3d19.9728522!4d73.7926715!16s%2Fg%2F11q8sv_v2w!19sChIJz0GKpVHr3TsRTse8LIoJ2Jc?authuser=0&hl=en&rclk=1","Curry Leaves, Indira Nagar - Hotel, Restaurant, Banquet, Rooms",255,Restaurant,19.9728522,73.7926715,"Shop No. 1, Skyscape, Gangapur Rd, near KBT Circle",,,4.1,1728,82,college road
354,https://www.google.com/maps/place/cloud+kitchen+foods/data=!4m7!3m6!1s0x3bddeb881e0b0f1d:0x9eb79887042df558!8m2!3d19.9823416!4d73.7560593!16s%2Fg%2F11rrqg7l3f!19sChIJHQ8LHojr3TsRWPUtBIeYt54?authuser=0&hl=en&rclk=1,cloud kitchen foods,255,Restaurant,19.9823416,73.7560593,"· 204, United Avenue's, near Old Idea Showroom",,,1,1,127,panchvati
355,https://www.google.com/maps/place/Shri+Gajanan+Shegaon+Kachori+Center/data=!4m7!3m6!1s0x3bddeb48902b8093:0x6382c498ca0b3f3d!8m2!3d19.9827898!4d73.7563141!16s%2Fg%2F11qnzpxn32!19sChIJk4ArkEjr3TsRPT8LypjEgmM?authuser=0&hl=en&rclk=1,Shri Gajanan Shegaon Kachori Center,255,Fast Food,19.9827898,73.7563141,"· Mumbai - Agra Rd, next to HDFC BANK",,,2.8,4,71,shalimar
356,https://www.google.com/maps/place/Hotel+Rajdoot+UDUPI+CORNER/data=!4m7!3m6!1s0x3bddeb091bc280ff:0xac70e739465f6184!8m2!3d19.9965469!4d73.7796911!16s%2Fg%2F11r8gn5sr!19sChIJ_4DCGwnr3TsRhGFfRjnncKw?authuser=0&hl=en&rclk=1,Hotel Rajdoot UDUPI CORNER,100,South Indian,19.9965469,73.7796911,· XQH3+F5R,,,3.7,1757,81,sharanpur road
357,https://www.google.com/maps/place/Swad+family+restaurant/data=!4m7!3m6!1s0x3bddebdaccab3679:0x406e0898f964d8b0!8m2!3d19.9787349!4d73.7528803!16s%2Fg%2F11svzmhl4c!19sChIJeTarzNrr3TsRsNhk-ZgIbkA?authuser=0&hl=en&rclk=1,Swad family restaurant,255,Restaurant,19.9787349,73.7528803,"· Trambakeshwar Rd, near ZP Office",,,3,1,80,shalimar
358,https://www.google.com/maps/place/Bomble%27s+Veg+and+Non-Veg+Thali+restaurant/data=!4m7!3m6!1s0x3bddeb3a8c848b51:0xe33c57d856865ccf!8m2!3d19.997651!4d73.7836536!16s%2Fg%2F11ssfcwvqr!19sChIJUYuEjDrr3TsRz1yGVthXPOM?authuser=0&hl=en&rclk=1,Bomble's Veg and Non-Veg Thali restaurant,100,Restaurant,19.997651,73.7836536,"· Aurangabad Rd, near Babulal Narsary",,,4.5,13,81,cidco
359,https://www.google.com/maps/place/THE+FOODIE+SOUL+RESTAURANT+AND+PARCEL+POINT/data=!4m7!3m6!1s0x3bdd951fc3503633:0x2262ebc57b63f2f6!8m2!3d19.9522505!4d73.7632116!16s%2Fg%2F11p772lvlk!19sChIJMzZQwx-V3TsR9vJje8XrYiI?authuser=0&hl=en&rclk=1,THE FOODIE SOUL RESTAURANT AND PARCEL POINT,255,Restaurant,19.9522505,73.7632116,· ·,,,4.9,13,75,trimurti chowk
360,https://www.google.com/maps/place/Trimurti+pure+vegetarian+restaurant/data=!4m7!3m6!1s0x3bddebb1a7f38a0b:0xdf6167b7755dbb3d!8m2!3d19.9827558!4d73.7563166!16s%2Fg%2F11fq904709!19sChIJC4rzp7Hr3TsRPbtddbdnYd8?authuser=0&hl=en&rclk=1,Trimurti pure vegetarian restaurant,300,Restaurant,19.9827558,73.7563166,"· XQM4+6HP, Unnamed Road",,,4,27,76,panchvati
361,https://www.google.com/maps/place/Petpooja+Dining+Hall/data=!4m7!3m6!1s0x3bddeb6453a4a063:0xc302e38520724f5f!8m2!3d19.9830997!4d73.7564506!16s%2Fg%2F11c603kfxv!19sChIJY6CkU2Tr3TsRX09yIIXjAsM?authuser=0&hl=en&rclk=1,Petpooja Dining Hall,255,Restaurant,19.9830997,73.7564506,·,,,3.5,57,14,shalimar
362,https://www.google.com/maps/place/YASH+FOODS/data=!4m7!3m6!1s0x3bddeb6455bec6b3:0x8a14125a36b50a1d!8m2!3d19.9835261!4d73.7563516!16s%2Fg%2F11vl9fxy5_!19sChIJs8a-VWTr3TsRHQq1NloSFIo?authuser=0&hl=en&rclk=1,YASH FOODS,255,Restaurant,19.9835261,73.7563516,"First Floor, Classic Arcade, symboisis college, Near, Ambad-Trimurti Chowk Link Rd",,,4.1,524,71,cidco
363,"https://www.google.com/maps/place/HOTEL+HARI+OM+PALACE+-+Restaurant,+Party+Hall+and+Catering+Service/data=!4m7!3m6!1s0x3bddeb50b29aa621:0xcf07f78bb48fb108!8m2!3d19.962477!4d73.753624!16s%2Fg%2F11c2nn8vjw!19sChIJIaaaslDr3TsRCLGPtIv3B88?authuser=0&hl=en&rclk=1","HOTEL HARI OM PALACE - Restaurant, Party Hall and Catering Service",255,Function room facility,19.962477,73.753624,· Mumbai - Agra Rd,,,4.2,470,148,panchvati
364,https://www.google.com/maps/place/Hotel+Santosh+Restaurant+%26+Permit+Room/data=!4m7!3m6!1s0x3bddeb526b1d5771:0x6ec656bbe396549f!8m2!3d19.9561734!4d73.7581183!16s%2Fg%2F11b75j1dr7!19sChIJcVcda1Lr3TsRn1SW47tWxm4?authuser=0&hl=en&rclk=1,Hotel Santosh Restaurant & Permit Room,300,Restaurant,19.9561734,73.7581183,· ·,,,3.7,237,97,panchvati
365,https://www.google.com/maps/place/Satvik:+Family+Garden+Restaurant/data=!4m7!3m6!1s0x3bddedbdc6049d7f:0xfdc472e336ed94bc!8m2!3d20.0270362!4d73.7049694!16s%2Fg%2F11l0127h51!19sChIJf50Exr3t3TsRvJTtNuNyxP0?authuser=0&hl=en&rclk=1,Satvik: Family Garden Restaurant,255,Restaurant,20.0270362,73.7049694,"· P-17, MIDC Ambad , Pathardi Phata, Mumbai -Agra Raod, P-17, Mumbai - Agra Rd",,,4.3,492,80,college road
366,https://www.google.com/maps/place/Panchratna+Restaurant+-+Gateway+Nashik/data=!4m7!3m6!1s0x3bddeb524d89b46d:0xe3de3e0e087fa101!8m2!3d19.95716!4d73.754363!16s%2Fg%2F11b7f4324_!19sChIJbbSJTVLr3TsRAaF_CA4-3uM?authuser=0&hl=en&rclk=1,Panchratna Restaurant - Gateway Nashik,255,Indian,19.95716,73.754363,"· Tapovan Link Road, kathe, Galli",,,3.9,52,136,cidco
367,https://www.google.com/maps/place/Kabira+restaurant/data=!4m7!3m6!1s0x3bddeb8ec7a28dc5:0xc732a47b481ba92c!8m2!3d20.0047147!4d73.7637671!16s%2Fg%2F11h5m4x3s8!19sChIJxY2ix47r3TsRLKkbSHukMsc?authuser=0&hl=en&rclk=1,Kabira restaurant,255,Restaurant,20.0047147,73.7637671,"· Swargiya Sitamai Savaliram Kale Marg, beside Kausalya (H.P.) Petrol Pump",,,4.7,3,96,panchvati
368,https://www.google.com/maps/place/Gammat+Jammat+Restaurant/data=!4m7!3m6!1s0x3bddedb323253431:0x7b21deb40a7e5189!8m2!3d20.003365!4d73.7408457!16s%2Fg%2F11tnmfs1b9!19sChIJMTQlI7Pt3TsRiVF-CrTeIXs?authuser=0&hl=en&rclk=1,Gammat Jammat Restaurant,500,Chinese,20.003365,73.7408457,"· Shop No. 7, Sumangal Imperia Apartment, POLICE STATION Apposite Kakatkar Hospital, near KHUTWAD NAGAR",,,4,35,130,cidco
369,https://www.google.com/maps/place/SPICY+CORNER+CAFE+%26+RESTAURANT/data=!4m7!3m6!1s0x3bdded801d3d0bdf:0xabb47705ab2e92d8!8m2!3d19.9835089!4d73.7484048!16s%2Fg%2F11lzz_wd6p!19sChIJ3ws9HYDt3TsR2JIuqwV3tKs?authuser=0&hl=en&rclk=1,SPICY CORNER CAFE & RESTAURANT,255,Fast Food,19.9835089,73.7484048,· ·,,,5,5,110,panchvati
370,https://www.google.com/maps/place/Ruchi+Restaurant/data=!4m7!3m6!1s0x3bddeb10005c61f1:0x27b59c5b59e909f7!8m2!3d19.9890128!4d73.7832419!16s%2Fg%2F11c2rbzvln!19sChIJ8WFcABDr3TsR9wnpWVuctSc?authuser=0&hl=en&rclk=1,Ruchi Restaurant,100,Vegetarian,19.9890128,73.7832419,· ·,,,4,1871,136,satpur
371,https://www.google.com/maps/place/Hotel+Tapasvi/data=!4m7!3m6!1s0x3bddeb1c997e283b:0x5a9efd19415ecdf!8m2!3d19.9787915!4d73.7797269!16s%2Fg%2F1tsbklc8!19sChIJOyh-mRzr3TsR3-wVlNHvqQU?authuser=0&hl=en&rclk=1,Hotel Tapasvi,100,South Indian,19.9787915,73.7797269,· ·,,,3.8,1527,135,college road
372,https://www.google.com/maps/place/Haldiram%27s/data=!4m7!3m6!1s0x3bddeb8e40ef8d21:0x13781b4b4e25078c!8m2!3d19.9914239!4d73.7831716!16s%2Fg%2F11rr4v1km2!19sChIJIY3vQI7r3TsRjAclTksbeBM?authuser=0&hl=en&rclk=1,Haldiram's,300,Family-friendly,19.9914239,73.7831716,· ·,,,4.7,5377,124,shalimar
373,https://www.google.com/maps/place/Batavia%27s/data=!4m7!3m6!1s0x3bddeb1402da0625:0x99ea8e2a05a798b7!8m2!3d19.9820952!4d73.7770653!16s%2Fg%2F11b6nlr9lg!19sChIJJQbaAhTr3TsRt5inBSqO6pk?authuser=0&hl=en&rclk=1,Batavia's,500,Vegetarian,19.9820952,73.7770653,· ·,,,3.7,406,158,satpur
374,https://www.google.com/maps/place/Hotel+Saheba/data=!4m7!3m6!1s0x3bddeb1a9f8f1f25:0x4bc2214ab89cde2f!8m2!3d19.9875177!4d73.783413!16s%2Fg%2F1tgfv29f!19sChIJJR-Pnxrr3TsRL96cuEohwks?authuser=0&hl=en&rclk=1,Hotel Saheba,300,Maharashtrian Restaurant,19.9875177,73.783413,· ·,,,3.8,3131,101,panchvati
375,https://www.google.com/maps/place/Rajyog+Udupi+Corner/data=!4m7!3m6!1s0x3bddeb5422d01c9f:0x52f47adcccefd7f1!8m2!3d19.9893244!4d73.7830824!16s%2Fg%2F11sxwljj8d!19sChIJnxzQIlTr3TsR8dfvzNx69FI?authuser=0&hl=en&rclk=1,Rajyog Udupi Corner,300,South Indian,19.9893244,73.7830824,· ·,,,3.5,186,128,college road
376,https://www.google.com/maps/place/HOTEL+Surel+Family+Restaurant+%26+Bar/data=!4m7!3m6!1s0x3bddeb109e61272d:0x5caf121eb9a68071!8m2!3d19.9846749!4d73.7825975!16s%2Fg%2F11b6qcft2j!19sChIJLSdhnhDr3TsRcYCmuR4Sr1w?authuser=0&hl=en&rclk=1,HOTEL Surel Family Restaurant & Bar,255,Grill,19.9846749,73.7825975,·,,,3.7,68,127,gangapur road
377,https://www.google.com/maps/place/House+of+Flavors/data=!4m7!3m6!1s0x3bddeb5b7eb14e1d:0x9069d1f98e36685c!8m2!3d19.9912897!4d73.7759537!16s%2Fg%2F11fhynckkt!19sChIJHU6xflvr3TsRXGg2jvnRaZA?authuser=0&hl=en&rclk=1,House of Flavors,255,North Indian,19.9912897,73.7759537,·,,,3.5,38,141,panchvati
378,https://www.google.com/maps/place/Hotel+Madhuban/data=!4m7!3m6!1s0x3bddeb175ccb1a21:0x73e07b3dea9f23c7!8m2!3d19.981989!4d73.782358!16s%2Fg%2F11b6rslfyy!19sChIJIRrLXBfr3TsRxyOf6j174HM?authuser=0&hl=en&rclk=1,Hotel Madhuban,255,Restaurant,19.981989,73.782358,·,,,3.7,307,117,college road
379,https://www.google.com/maps/place/Burger+King/data=!4m7!3m6!1s0x3bddeb7e2fd86dd9:0xba236cc534ace955!8m2!3d19.989851!4d73.761894!16s%2Fg%2F11vlc4k361!19sChIJ2W3YL37r3TsRVemsNMVsI7o?authuser=0&hl=en&rclk=1,Burger King,100,Fast Food,19.989851,73.761894,·,,,4.8,49,85,panchvati
380,https://www.google.com/maps/place/Shree+Ganesha+Misal+in+Nashik/data=!4m7!3m6!1s0x3bddebf190454359:0x9631d955bcbe88d8!8m2!3d19.9919768!4d73.782536!16s%2Fg%2F11v0nmm8_h!19sChIJWUNFkPHr3TsR2Ii-vFXZMZY?authuser=0&hl=en&rclk=1,Shree Ganesha Misal in Nashik,255,Restaurant,19.9919768,73.782536,· ·,,,4.8,8,157,satpur
381,https://www.google.com/maps/place/KPBC+Restaurant/data=!4m7!3m6!1s0x3bddeb2eb8a3ee9b:0x2863cd7797e067b6!8m2!3d19.9903194!4d73.7805047!16s%2Fg%2F11vc5m17v9!19sChIJm-6juC7r3TsRtmfgl3fNYyg?authuser=0&hl=en&rclk=1,KPBC Restaurant,300,North Indian,19.9903194,73.7805047,· ·,,,3.9,20,124,shalimar
382,https://www.google.com/maps/place/Veg+Lollypop/data=!4m7!3m6!1s0x3bddeb93fd00cd89:0x436c0a43e7d7e552!8m2!3d19.9809358!4d73.776694!16s%2Fg%2F11qg_x1k30!19sChIJic0A_ZPr3TsRUuXX50MKbEM?authuser=0&hl=en&rclk=1,Veg Lollypop,100,Vegetarian,19.9809358,73.776694,· ·,,,4.2,21,124,panchvati
383,https://www.google.com/maps/place/Mehfil+Restaurant+and+Bar/data=!4m7!3m6!1s0x3bddeb64201e92d5:0x6f4471b51fbd5e02!8m2!3d19.9806175!4d73.7551177!16s%2Fg%2F1hjgxfpfg!19sChIJ1ZIeIGTr3TsRAl69H7VxRG8?authuser=0&hl=en&rclk=1,Mehfil Restaurant and Bar,300,Restaurant,19.9806175,73.7551177,·,,,3.6,142,111,college road
384,https://www.google.com/maps/place/Cafe+Bollywood/data=!4m7!3m6!1s0x3bddeb70fd0211f5:0x7d4af6ef6beb67e2!8m2!3d19.990416!4d73.7609322!16s%2Fg%2F119wz8wp3!19sChIJ9REC_XDr3TsR4mfra-_2Sn0?authuser=0&hl=en&rclk=1,Cafe Bollywood,100,Fast Food,19.990416,73.7609322,· ·,,,3.5,47,83,sharanpur road
385,https://www.google.com/maps/place/House+of+Gourmet/data=!4m7!3m6!1s0x3bddeb91b1b4e3cb:0xa3df643ca30f5334!8m2!3d19.9904945!4d73.7895186!16s%2Fg%2F11r4gw36cj!19sChIJy-O0sZHr3TsRNFMPozxk36M?authuser=0&hl=en&rclk=1,House of Gourmet,255,Restaurant,19.9904945,73.7895186,· ·,,,4.3,46,120,panchvati
386,https://www.google.com/maps/place/Suhana+Biryani+Restaurant/data=!4m7!3m6!1s0x3bddebada6d2756b:0x7d6fed0257be8df7!8m2!3d19.9846749!4d73.7825976!16s%2Fg%2F11lym4m86m!19sChIJa3XSpq3r3TsR942-VwLtb30?authuser=0&hl=en&rclk=1,Suhana Biryani Restaurant,255,Restaurant,19.9846749,73.7825976,· ·,,,5,3,91,panchvati
387,https://www.google.com/maps/place/Kings+Nashta+Point+%E0%A4%95%E0%A4%BF%E0%A4%82%E0%A4%97%E0%A5%8D%E0%A4%B8+%E0%A4%A8%E0%A4%BE%E0%A4%B7%E0%A5%8D%E0%A4%9F%E0%A4%BE+%E0%A4%AA%E0%A5%89%E0%A4%88%E0%A4%82%E0%A4%9F/data=!4m7!3m6!1s0x3bddeb3d03a66d67:0x998e1154187f43a4!8m2!3d19.9808318!4d73.7771959!16s%2Fg%2F11r696pp1h!19sChIJZ22mAz3r3TsRpEN_GFQRjpk?authuser=0&hl=en&rclk=1,Kings Nashta Point किंग्स नाष्टा पॉईंट,100,Breakfast,19.9808318,73.7771959,·,,,4.5,351,102,satpur
388,https://www.google.com/maps/place/Hotel+Novino%27s+Restaurant/data=!4m7!3m6!1s0x3bddeb003af735e7:0x7955cea1757e650d!8m2!3d19.9759216!4d73.7884685!16s%2Fg%2F11y47ywqmc!19sChIJ5zX3OgDr3TsRDWV-daHOVXk?authuser=0&hl=en&rclk=1,Hotel Novino's Restaurant,100,Chinese,19.9759216,73.7884685,· ·,,,4.8,38,140,panchvati
389,"https://www.google.com/maps/place/Govind+Dine-In,+Pure+veg+restaurant/data=!4m7!3m6!1s0x3bddeb7e4f370b7f:0x174b584f495df27c!8m2!3d19.993938!4d73.7496082!16s%2Fg%2F11b6_knnf4!19sChIJfws3T37r3TsRfPJdSU9YSxc?authuser=0&hl=en&rclk=1","Govind Dine-In, Pure veg restaurant",300,Maharashtrian Restaurant,19.993938,73.7496082,· ·,,,3.9,1277,130,college road
390,"https://www.google.com/maps/place/Horizon+Rooftop+Restaurant+-+Enrise,+Nashik/data=!4m7!3m6!1s0x3bddeb1a4c780a5f:0xa41937ec5d1136df!8m2!3d19.9783552!4d73.7849911!16s%2Fg%2F11ldvt13sh!19sChIJXwp4TBrr3TsR3zYRXew3GaQ?authuser=0&hl=en&rclk=1","Horizon Rooftop Restaurant - Enrise, Nashik",255,North Indian,19.9783552,73.7849911,·,,,4.4,50,128,panchvati
391,https://www.google.com/maps/place/Peshwa+Family+Restaurant/data=!4m7!3m6!1s0x3bddeb1addd1acc7:0x93e759a6f7509893!8m2!3d19.9813702!4d73.7810826!16s%2Fg%2F11vhqjrbfh!19sChIJx6zR3Rrr3TsRk5hQ96ZZ55M?authuser=0&hl=en&rclk=1,Peshwa Family Restaurant,255,North Indian,19.9813702,73.7810826,·,,,1,1,162,sharanpur road
392,https://www.google.com/maps/place/Coffee+Junction+24hrs/data=!4m7!3m6!1s0x3bddeb7a7575e3f5:0x44795465dadb3efe!8m2!3d19.9913306!4d73.7618033!16s%2Fg%2F11f2dqcz4t!19sChIJ9eN1dXrr3TsR_j7b2mVUeUQ?authuser=0&hl=en&rclk=1,Coffee Junction 24hrs,300,Restaurant,19.9913306,73.7618033,· ·,,,3.9,936,98,college road
393,https://www.google.com/maps/place/Dum+Factory+Family+Restaurant+%26+Bar+%7C+Best+Veg+%26+Non+Veg+Family+restaurant+in+Nashik/data=!4m7!3m6!1s0x3bddebf8f4b309ab:0x241e5d692002b610!8m2!3d19.9916228!4d73.7827705!16s%2Fg%2F11l30wv7db!19sChIJqwmz9Pjr3TsRELYCIGldHiQ?authuser=0&hl=en&rclk=1,Dum Factory Family Restaurant & Bar | Best Veg & Non Veg Family restaurant in Nashik,255,Restaurant,19.9916228,73.7827705,· ·,,,2.7,7,157,panchvati
394,https://www.google.com/maps/place/Bagga+Sweets/data=!4m7!3m6!1s0x3bddeb05beea7cdb:0xf9f269e97e23b70d!8m2!3d19.9932161!4d73.7847921!16s%2Fg%2F11b6v1cqh0!19sChIJ23zqvgXr3TsRDbcjfulp8vk?authuser=0&hl=en&rclk=1,Bagga Sweets,100,Sweets and dessert buffet,19.9932161,73.7847921,· ·,,,4.2,4001,108,college road
395,https://www.google.com/maps/place/Joggers+Pavillion/data=!4m7!3m6!1s0x3bddebb6d5475093:0x4eb85f42c7d4d2c0!8m2!3d19.9924936!4d73.7744421!16s%2Fg%2F11gxwrddvs!19sChIJk1BH1bbr3TsRwNLUx0JfuE4?authuser=0&hl=en&rclk=1,Joggers Pavillion,255,Restaurant,19.9924936,73.7744421,·,,,3.8,9,113,panchvati
396,https://www.google.com/maps/place/Hotel+Sai+Saya/data=!4m10!3m9!1s0x3bddeb161ef0dae1:0x3e1bf84a3870662e!5m2!4m1!1i2!8m2!3d19.9773527!4d73.7783525!16s%2Fg%2F11cm0j48q2!19sChIJ4drwHhbr3TsRLmZwOEr4Gz4?authuser=0&hl=en&rclk=1,Hotel Sai Saya,255,3-star hotel,19.9773527,73.7783525,,,,3.7,1619,136,college road
397,https://www.google.com/maps/place/The+SSK+Solitaire+Hotel+and+Banquets/data=!4m10!3m9!1s0x3bddeb0dcb37ae5b:0xe22c9db9b749b608!5m2!4m1!1i2!8m2!3d19.9911817!4d73.7760767!16s%2Fg%2F11b5wqf6hv!19sChIJW643yw3r3TsRCLZJt7mdLOI?authuser=0&hl=en&rclk=1,The SSK Solitaire Hotel and Banquets,255,3-star hotel,19.9911817,73.7760767,Informal hotel with dining & a spa,,,4.2,5623,89,panchvati
398,https://www.google.com/maps/place/Chowmein+Chinese+And+Fast+Food/data=!4m7!3m6!1s0x3bddebec07fbb9e7:0xe4b063662c540520!8m2!3d19.979379!4d73.7579703!16s%2Fg%2F11ss4yk1rt!19sChIJ57n7B-zr3TsRIAVULGZjsOQ?authuser=0&hl=en&rclk=1,Chowmein Chinese And Fast Food,100,Fast Food,19.979379,73.7579703,·,,,5,19,81,college road
399,https://www.google.com/maps/place/IDA+GROUP+OF+HOTELS+AND+RESTAURANTS/data=!4m7!3m6!1s0x3bddebe9bfecf36f:0x88e88a63686c8199!8m2!3d19.982495!4d73.776366!16s%2Fg%2F11wpz9lpgv!19sChIJb_Psv-nr3TsRmYFsaGOK6Ig?authuser=0&hl=en&rclk=1,IDA GROUP OF HOTELS AND RESTAURANTS,300,Restaurant,19.982495,73.776366,· ·,,,2.3,3,99,untwadi road
400,"https://www.google.com/maps/place/Domino%27s+Pizza+%7C+Untwadi+Road,+Nashik/data=!4m7!3m6!1s0x3bddebf4193c1115:0xac5984f66b05400b!8m2!3d19.990596!4d73.7622077!16s%2Fg%2F11j2439rby!19sChIJFRE8GfTr3TsRC0AFa_aEWaw?authuser=0&hl=en&rclk=1","Domino's Pizza | Untwadi Road, Nashik",300,Pizza,19.990596,73.7622077,· ·,,,3.1,220,99,college road
401,https://www.google.com/maps/place/Momentt-+Enrise+by+Sayaji/data=!4m7!3m6!1s0x3bddebe1116c7899:0x52652832ecfc2832!8m2!3d19.9781983!4d73.7857468!16s%2Fg%2F11sp5tkl7z!19sChIJmXhsEeHr3TsRMij87DIoZVI?authuser=0&hl=en&rclk=1,Momentt- Enrise by Sayaji,255,North Indian,19.9781983,73.7857468,· ·,,,2.6,9,103,panchvati
402,https://www.google.com/maps/place/FUSION+Indo-chinese+restaurant/data=!4m7!3m6!1s0x3bddeb9df56ef7cd:0x53c2ccfbd4b85949!8m2!3d19.9741985!4d73.7872685!16s%2Fg%2F11l7z5ry0k!19sChIJzfdu9Z3r3TsRSVm41PvMwlM?authuser=0&hl=en&rclk=1,FUSION Indo-chinese restaurant,100,Chinese,19.9741985,73.7872685,· ·,,,4.5,33,93,sharanpur road
403,https://www.google.com/maps/place/Darshan+restaurants/data=!4m7!3m6!1s0x3bddebe3d7b0bf67:0xb345d0c11ac1615a!8m2!3d19.9814672!4d73.7823969!16s%2Fg%2F11h4d6j573!19sChIJZ7-w1-Pr3TsRWmHBGsHQRbM?authuser=0&hl=en&rclk=1,Darshan restaurants,255,Family-friendly,19.9814672,73.7823969,·,,,5,2,100,satpur
404,https://www.google.com/maps/place/Kandri+restaurant/data=!4m7!3m6!1s0x3bddeba93cad5ba1:0xdb0db46c4a48ad20!8m2!3d19.9743322!4d73.7757711!16s%2Fg%2F11nxg7cdlg!19sChIJoVutPKnr3TsRIK1ISmy0Dds?authuser=0&hl=en&rclk=1,Kandri restaurant,255,Indian,19.9743322,73.7757711,· ·,,,2.7,6,117,panchvati
405,https://www.google.com/maps/place/KITCHEN+MANNAT+FAMILY+RESTAURANT/data=!4m7!3m6!1s0x3bddeb3bf5f1fe63:0x982ba9beab9fb0cc!8m2!3d19.9842073!4d73.7913835!16s%2Fg%2F11sfd_wpxy!19sChIJY_7x9Tvr3TsRzLCfq76pK5g?authuser=0&hl=en&rclk=1,KITCHEN MANNAT FAMILY RESTAURANT,255,Restaurant,19.9842073,73.7913835,·,,,2,1,96,cidco
406,https://www.google.com/maps/place/Rajasthani+Rasoi/data=!4m7!3m6!1s0x3bddeb32f08d7fed:0x246cbdff8eac68d2!8m2!3d19.9782554!4d73.7801191!16s%2Fg%2F11wxjz9z5m!19sChIJ7X-N8DLr3TsR0misjv-9bCQ?authuser=0&hl=en&rclk=1,Rajasthani Rasoi,255,Rajasthani Restaurant,19.9782554,73.7801191,·,,,4,524,81,panchvati
407,https://www.google.com/maps/place/Mauli+Restaurants+And+Cafe/data=!4m7!3m6!1s0x3bddebadf3044499:0x7aaf2b0611d4901d!8m2!3d19.9762984!4d73.779862!16s%2Fg%2F11wg8rbxqt!19sChIJmUQE863r3TsRHZDUEQYrr3o?authuser=0&hl=en&rclk=1,Mauli Restaurants And Cafe,255,Restaurant,19.9762984,73.779862,·,,,3.8,524,80,indira nagar
408,https://www.google.com/maps/place/Kainaat+-+Zafar+Bhai%27s+Restaurant/data=!4m7!3m6!1s0x3bddeb03c282cecf:0xe790301fdb153594!8m2!3d19.9949442!4d73.7905143!16s%2Fg%2F11fzfbcq1w!19sChIJz86CwgPr3TsRlDUV2x8wkOc?authuser=0&hl=en&rclk=1,Kainaat - Zafar Bhai's Restaurant,100,Restaurant,19.9949442,73.7905143,· ·,,,4.4,151,80,dwarka
409,https://www.google.com/maps/place/Tuljai+Pure+Veg+Restaurant/data=!4m7!3m6!1s0x3bddeb45164e966d:0xa2986b94a593c289!8m2!3d19.9707395!4d73.7540628!16s%2Fg%2F11r_cnsr09!19sChIJbZZOFkXr3TsRicKTpZRrmKI?authuser=0&hl=en&rclk=1,Tuljai Pure Veg Restaurant,255,Vegetarian,19.9707395,73.7540628,·,,,3.5,2,83,cidco
410,https://www.google.co.in/maps/place/Om+Gurudev+Dinning+Hall/data=!4m7!3m6!1s0x3bddf4cba5423095:0x7bb19cdf270aee5e!8m2!3d19.9342795!4d73.5321077!16s%2Fg%2F11gfhgl9d3!19sChIJlTBCpcv03TsRXu4KJ9-csXs?authuser=0&hl=en&rclk=1,Om Gurudev Dinning Hall,100,Punjabi,19.9342795,73.5321077,·,⋅ Closes 11 pm,,4,344,82,trimbakeshwar
411,https://www.google.co.in/maps/place/Pangat+Bhojanalaya/data=!4m7!3m6!1s0x3bddf4cc688bde8b:0xdc65d1e7b57ca1b3!8m2!3d19.934106!4d73.528692!16s%2Fg%2F11g8nnxl_d!19sChIJi96LaMz03TsRs6F8tefRZdw?authuser=0&hl=en&rclk=1,Pangat Bhojanalaya,100,Vegetarian,19.934106,73.528692,"WGMH+JFW, Teli Galli",⋅ Closes 2 pm ⋅ Reopens 7 pm,,4.4,197,79,trimbakeshwar
412,https://www.google.co.in/maps/place/Ambika+Bhojnalaya/data=!4m7!3m6!1s0x3bddf4cb62c7c75b:0x4e0ca53588e826f8!8m2!3d19.9326764!4d73.5300833!16s%2Fg%2F11fxxn0d5d!19sChIJW8fHYsv03TsR-CboiDWlDE4?authuser=0&hl=en&rclk=1,Ambika Bhojnalaya,100,Vegetarian,19.9326764,73.5300833,·,⋅ Closes 9:15 pm,,4.1,170,81,trimbakeshwar
413,https://www.google.co.in/maps/place/Three+Leaves+Pure+Veg+Restaurant/data=!4m7!3m6!1s0x3bddf4c9a24d69e1:0x2679c830a413df79!8m2!3d19.9382446!4d73.5334202!16s%2Fg%2F11gfsq_r22!19sChIJ4WlNosn03TsRed8TpDDIeSY?authuser=0&hl=en&rclk=1,Three Leaves Pure Veg Restaurant,300,Vegetarian,19.9382446,73.5334202,"WGQM+79V, Unnamed Road",⋅ Closes 11 pm,,4.1,180,83,trimbakeshwar
414,https://www.google.co.in/maps/place/Dhruv+Palace+Pure+Veg+Restaurant/data=!4m7!3m6!1s0x3bddf5686c9cf8c1:0xf005a12392dddb16!8m2!3d19.9364342!4d73.5342636!16s%2Fg%2F11s4x567_r!19sChIJwficbGj13TsRFtvdkiOhBfA?authuser=0&hl=en&rclk=1,Dhruv Palace Pure Veg Restaurant,500,Vegetarian,19.9364342,73.5342636,"Sri Krishna Colony, Satyanarayan Temple Main Rd",⋅ Closes 11 pm,,4.3,30,83,trimbakeshwar
415,https://www.google.co.in/maps/place/Trimurthy+bhojanalaya/data=!4m7!3m6!1s0x3bddf5fd686fd965:0x639054d5c1d8a9e9!8m2!3d19.9324835!4d73.5282149!16s%2Fg%2F11h_6hptby!19sChIJZdlvaP313TsR6anYwdVUkGM?authuser=0&hl=en&rclk=1,Trimurthy bhojanalaya,255,Restaurant,19.9324835,73.5282149,"Sonar dharmshala, indra kunda Kushavart",,,4.7,22,81,trimbakeshwar
416,https://www.google.co.in/maps/place/Mayur+Restaurant/data=!4m7!3m6!1s0x3bddf4ccefc44861:0xc1567b28f8c5cea1!8m2!3d19.9349267!4d73.5316193!16s%2Fg%2F11fxb4f336!19sChIJYUjE78z03TsRoc7F-Ch7VsE?authuser=0&hl=en&rclk=1,Mayur Restaurant,100,Family-friendly,19.9349267,73.5316193,"417, Satyanarayan Temple Main Rd",⋅ Closes 8 pm,,4.3,21,85,trimbakeshwar
417,https://www.google.co.in/maps/place/Hotel+Vedant+Restaurant/data=!4m7!3m6!1s0x3bddf5ef063a3117:0x1acc3e2e151ebd22!8m2!3d19.9394068!4d73.5341951!16s%2Fg%2F11h1ywrg2x!19sChIJFzE6Bu_13TsRIr0eFS4-zBo?authuser=0&hl=en&rclk=1,Hotel Vedant Restaurant,200,South Indian,19.9394068,73.5341951,"WGQM+QM8, NH848",⋅ Closes 11 pm,,3.4,357,79,trimbakeshwar
418,https://www.google.co.in/maps/place/Gajanan+bhojnalaya/data=!4m7!3m6!1s0x3bddf5427a473d09:0x4e442aeca32e4dfa!8m2!3d19.9375979!4d73.5366495!16s%2Fg%2F11lkdxmxsf!19sChIJCT1HekL13TsR-k0uo-wqRE4?authuser=0&hl=en&rclk=1,Gajanan bhojnalaya,100,Restaurant,19.9375979,73.5366495,WGQP+2MJ,,,4.2,83,80,trimbakeshwar
419,https://www.google.co.in/maps/place/Rajasthani+Bhojanalaya/data=!4m7!3m6!1s0x3bddf4cddd383b8b:0x4cd898d059603059!8m2!3d19.9343951!4d73.5326512!16s%2Fg%2F11c2067v48!19sChIJizs43c303TsRWTBgWdCY2Ew?authuser=0&hl=en&rclk=1,Rajasthani Bhojanalaya,300,Indian,19.9343951,73.5326512,Ambedkar Chawk,⋅ Closes 11 pm,,3.2,289,83,trimbakeshwar
420,https://www.google.co.in/maps/place/Bhaktaniwas+no.+2+and+Bhojanalaya/data=!4m7!3m6!1s0x3bddf4b5b7d86f31:0x16fe9bf0ad2383b0!8m2!3d19.935676!4d73.5382551!16s%2Fg%2F11gdzpqls_!19sChIJMW_Yt7X03TsRsIMjrfCb_hY?authuser=0&hl=en&rclk=1,Bhaktaniwas no. 2 and Bhojanalaya,100,Indian,19.935676,73.5382551,WGPQ+78C,⋅ Closes 11 pm,,4.3,63,80,trimbakeshwar
421,https://www.google.co.in/maps/place/Shri+Prasad+Bhojanalay/data=!4m7!3m6!1s0x3bddf59c5fddc42b:0x4b20253482c9721a!8m2!3d19.9317782!4d73.529473!16s%2Fg%2F11lrrg8n99!19sChIJK8TdX5z13TsRGnLJgjQlIEs?authuser=0&hl=en&rclk=1,Shri Prasad Bhojanalay,100,Indian,19.9317782,73.529473,"panchali corner, 3 khaniya hall, near bank of baroda, behind Trimbakeshwar main temple",⋅ Closes 10 pm,,4.4,11,81,trimbakeshwar
422,https://www.google.co.in/maps/place/%E0%A4%B6%E0%A5%8D%E0%A4%B0%E0%A5%80+%E0%A4%B8%E0%A5%8D%E0%A4%B5%E0%A4%BE%E0%A4%AE%E0%A5%80+%E0%A4%B8%E0%A4%AE%E0%A4%B0%E0%A5%8D%E0%A4%A5+%E0%A4%B0%E0%A5%87%E0%A4%B8%E0%A5%8D%E0%A4%9F%E0%A5%89%E0%A4%B0%E0%A4%82%E0%A4%9F/data=!4m7!3m6!1s0x3bddf4cb6ddcce5f:0xca9818aea91e1d69!8m2!3d19.932667!4d73.531048!16s%2Fg%2F11b6t1q5sd!19sChIJX87cbcv03TsRaR0eqa4YmMo?authuser=0&hl=en&rclk=1,श्री स्वामी समर्थ रेस्टॉरंट,255,Restaurant,19.932667,73.531048,·,⋅ Closes 9:30 pm,,3.7,25,79,trimbakeshwar
423,https://www.google.co.in/maps/place/Shiv+Sagar/data=!4m7!3m6!1s0x3bddf538771aef1b:0xaf0036d00a26798d!8m2!3d19.941305!4d73.5331757!16s%2Fg%2F11fr2xt_y0!19sChIJG-8adzj13TsRjXkmCtA2AK8?authuser=0&hl=en&rclk=1,Shiv Sagar,100,Restaurant,19.941305,73.5331757,"WGRM+G7F, NH848",,,3.7,24,77,trimbakeshwar
424,https://www.google.co.in/maps/place/Bholehar+Restaurant/data=!4m7!3m6!1s0x3bddf4cb651b6be1:0x2ee1ec805901b5e0!8m2!3d19.9325841!4d73.5306482!16s%2Fg%2F11cms_nx0g!19sChIJ4WsbZcv03TsR4LUBWYDs4S4?authuser=0&hl=en&rclk=1,Bholehar Restaurant,100,Family-friendly,19.9325841,73.5306482,near Trimbakeshwar Temple,⋅ Closes 11 pm,,3,50,81,trimbakeshwar
425,https://www.google.co.in/maps/place/Sukh+Sagar+Restaurant/data=!4m7!3m6!1s0x3bddf5c7a336dccf:0x1a7d6b13067d2315!8m2!3d19.9343611!4d73.5325737!16s%2Fg%2F11v05yj9_0!19sChIJz9w2o8f13TsRFSN9BhNrfRo?authuser=0&hl=en&rclk=1,Sukh Sagar Restaurant,100,Indian,19.9343611,73.5325737,WGMM+P2W,⋅ Closes 11 pm,,2.4,94,8,trimbakeshwar
426,https://www.google.co.in/maps/place/Aannapurna+bhojnalay+st+trimabk/data=!4m7!3m6!1s0x3bddf5da11b8b55d:0x9dd472f462fe149c!8m2!3d19.9317598!4d73.5288877!16s%2Fg%2F11n002ft18!19sChIJXbW4Edr13TsRnBT-YvRy1J0?authuser=0&hl=en&rclk=1,Aannapurna bhojnalay st trimabk,255,Family-friendly,19.9317598,73.5288877,"Hno-140,Ashirwad,pach ali Trimbakeshwar",,,3.9,14,12,trimbakeshwar
427,https://www.google.co.in/maps/place/HOTEL+SAI+PRASAD/data=!4m7!3m6!1s0x3bddf5000dcaa7e3:0x7ab05d07f8807758!8m2!3d19.9392666!4d73.538265!16s%2Fg%2F11wxjvmwr2!19sChIJ46fKDQD13TsRWHeA-AddsHo?authuser=0&hl=en&rclk=1,HOTEL SAI PRASAD,300,Vegetarian,19.9392666,73.538265,bharat petroliam,⋅ Closes 1 am,,5,10,79,trimbakeshwar
428,https://www.google.co.in/maps/place/Hotel+mahol/data=!4m7!3m6!1s0x3bddf5483c4e6e8d:0x2d285c9add689ec2!8m2!3d19.9456179!4d73.5282311!16s%2Fg%2F11thb_qs8r!19sChIJjW5OPEj13TsRwp5o3ZpcKC0?authuser=0&hl=en&rclk=1,Hotel mahol,255,Restaurant,19.9456179,73.5282311,Tryambakeshwer जव्हार रोड रोकडे वाडी त्र्यंबक नाशिक near Javhar phata trambakeshwer,,,4.3,60,80,trimbakeshwar
429,https://www.google.co.in/maps/place/Hotel+Shivanand+Dhaba/data=!4m7!3m6!1s0x3bddf566afdf4533:0xcf7d2ab625eaf2e2!8m2!3d19.9528797!4d73.5241841!16s%2Fg%2F11ll5m997s!19sChIJM0Xfr2b13TsR4vLqJbYqfc8?authuser=0&hl=en&rclk=1,Hotel Shivanand Dhaba,255,Indian,19.9528797,73.5241841,"XG3F+5M3, NH848",⋅ Closes 11:30 pm,,4.1,17,81,trimbakeshwar
430,https://www.google.co.in/maps/place/Hotel+BG+FARM/data=!4m7!3m6!1s0x3bdd8b00122ac40d:0x7e43bc34cb6faf0a!8m2!3d19.9269811!4d73.5537893!16s%2Fg%2F11vjr1czkq!19sChIJDcQqEgCL3TsRCq9vyzS8Q34?authuser=0&hl=en&rclk=1,Hotel BG FARM,100,Family-friendly,19.9269811,73.5537893,B G FARM,⋅ Closes 5 pm,,5,10,81,trimbakeshwar
431,https://www.google.co.in/maps/place/Shivkrupa+Bhojanalay/data=!4m7!3m6!1s0x3bddf4ccebb7b003:0x220e048b0000000!8m2!3d19.9319464!4d73.5283013!16s%2Fg%2F11p6sn0qlr!19sChIJA7C368z03TsRAAAAsEjgIAI?authuser=0&hl=en&rclk=1,Shivkrupa Bhojanalay,255,Restaurant,19.9319464,73.5283013,131,⋅ Closes 9:40 pm,,4.8,9,80,trimbakeshwar
432,https://www.google.co.in/maps/place/Hotel+Chandrama/data=!4m7!3m6!1s0x3bddf4cb6e018c07:0x1c7f6fd4e6ebfc33!8m2!3d19.9326826!4d73.5310585!16s%2Fg%2F11c606xry9!19sChIJB4wBbsv03TsRM_zr5tRvfxw?authuser=0&hl=en&rclk=1,Hotel Chandrama,100,Restaurant,19.9326826,73.5310585,WGMJ+3CF,⋅ Closes 10 pm,,3.9,25,79,trimbakeshwar
433,https://www.google.co.in/maps/place/Trimbakraj+Bhojanalay/data=!4m7!3m6!1s0x3bddf4cbe2e869b9:0x358c6775b99f64e6!8m2!3d19.9360285!4d73.5301383!16s%2Fg%2F11rvdclzmv!19sChIJuWno4sv03TsR5mSfuXVnjDU?authuser=0&hl=en&rclk=1,Trimbakraj Bhojanalay,255,Restaurant,19.9360285,73.5301383,WGPJ+C36,,,5,1,80,trimbakeshwar
434,https://www.google.co.in/maps/place/Kokni+Darbar/data=!4m7!3m6!1s0x3bddf57879551cbb:0xb04828e32d7ca107!8m2!3d19.9346245!4d73.532494!16s%2Fg%2F11j489td6s!19sChIJuxxVeXj13TsRB6F8LeMoSLA?authuser=0&hl=en&rclk=1,Kokni Darbar,255,Restaurant,19.9346245,73.532494,"Shop 2, Ambedkar Chwok Nagar Palika, Trimbakeshwar",⋅ Closes 11 pm,,3.4,17,80,trimbakeshwar
435,https://www.google.co.in/maps/place/Jogeshwari+Food+Corner/data=!4m7!3m6!1s0x3bddf5a5b15ab66d:0x6c344cffe50aacce!8m2!3d19.932675!4d73.531265!16s%2Fg%2F11mp1g03vb!19sChIJbbZasaX13TsRzqwK5f9MNGw?authuser=0&hl=en&rclk=1,Jogeshwari Food Corner,255,Restaurant,19.932675,73.531265,246,⋅ Closes 9 pm,,4.4,7,83,trimbakeshwar
436,https://www.google.co.in/maps/place/Ballaleshwar+Bhojnalaya./data=!4m7!3m6!1s0x3bddf50035396c05:0x37505730df7d1e95!8m2!3d19.9327193!4d73.526752!16s%2Fg%2F11y8xk36t9!19sChIJBWw5NQD13TsRlR593zBXUDc?authuser=0&hl=en&rclk=1,Ballaleshwar Bhojnalaya.,255,Restaurant,19.9327193,73.526752,"Shalini Sadan, Nivrutti Nath Rd",,,5,1,83,trimbakeshwar
437,https://www.google.co.in/maps/place/ManuDevi+Bhojnalay/data=!4m7!3m6!1s0x3bddf5007f78ce8d:0x1a364f00b86ff2be!8m2!3d19.9330104!4d73.5291741!16s%2Fg%2F11w32k_kgr!19sChIJjc54fwD13TsRvvJvuABPNho?authuser=0&hl=en&rclk=1,ManuDevi Bhojnalay,255,Indian,19.9330104,73.5291741,"laxminarayan chauk, At Post, TrambakeshearKushawarta Road, near Bhaji Bazzar",⋅ Closes 10 pm,,5,2,80,trimbakeshwar
438,https://www.google.co.in/maps/place/Shivsagar+Snacks/data=!4m7!3m6!1s0x3bddf529a15b6ebf:0xcccd69a103195f21!8m2!3d19.9339193!4d73.5305797!16s%2Fg%2F11sw4kqlmf!19sChIJv25boSn13TsRIV8ZA6Fpzcw?authuser=0&hl=en&rclk=1,Shivsagar Snacks,255,Indian,19.9339193,73.5305797,WGMJ+H64,,,4,1,80,trimbakeshwar
439,https://www.google.co.in/maps/place/Hotel+Mahadev/data=!4m7!3m6!1s0x3bddf50060eb3677:0xf54aff7eea14744a!8m2!3d19.9374901!4d73.5358732!16s%2Fg%2F11wr047cz5!19sChIJdzbrYAD13TsRSnQU6n7_SvU?authuser=0&hl=en&rclk=1,Hotel Mahadev,255,Family-friendly,19.9374901,73.5358732,WGPP+X8X,,,5,1,80,trimbakeshwar
440,https://www.google.co.in/maps/place/Hotel+Annapurna/data=!4m7!3m6!1s0x3bddf4b602a03a4b:0x3e3b0bc234c00193!8m2!3d19.9375039!4d73.5358434!16s%2Fg%2F11dxbpbtj7!19sChIJSzqgArb03TsRkwHANMILOz4?authuser=0&hl=en&rclk=1,Hotel Annapurna,255,Restaurant,19.9375039,73.5358434,NH848,,,3.4,112,80,trimbakeshwar
441,https://www.google.co.in/maps/place/Shivanand+Restuarant/data=!4m7!3m6!1s0x3bddf57734e6e43f:0x6421cbe23883d5ed!8m2!3d19.933981!4d73.5308437!16s%2Fg%2F11rpdb2y42!19sChIJP-TmNHf13TsR7dWDOOLLIWQ?authuser=0&hl=en&rclk=1,Shivanand Restuarant,100,Fast Food,19.933981,73.5308437,Shop No 1 Shivanand Building Patil Lane Trambakeshwar,⋅ Closes 12 am,,3.1,10,82,trimbakeshwar
442,https://www.google.co.in/maps/place/Rajesh+Kumar+Shrimali+Rajsthani+Bhojanalay/data=!4m7!3m6!1s0x3bddf522327dfef9:0x9787af88f74cea42!8m2!3d19.9321945!4d73.5307294!16s%2Fg%2F11kprjhpkx!19sChIJ-f59MiL13TsRQupM94ivh5c?authuser=0&hl=en&rclk=1,Rajesh Kumar Shrimali Rajsthani Bhojanalay,255,Restaurant,19.9321945,73.5307294,"Shop No.594, Tramabakeshwar, Trambakeshwar",⋅ Closes 11 pm,,5,1,18,trimbakeshwar
443,https://www.google.co.in/maps/place/Sai+kripa+snacks+corner/data=!4m7!3m6!1s0x3bddf56306699009:0x874973fc9393f712!8m2!3d19.9332554!4d73.5307584!16s%2Fg%2F11lt4hbnm5!19sChIJCZBpBmP13TsREveTk_xzSYc?authuser=0&hl=en&rclk=1,Sai kripa snacks corner,255,Indian,19.9332554,73.5307584,"Shikhare Guruji 563/B, Tirtharaj, near Post Office",,,3.8,4,80,trimbakeshwar
444,https://www.google.co.in/maps/place/Hotel+Panchamrut+pure+veg/data=!4m7!3m6!1s0x3bddf50038bc5789:0x8d36ae4b82bb6d57!8m2!3d19.9332895!4d73.5307642!16s%2Fg%2F11vs5p3xpd!19sChIJiVe8OAD13TsRV227gkuuNo0?authuser=0&hl=en&rclk=1,Hotel Panchamrut pure veg,255,Indian,19.9332895,73.5307642,"303, Main Rd",⋅ Closes 11 pm,,2.9,15,80,trimbakeshwar
445,https://www.google.co.in/maps/place/Shravni+Bhojnalaya/data=!4m7!3m6!1s0x3bddf527999c1e7b:0x971103f33976926c!8m2!3d19.9376415!4d73.5349564!16s%2Fg%2F11tg271snh!19sChIJex6cmSf13TsRbJJ2OfMDEZc?authuser=0&hl=en&rclk=1,Shravni Bhojnalaya,255,Family-friendly,19.9376415,73.5349564,Gangotri,,,3.3,6,80,trimbakeshwar
446,https://www.google.co.in/maps/place/Hotel+Om+gurudev/data=!4m7!3m6!1s0x3bddf5ebbe6d9ba3:0x605680c6b3c704bb!8m2!3d19.9464974!4d73.555956!16s%2Fg%2F11fzwg_380!19sChIJo5ttvuv13TsRuwTHs8aAVmA?authuser=0&hl=en&rclk=1,Hotel Om gurudev,255,Family-friendly,19.9464974,73.555956,"survay no gatno 613/A pegalwdai Anjaneri Shiwar Atpo Tramakeswar ,anjaneri Shiwar",,,4.1,287,86,trimbakeshwar
447,https://www.google.co.in/maps/place/Hotel+Rajasthani/data=!4m7!3m6!1s0x3bddf56481586abd:0x8c9fd98e6a1b13c9!8m2!3d19.9346921!4d73.5306342!16s%2Fg%2F11h2698r6h!19sChIJvWpYgWT13TsRyRMbao7Zn4w?authuser=0&hl=en&rclk=1,Hotel Rajasthani,300,Rajasthani Restaurant,19.9346921,73.5306342,"Shop no 1, Patil Lane Number 1",⋅ Closes 10 pm,,2.3,33,85,trimbakeshwar
448,https://www.google.co.in/maps/place/Rajkamal+family+Restaurant/data=!4m7!3m6!1s0x3bddf5bcfa92a4ab:0xc610cec2a9fb3a78!8m2!3d19.932864!4d73.5313718!16s%2Fg%2F11k4b6s_cm!19sChIJq6SS-rz13TsReDr7qcLOEMY?authuser=0&hl=en&rclk=1,Rajkamal family Restaurant,255,Restaurant,19.932864,73.5313718,WGMJ+4GX,,,1.8,4,39,trimbakeshwar
449,https://www.google.co.in/maps/place/Shiv+bikaner+nashta+centre/data=!4m7!3m6!1s0x3bddf539f30ba12b:0x902042176366fb82!8m2!3d19.933873!4d73.5307752!16s%2Fg%2F11t7skkg1r!19sChIJK6EL8zn13TsRgvtmYxdCIJA?authuser=0&hl=en&rclk=1,Shiv bikaner nashta centre,200,Breakfast,19.933873,73.5307752,"Patil Galli, opp. taxi stand, near bus stand",,,3.4,7,79,trimbakeshwar
450,https://www.google.co.in/maps/place/Shrinivasan+uphar+grah/data=!4m7!3m6!1s0x3bddf505bc21cca9:0x58c02e0d43b7913c!8m2!3d19.9370512!4d73.541575!16s%2Fg%2F11kqbq1mft!19sChIJqcwhvAX13TsRPJG3Qw0uwFg?authuser=0&hl=en&rclk=1,Shrinivasan uphar grah,255,Restaurant,19.9370512,73.541575,WGPR+PJQ Sevekari Nivas,,,3,1,79,trimbakeshwar
451,https://www.google.co.in/maps/place/Annapurna+Bhojanalay/data=!4m7!3m6!1s0x3bddf4b689aa0bd3:0x4cf15ccf30000000!8m2!3d19.9380976!4d73.5389824!16s%2Fg%2F11s0fh01w6!19sChIJ0wuqibb03TsRAAAAMM9c8Uw?authuser=0&hl=en&rclk=1,Annapurna Bhojanalay,255,Restaurant,19.9380976,73.5389824,"Shop No 21 22 Trimbak Jawhar, Road",,,3.3,3,79,trimbakeshwar
452,https://www.google.co.in/maps/place/Shree+Sai+Wadewale/data=!4m7!3m6!1s0x3bddf520945a4c5d:0xc53a550f8193028b!8m2!3d19.93467!4d73.5308383!16s%2Fg%2F11t168npm2!19sChIJXUxalCD13TsRiwKTgQ9VOsU?authuser=0&hl=en&rclk=1,Shree Sai Wadewale,255,Fast Food,19.93467,73.5308383,WGMJ+V8W,⋅ Closes 10 pm,,5,3,79,trimbakeshwar
453,https://www.google.co.in/maps/place/Trambakraj+Pedha+Center/data=!4m7!3m6!1s0x3bddf5a89a79331d:0x7a1654be9c179420!8m2!3d19.9331454!4d73.5281494!16s%2Fg%2F11q4m1hdrh!19sChIJHTN5mqj13TsRIJQXnL5UFno?authuser=0&hl=en&rclk=1,Trambakraj Pedha Center,255,Fast Food,19.9331454,73.5281494,"Shop No 1, Main Rd, near Kushavart Talav",,,5,1,11,trimbakeshwar
454,https://www.google.co.in/maps/place/Richira+pure+veg+family+restaurant/data=!4m7!3m6!1s0x3bddf5003d07ec7b:0x1edca17c260df783!8m2!3d19.9333235!4d73.5282892!16s%2Fg%2F11w7h5j7lk!19sChIJe-wHPQD13TsRg_cNJnyh3B4?authuser=0&hl=en&rclk=1,Richira pure veg family restaurant,255,Family-friendly,19.9333235,73.5282892,"1st Floor, Kushavart Tirth Chowk, Shri Ganga Godavari Mandir",,,1,2,84,trimbakeshwar
455,https://www.google.co.in/maps/place/Shankar+Suvan+Tea+%26+Snacks+Center/data=!4m7!3m6!1s0x3bddf529f9cbb139:0xa7efbe1ad4911b0b!8m2!3d19.930557!4d73.5277783!16s%2Fg%2F11qzjtjwq6!19sChIJObHL-Sn13TsRCxuR1Bq-76c?authuser=0&hl=en&rclk=1,Shankar Suvan Tea & Snacks Center,255,Breakfast,19.930557,73.5277783,64 Pach Aali,,,3.7,3,80,trimbakeshwar
456,https://www.google.co.in/maps/place/Shelke+Bandhu+Farsan/data=!4m7!3m6!1s0x3bddf50099e79bb1:0x19a9eee32b7caf47!8m2!3d19.9332075!4d73.5283801!16s%2Fg%2F11j8z20t50!19sChIJsZvnmQD13TsRR698K-PuqRk?authuser=0&hl=en&rclk=1,Shelke Bandhu Farsan,255,Restaurant,19.9332075,73.5283801,"417, Satyanarayan Temple Main Rd",⋅ Closes 9 pm,,3.7,7,80,trimbakeshwar
457,https://www.google.co.in/maps/place/Nisarga+Raja+Khaada+Kombdi/data=!4m7!3m6!1s0x3bdd8b003dc19a35:0x3a6fdf4deebc92d9!8m2!3d19.9271203!4d73.5545002!16s%2Fg%2F11w1d9q_lk!19sChIJNZrBPQCL3TsR2ZK87k3fbzo?authuser=0&hl=en&rclk=1,Nisarga Raja Khaada Kombdi,255,Fried Chicken,19.9271203,73.5545002,,,,5,5,38,trimbakeshwar
458,https://www.google.co.in/maps/place/Hotel+Shiv+Shakti/data=!4m7!3m6!1s0x3bddf5bc6f82dfbb:0xf76b23274ec93c91!8m2!3d19.9393177!4d73.5383184!16s%2Fg%2F11y4z6zbwk!19sChIJu9-Cb7z13TsRkTzJTicja_c?authuser=0&hl=en&rclk=1,Hotel Shiv Shakti,100,Restaurant,19.9393177,73.5383184,"Shop No 01, Main Road, near Bus Stop",,,2.3,15,80,trimbakeshwar
459,https://www.google.co.in/maps/place/Shivneri+Snacks+Center/data=!4m7!3m6!1s0x3bddf5e9a3875aab:0xa48b616e3bdebfbc!8m2!3d19.9328722!4d73.5313896!16s%2Fg%2F11tcrnrc0q!19sChIJq1qHo-n13TsRvL_eO25hi6Q?authuser=0&hl=en&rclk=1,Shivneri Snacks Center,255,Breakfast,19.9328722,73.5313896,WGMJ+4HR,,,2.4,5,79,trimbakeshwar
460,https://www.google.co.in/maps/place/Hotel+Shri+Tryambakam/data=!4m7!3m6!1s0x3bddf50ed189300d:0xbe33c2b6223c450a!8m2!3d19.9340124!4d73.5306122!16s%2Fg%2F11krrc1h_s!19sChIJDTCJ0Q713TsRCkU8IrbCM74?authuser=0&hl=en&rclk=1,Hotel Shri Tryambakam,200,Vegetarian,19.9340124,73.5306122,"Number 1, Mauli Palace, 544, Patil Galli",⋅ Closes 11 pm,,2.2,12,81,trimbakeshwar
461,https://www.google.co.in/maps/place/Hotel+New+Rupeshwar+Tea+Stall/data=!4m7!3m6!1s0x3bddf5f166021a89:0xb35197f5b617af1e!8m2!3d19.944523!4d73.5511251!16s%2Fg%2F11h04nv_nw!19sChIJiRoCZvH13TsRHq8XtvWXUbM?authuser=0&hl=en&rclk=1,Hotel New Rupeshwar Tea Stall,255,Restaurant,19.944523,73.5511251,"WHV2+RF2, Ghoti Trimbak Rd",⋅ Closes 11 pm,,3.5,8,3,trimbakeshwar
462,https://www.google.co.in/maps/place/Shiv+Amrutulya/data=!4m7!3m6!1s0x3bddf50070f853d9:0x31dab06761e1840f!8m2!3d19.932864!4d73.5311421!16s%2Fg%2F11lcr28wz8!19sChIJ2VP4cAD13TsRD4ThYWew2jE?authuser=0&hl=en&rclk=1,Shiv Amrutulya,255,Restaurant,19.932864,73.5311421,"Shop No 1, Chatrapati Shivaji Maharaj Chowk, opp. Trimbakeshwar Temple",,,3,2,80,trimbakeshwar
463,https://www.google.co.in/maps/place/Janseva+Nashta/data=!4m7!3m6!1s0x3bddf5e2dcb29ee3:0x71c5c425844b0d84!8m2!3d19.9330634!4d73.5253866!16s%2Fg%2F11h045wwwh!19sChIJ456y3OL13TsRhA1LhCXExXE?authuser=0&hl=en&rclk=1,Janseva Nashta,255,Restaurant,19.9330634,73.5253866,"WGMG+65C, Nivrutti Nath Rd",⋅ Opens 4 pm,,4.8,9,85,trimbakeshwar
464,https://www.google.co.in/maps/place/Hotel+Shivprasad+Bhojanalaya/data=!4m7!3m6!1s0x3bddf525b1fc41a9:0x6734a0a8c85f304a!8m2!3d19.9342743!4d73.533013!16s%2Fg%2F11vjfkz0k7!19sChIJqUH8sSX13TsRSjBfyKigNGc?authuser=0&hl=en&rclk=1,Hotel Shivprasad Bhojanalaya,255,Restaurant,19.9342743,73.533013,WGMM+P62,⋅ Closes 12:30 am,,3,6,81,trimbakeshwar
465,https://www.google.co.in/maps/place/Hotel+Pahine+Villa/data=!4m7!3m6!1s0x3bdd8d9f25aeeed1:0x61fc66f8aa5c12f1!8m2!3d19.9173895!4d73.5559572!16s%2Fg%2F11y1f6s739!19sChIJ0e6uJZ-N3TsR8RJcqvhm_GE?authuser=0&hl=en&rclk=1,Hotel Pahine Villa,300,Family-friendly,19.9173895,73.5559572,road,⋅ Closes 9 pm,,4.8,5,79,trimbakeshwar
466,https://www.google.co.in/maps/place/Chicken+Biryani+centre/data=!4m7!3m6!1s0x3bddf5c9cbe78911:0x5cc266c5100dc5eb!8m2!3d19.9349858!4d73.5303002!16s%2Fg%2F11s33ny_gg!19sChIJEYnny8n13TsR68UNEMVmwlw?authuser=0&hl=en&rclk=1,Chicken Biryani centre,255,Chicken,19.9349858,73.5303002,WGPJ+22Q,,,4.1,524,80,trimbakeshwar
467,https://www.google.co.in/maps/place/Shri+Krishna+catering/data=!4m7!3m6!1s0x3bddf50032f30a63:0xece677af3f4cffc!8m2!3d19.9348257!4d73.538265!16s%2Fg%2F11wxpc7ybr!19sChIJYwrzMgD13TsR_M_083pnzg4?authuser=0&hl=en&rclk=1,Shri Krishna catering,255,Indian,19.9348257,73.538265,WGMQ+W8J,,,4.1,524,81,trimbakeshwar
468,https://www.google.co.in/maps/place/Laxmi+Chinese+And+Fast+Food+corner/data=!4m7!3m6!1s0x3bddf57860226983:0x4f68cc8eed3ceca4!8m2!3d19.934372!4d73.5326167!16s%2Fg%2F11vdlvhjy8!19sChIJg2kiYHj13TsRpOw87Y7MaE8?authuser=0&hl=en&rclk=1,Laxmi Chinese And Fast Food corner,255,Restaurant,19.934372,73.5326167,"Shop 3, Ambedkar Chwok, near Nagar Palika, opp. Bus Stand",,,1,2,3,trimbakeshwar
469,https://www.google.co.in/maps/place/Shree+Ganesh+Snacks/data=!4m7!3m6!1s0x3bddf540aae73db1:0xcd119d52f4249ff5!8m2!3d19.9332437!4d73.5282541!16s%2Fg%2F11j12h9bb6!19sChIJsT3nqkD13TsR9Z8k9FKdEc0?authuser=0&hl=en&rclk=1,Shree Ganesh Snacks,255,Restaurant,19.9332437,73.5282541,"Main road,kushawart chowk Trimbakeshwar dist-nashik Trimbakeshwar",⋅ Opens 4 pm,,5,4,79,trimbakeshwar
470,https://www.google.co.in/maps/place/Hotel+Matoshri/data=!4m7!3m6!1s0x3bddf4cb7a542797:0x942389fd1dcb1441!8m2!3d19.9329639!4d73.5305389!16s%2Fg%2F11g6xcjb89!19sChIJlydUesv03TsRQRTLHf2JI5Q?authuser=0&hl=en&rclk=1,Hotel Matoshri,100,Restaurant,19.9329639,73.5305389,WGMJ+56M,⋅ Opens 7 am Sun,,3.3,31,79,trimbakeshwar
471,https://www.google.co.in/maps/place/Shri+Swami+samarth+hotel/data=!4m7!3m6!1s0x3bddf5007d1cbbdf:0xbbbfb38167736c7c!8m2!3d19.9341254!4d73.5327747!16s%2Fg%2F11y3wkf1bk!19sChIJ37scfQD13TsRfGxzZ4Gzv7s?authuser=0&hl=en&rclk=1,Shri Swami samarth hotel,255,Restaurant,19.9341254,73.5327747,WGMM+P24,⋅ Closes 11 pm,,3,2,83,trimbakeshwar
472,https://www.google.co.in/maps/place/JAVED+BHAI+KA+DHABA/data=!4m7!3m6!1s0x3bddf504b02c87a7:0x6f86ec8919709abd!8m2!3d19.9580826!4d73.5143553!16s%2Fg%2F11q30ttm5n!19sChIJp4cssAT13TsRvZpwGYnshm8?authuser=0&hl=en&rclk=1,JAVED BHAI KA DHABA,300,Restaurant,19.9580826,73.5143553,XG57+6PQ Tribakeshwar,⋅ Closes 10 pm,,3.6,37,16,trimbakeshwar
473,https://www.google.co.in/maps/place/Mahalaxmi+Bhojnaliya/data=!4m7!3m6!1s0x3bddf50063701183:0x293a7be50b5abda2!8m2!3d19.9323508!4d73.5267688!16s%2Fg%2F11vwr9zkzw!19sChIJgxFwYwD13TsRor1aC-V7Oik?authuser=0&hl=en&rclk=1,Mahalaxmi Bhojnaliya,255,Restaurant,19.9323508,73.5267688,,,,4.1,524,79,trimbakeshwar
474,https://www.google.co.in/maps/place/Matoshri/data=!4m7!3m6!1s0x3bddf52ef7f14b6d:0x3aec9827e30e3c1b!8m2!3d19.9344557!4d73.5272!16s%2Fg%2F11wjkpbjbc!19sChIJbUvx9y713TsRGzwO4yeY7Do?authuser=0&hl=en&rclk=1,Matoshri,255,Restaurant,19.9344557,73.5272,"234, Nivrutti Nath Rd, near Sutar Dharmshala",,,4.1,524,74,trimbakeshwar
475,https://www.google.co.in/maps/place/Hotel+samadhan/data=!4m7!3m6!1s0x3bddf56a2077f8a5:0x6768e1c7a7680a67!8m2!3d19.9380012!4d73.5371031!16s%2Fg%2F11fj43mbxp!19sChIJpfh3IGr13TsRZwpop8fhaGc?authuser=0&hl=en&rclk=1,Hotel samadhan,255,Restaurant,19.9380012,73.5371031,Jawahar Rode,,,1.7,9,16,trimbakeshwar
476,https://www.google.co.in/maps/place/Aflatoon+Misal+house+and+pure+veg+restaurant+loging/data=!4m7!3m6!1s0x3bddebb06f256355:0xbefb89877b17a82a!8m2!3d19.9485868!4d73.5602102!16s%2Fg%2F11pz8h5_2f!19sChIJVWMlb7Dr3TsRKqgXe4eJ-74?authuser=0&hl=en&rclk=1,Aflatoon Misal house and pure veg restaurant loging,100,Family-friendly,19.9485868,73.5602102,,,,4,151,80,trimbakeshwar
477,https://www.google.co.in/maps/place/Shree+Misal+Vadapav+Center/data=!4m7!3m6!1s0x3bdd8bf6c5c8ff69:0xdbf2f59743ebdd5a!8m2!3d19.9292343!4d73.5281667!16s%2Fg%2F11qb8gms0w!19sChIJaf_IxfaL3TsRWt3rQ5f18ts?authuser=0&hl=en&rclk=1,Shree Misal Vadapav Center,255,Fast Food,19.9292343,73.5281667,"Shop No 1, near Laxmi Narayn Chowk Trambakeshwar",⋅ Closes 4 pm,,4.1,524,80,trimbakeshwar
478,https://www.google.co.in/maps/place/Hotel+sandeep/data=!4m7!3m6!1s0x3bddf55723daca5d:0x9b47f4c39bf3e056!8m2!3d19.9422721!4d73.5450899!16s%2Fg%2F11tspjwznb!19sChIJXcraI1f13TsRVuDzm8P0R5s?authuser=0&hl=en&rclk=1,Hotel sandeep,255,Indian,19.9422721,73.5450899,WGVV+6V4,⋅ Opens 11 am Sun,,4.6,5,4,trimbakeshwar
479,https://www.google.co.in/maps/place/Pure+Veg+Restaurant/data=!4m7!3m6!1s0x3bddf5657065c3ed:0xe61ec05019a3e370!8m2!3d19.9487138!4d73.5592278!16s%2Fg%2F11h0y6g8yb!19sChIJ7cNlcGX13TsRcOOjGVDAHuY?authuser=0&hl=en&rclk=1,Pure Veg Restaurant,300,Restaurant,19.9487138,73.5592278,WHX5+FMQ,,,3.2,140,86,trimbakeshwar
480,"https://www.google.co.in/maps/place/HOTEL+SHIVANAND+,TRIMBAKESHWAR/data=!4m10!3m9!1s0x3bddf4cb9b0edd69:0x550d65787306232f!5m2!4m1!1i2!8m2!3d19.93399!4d73.5308032!16s%2Fg%2F11bvv57r5k!19sChIJad0Om8v03TsRLyMGc3hlDVU?authuser=0&hl=en&rclk=1","HOTEL SHIVANAND ,TRIMBAKESHWAR",255,3-star hotel,19.93399,73.5308032,,,,3.7,659,3,trimbakeshwar
481,https://www.google.co.in/maps/place/Sharma+Chinese+Corner/data=!4m7!3m6!1s0x3bddf55480649e03:0x899c155e8623adfb!8m2!3d19.9342114!4d73.5296769!16s%2Fg%2F11l1yg_xp9!19sChIJA55kgFT13TsR-60jhl4VnIk?authuser=0&hl=en&rclk=1,Sharma Chinese Corner,255,Fast Food,19.9342114,73.5296769,·,⋅ Opens 5 pm,,5,4,76,trimbakeshwar
482,https://www.google.co.in/maps/place/Twin+mountain+farm+Resort/data=!4m10!3m9!1s0x3bdd8b45a5b25e31:0xab1eaf8958dc5614!5m2!4m1!1i2!8m2!3d19.9157926!4d73.5553644!16s%2Fg%2F11w7jd_9wf!19sChIJMV6ypUWL3TsRFFbcWImvHqs?authuser=0&hl=en&rclk=1,Twin mountain farm Resort,255,2-star hotel,19.9157926,73.5553644,,,,4.8,64,82,trimbakeshwar
483,https://www.google.co.in/maps/place/Trimbakeshwar+Guruji/data=!4m7!3m6!1s0x3bddf552a2c46f79:0x42d2dfca6154d96!8m2!3d19.9348494!4d73.5399949!16s%2Fg%2F11lth24y7s!19sChIJeW_EolL13TsRlk0VpvwtLQQ?authuser=0&hl=en&rclk=1,Trimbakeshwar Guruji,255,Vegetarian,19.9348494,73.5399949,"Shrikrupa Kailas, PlotNo10",,,4.1,524,3,trimbakeshwar
484,https://www.google.co.in/maps/place/Yashraj+dhaba/data=!4m7!3m6!1s0x3bddf55251f34135:0xbc7346810749fe49!8m2!3d19.9580063!4d73.5137758!16s%2Fg%2F11k3h3kbsw!19sChIJNUHzUVL13TsRSf5JB4FGc7w?authuser=0&hl=en&rclk=1,Yashraj dhaba,300,Dhaba,19.9580063,73.5137758,XG57+6G2,,,3.1,26,16,trimbakeshwar
485,https://www.google.co.in/maps/place/Hotel+Vishranti+KALPANA+SOMNATH+VAYAL/data=!4m7!3m6!1s0x3bdd8b9d22693fc3:0xbfe6a3b8341689a6!8m2!3d19.9297867!4d73.5235538!16s%2Fg%2F11y8hqtg0f!19sChIJwz9pIp2L3TsRpokWNLij5r8?authuser=0&hl=en&rclk=1,Hotel Vishranti KALPANA SOMNATH VAYAL,255,Restaurant,19.9297867,73.5235538,"Shop No 01, Main Rd, near Bramhagiri Parvat",,,4.1,524,84,trimbakeshwar
486,https://www.google.co.in/maps/place/Hotel+Dhruv+Palace/data=!4m10!3m9!1s0x3bddeacf3f1b1f1b:0xf43832ed6d271a8b!5m2!4m1!1i2!8m2!3d19.9364618!4d73.5342161!16s%2Fg%2F1tgmtqtg!19sChIJGx8bP8_q3TsRixonbe0yOPQ?authuser=0&hl=en&rclk=1,Hotel Dhruv Palace,255,3-star hotel,19.9364618,73.5342161,,,,4,1851,82,trimbakeshwar
487,https://www.google.co.in/maps/place/Sakwar+farms/data=!4m7!3m6!1s0x3bddf5bff434eb7f:0x844a64726ab9d4e9!8m2!3d19.958502!4d73.5141748!16s%2Fg%2F11qh5ymy2t!19sChIJf-s09L_13TsR6dS5anJkSoQ?authuser=0&hl=en&rclk=1,Sakwar farms,255,Restaurant,19.958502,73.5141748,jawhar road,⋅ Closes 11 pm,,4.3,6,80,trimbakeshwar
488,https://www.google.co.in/maps/place/Trinetra+Garden+Restaurant/data=!4m7!3m6!1s0x3bddf35921b93551:0xe1f84a64c427beb6!8m2!3d19.9496775!4d73.5627164!16s%2Fg%2F1jkw1l9rh!19sChIJUTW5IVnz3TsRtr4nxGRK-OE?authuser=0&hl=en&rclk=1,Trinetra Garden Restaurant,255,Family-friendly,19.9496775,73.5627164,"Nasik, Trambakeshwar Rd",,,2.8,134,16,trimbakeshwar
489,https://www.google.co.in/maps/place/Hotel+ShivSagar/data=!4m7!3m6!1s0x3bddf50032dd201b:0xc39e789a5d7a7ef3!8m2!3d19.9401132!4d73.5395914!16s%2Fg%2F11lzd_63rt!19sChIJGyDdMgD13TsR8356XZp4nsM?authuser=0&hl=en&rclk=1,Hotel ShivSagar,255,Restaurant,19.9401132,73.5395914,WGQR+P23,⋅ Opens 9 pm,,2,2,80,trimbakeshwar
490,https://www.google.co.in/maps/place/Hotel+New+Green+City+Plaza/data=!4m7!3m6!1s0x3bddcfb4de036175:0xa871e63e7849cb71!8m2!3d19.9363708!4d73.5353286!16s%2Fg%2F11h5sx8wr0!19sChIJdWED3rTP3TsRcctJeD7mcag?authuser=0&hl=en&rclk=1,Hotel New Green City Plaza,255,Restaurant,19.9363708,73.5353286,"A/p Anjaneri, Tal",,,4.1,524,16,trimbakeshwar
491,https://www.google.co.in/maps/place/Hotel+Shri+Mahalaxmi/data=!4m10!3m9!1s0x3bddf4cdc4e5b58b:0xfbf3729c5e54c3d6!5m2!4m1!1i2!8m2!3d19.9328608!4d73.5296981!16s%2Fg%2F11f5ly7q1g!19sChIJi7XlxM303TsR1sNUXpxy8_s?authuser=0&hl=en&rclk=1,Hotel Shri Mahalaxmi,255,Restaurant,19.9328608,73.5296981,,,,2.9,37,14,trimbakeshwar
492,https://www.google.co.in/maps/place/Hotel+Shivraj/data=!4m7!3m6!1s0x3bddf3589ef8294f:0x965cafb5c49998b5!8m2!3d19.9489376!4d73.5596768!16s%2Fg%2F11gc9g357r!19sChIJTyn4nljz3TsRtZiZxLWvXJY?authuser=0&hl=en&rclk=1,Hotel Shivraj,255,Restaurant,19.9489376,73.5596768,·,,,3.2,202,85,trimbakeshwar
493,https://www.google.co.in/maps/place/Shree+Shivshambho+Dabeli+And+Panipuri+Center/data=!4m7!3m6!1s0x3bddf5a72bf8a5b1:0xa06b7a000fd17af1!8m2!3d19.93595!4d73.5306751!16s%2Fg%2F11ptwy1bkk!19sChIJsaX4K6f13TsR8XrRDwB6a6A?authuser=0&hl=en&rclk=1,Shree Shivshambho Dabeli And Panipuri Center,255,Fast Food,19.93595,73.5306751,"Shop No 5, near Kumbhartal Parking Trambakeshwar",⋅ Opens 2 pm,,4.1,524,17,trimbakeshwar
494,https://www.google.co.in/maps/place/Ganesha+Palace+Hotel/data=!4m10!3m9!1s0x3bddf358838ff3a3:0xee330e125913d5f8!5m2!4m1!1i2!8m2!3d19.9482978!4d73.5597398!16s%2Fg%2F11bzq1jm30!19sChIJo_OPg1jz3TsR-NUTWRIOM-4?authuser=0&hl=en&rclk=1,Ganesha Palace Hotel,255,Family-friendly,19.9482978,73.5597398,,⋅ Closes 11 pm,,4,17,47,trimbakeshwar
495,https://www.google.co.in/maps/place/Hills+%26+Heaven+Family+Restaurant/data=!4m7!3m6!1s0x3bddf349501343e3:0x32dbe3d63d0e204d!8m2!3d19.9516722!4d73.5721389!16s%2Fg%2F11shlrc9nb!19sChIJ40MTUEnz3TsRTSAOPdbj2zI?authuser=0&hl=en&rclk=1,Hills & Heaven Family Restaurant,255,Restaurant,19.9516722,73.5721389,"Gat No.732, Near Brahma Valley College, At Post-Anjaneri",,,3.6,82,17,trimbakeshwar
496,https://www.google.co.in/maps/place/Niranjani+Akhada+Bhaktnivas+Trimbakeshwar/data=!4m10!3m9!1s0x3bddf4b5a9a55e3d:0xc744244981af4c9d!5m2!4m1!1i2!8m2!3d19.9343125!4d73.5383125!16s%2Fg%2F11c3189sxd!19sChIJPV6lqbX03TsRnUyvgUkkRMc?authuser=0&hl=en&rclk=1,Niranjani Akhada Bhaktnivas Trimbakeshwar,255,Restaurant,19.9343125,73.5383125,,,,4.2,384,16,trimbakeshwar
497,https://www.google.co.in/maps/place/Hotel+Vicky+Garden/data=!4m7!3m6!1s0x3bddf360fb574fd9:0xb98be27cbe0facb4!8m2!3d19.9506219!4d73.5649678!16s%2Fg%2F11lg0fvhd2!19sChIJ2U9X-2Dz3TsRtKwPvnzii7k?authuser=0&hl=en&rclk=1,Hotel Vicky Garden,255,Restaurant,19.9506219,73.5649678,·,,,3.3,57,17,trimbakeshwar
498,https://www.google.co.in/maps/place/Hari+om+dhaba/data=!4m7!3m6!1s0x3bddf5cde350bf79:0x2a1c8f9c0e885742!8m2!3d19.940958!4d73.5408243!16s%2Fg%2F11p03tyyl2!19sChIJeb9Q48313TsRQleIDpyPHCo?authuser=0&hl=en&rclk=1,Hari om dhaba,300,Dhaba,19.940958,73.5408243,WGRR+98P,,,3.8,48,11,trimbakeshwar
499,https://www.google.co.in/maps/place/Hotel+Sai+Durga+Palace/data=!4m7!3m6!1s0x3bddf3f387640b39:0xc8a140d27deaa586!8m2!3d19.9500992!4d73.5638667!16s%2Fg%2F11h42ltx7_!19sChIJOQtkh_Pz3TsRhqXqfdJAocg?authuser=0&hl=en&rclk=1,Hotel Sai Durga Palace,255,Restaurant,19.9500992,73.5638667,Tupadevi Trimbakeshwar Road,,,3.5,13,79,trimbakeshwar
500,https://www.google.co.in/maps/place/Hotel+Sai+Anand+Pure+Veg+Family+Restaurant/data=!4m7!3m6!1s0x3bddf3cb231c4429:0x834bd334783af002!8m2!3d19.9525724!4d73.5775059!16s%2Fg%2F11rj00_m4f!19sChIJKUQcI8vz3TsRAvA6eDTTS4M?authuser=0&hl=en&rclk=1,Hotel Sai Anand Pure Veg Family Restaurant,200,Vegetarian,19.9525724,73.5775059,,⋅ Closes 7 pm,,4.4,139,48,trimbakeshwar
501,https://www.google.co.in/maps/place/Tupadevi+Durga+Palace/data=!4m7!3m6!1s0x3bddf359476113b5:0xcc09feb660f2703b!8m2!3d19.9501024!4d73.5638449!16s%2Fg%2F11f405qsry!19sChIJtRNhR1nz3TsRO3DyYLb-Ccw?authuser=0&hl=en&rclk=1,Tupadevi Durga Palace,255,Restaurant,19.9501024,73.5638449,XH27+2GX,,,3.7,22,80,trimbakeshwar
502,https://www.google.co.in/maps/place/Hotel+Sai+Rudra+Family+Garden+And+Restaurant/data=!4m7!3m6!1s0x3bddf37ad9e9a59f:0xd4db6297caa98536!8m2!3d19.9532451!4d73.5814878!16s%2Fg%2F11s2rpwspq!19sChIJn6Xp2Xrz3TsRNoWpypdi29Q?authuser=0&hl=en&rclk=1,Hotel Sai Rudra Family Garden And Restaurant,300,Family-friendly,19.9532451,73.5814878,Shop No 01,,,3.9,52,12,trimbakeshwar
503,https://www.google.co.in/maps/place/Mauli+Cantine/data=!4m7!3m6!1s0x3bddf59130148f5f:0x4cd868fb1a64f0e8!8m2!3d19.9310387!4d73.5279838!16s%2Fg%2F11rkh7blr9!19sChIJX48UMJH13TsR6PBkGvto2Ew?authuser=0&hl=en&rclk=1,Mauli Cantine,255,Restaurant,19.9310387,73.5279838,Shop No 1 Joglekar Wada Trambakeshwar,,,5,1,2,trimbakeshwar
504,https://www.google.co.in/maps/place/Javed+Matan+Chicken+Shop/data=!4m7!3m6!1s0x3bddf5db71b1ddd1:0x62878e08e3580b78!8m2!3d19.9433112!4d73.5481859!16s%2Fg%2F11k9fp64kp!19sChIJ0d2xcdv13TsReAtY4wiOh2I?authuser=0&hl=en&rclk=1,Javed Matan Chicken Shop,255,Restaurant,19.9433112,73.5481859,Shop No 01 Pegalwadi,,,5,1,79,trimbakeshwar
505,https://www.google.co.in/maps/place/Shivam+Snacks/data=!4m7!3m6!1s0x3bddf55a48256145:0x6517068ff69465e0!8m2!3d19.9338595!4d73.5310676!16s%2Fg%2F11qr3jjfkc!19sChIJRWElSFr13TsR4GWU9o8GF2U?authuser=0&hl=en&rclk=1,Shivam Snacks,255,Fast Food,19.9338595,73.5310676,WGMJ+GCW 246kushavart tirth,,,5,2,2,trimbakeshwar
506,https://www.google.co.in/maps/place/Hotel+Sai+Sahyadri/data=!4m7!3m6!1s0x3bddf34136913c23:0x3d5bac8c916ac357!8m2!3d19.9528219!4d73.5788171!16s%2Fg%2F11gdy1cvfm!19sChIJIzyRNkHz3TsRV8NqkYysWz0?authuser=0&hl=en&rclk=1,Hotel Sai Sahyadri,100,Vegetarian,19.9528219,73.5788171,"XH3H+4GG, Trambakeshwar Rd",⋅ Closes 11:30 pm,,3.4,304,0,trimbakeshwar
507,https://www.google.co.in/maps/place/Hotel+Dosti/data=!4m7!3m6!1s0x3bdd8be8764fdb13:0x60b3114d84f9b471!8m2!3d19.898553!4d73.5478704!16s%2Fg%2F11p5lqqzxz!19sChIJE9tPduiL3TsRcbT5hE0Rs2A?authuser=0&hl=en&rclk=1,Hotel Dosti,255,Restaurant,19.898553,73.5478704,"VGXX+C4H, Trimbak Ghoti Rd",,,3.8,12,3,trimbakeshwar
508,https://www.google.co.in/maps/place/Trimbakeshwar+Vadewale/data=!4m7!3m6!1s0x3bddf58f77a55cdd:0x599883fdf6649667!8m2!3d19.9333384!4d73.5281714!16s%2Fg%2F11mq_qyjgn!19sChIJ3Vyld4_13TsRZ5Zk9v2DmFk?authuser=0&hl=en&rclk=1,Trimbakeshwar Vadewale,255,Fast Food,19.9333384,73.5281714,"417, Satyanarayan Temple Main Rd",,,4.5,2,6,trimbakeshwar
509,https://www.google.co.in/maps/place/Hotel+KK-+best+restaurant+in+pahine/data=!4m7!3m6!1s0x3bdd8b75cc54e9c3:0xbb4c9300ec56af23!8m2!3d19.8882867!4d73.5409393!16s%2Fg%2F11gc8q86r2!19sChIJw-lUzHWL3TsRI69W7ACTTLs?authuser=0&hl=en&rclk=1,Hotel KK- best restaurant in pahine,300,Dhaba,19.8882867,73.5409393,,⋅ Closes 10 pm,,4,76,81,trimbakeshwar
510,https://www.google.co.in/maps/place/Saggy%27s+Kitchen/data=!4m7!3m6!1s0x3bddf5a0cb3cd76d:0xa94d94521d2730cd!8m2!3d19.9809358!4d73.4801045!16s%2Fg%2F11jp1m94bb!19sChIJbdc8y6D13TsRzTAnHVKUTak?authuser=0&hl=en&rclk=1,Saggy's Kitchen,400,Restaurant,19.9809358,73.4801045,"Velunje Road, Amboli, Taluka- Trimbakeshwar",⋅ Closes 10 pm,,3.9,181,80,trimbakeshwar
512,https://www.google.co.in/maps/place/Hotel+Balaji+Family+Restaurant/data=!4m7!3m6!1s0x3bddf35866e9baa7:0xfe75dc5e0a051119!8m2!3d19.9550487!4d73.5938407!16s%2Fg%2F11rd8z6z_f!19sChIJp7rpZljz3TsRGREFCl7cdf4?authuser=0&hl=en&rclk=1,Hotel Balaji Family Restaurant,255,Family-friendly,19.9550487,73.5938407,·,⋅ Closes 11 pm,,4.4,12,6,trimbakeshwar
514,https://www.google.co.in/maps/place/SHREE+GAJANAN+BHOJANALAY/data=!4m7!3m6!1s0x3bddf5bea1fffdad:0xf1f868306bd88c4d!8m2!3d19.9321976!4d73.5307294!16s%2Fg%2F11kprjhf3y!19sChIJrf3_ob713TsRTYzYazBo-PE?authuser=0&hl=en&rclk=1,SHREE GAJANAN BHOJANALAY,255,Vegetarian,19.9321976,73.5307294,"Shop No.2, SHREE GAJANAN BHOJANALAY",,,4.1,524,81,trimbakeshwar
515,https://www.google.co.in/maps/place/hotel+shivswapnapurti/data=!4m7!3m6!1s0x3bddf3e7a495e845:0x2167abcdd25157ac!8m2!3d19.9497852!4d73.5630784!16s%2Fg%2F11ff5jy9j5!19sChIJReiVpOfz3TsRrFdR0s2rZyE?authuser=0&hl=en&rclk=1,hotel shivswapnapurti,255,Restaurant,19.9497852,73.5630784,"Tupadevi Fata, Trambakeshwar Rd, near Farshiwale baba ashram",,,3.5,80,0,trimbakeshwar
516,"https://www.google.co.in/maps/place/Hotel+OmSaiRam+Garden+Restaurant+%26+Lodging,+Nashta+Centre%E2%82%B9/data=!4m7!3m6!1s0x3bddf3a009a66a77:0x64e9c2f8b314e042!8m2!3d19.9546048!4d73.5941454!16s%2Fg%2F11sn_75zw4!19sChIJd2qmCaDz3TsRQuAUs_jC6WQ?authuser=0&hl=en&rclk=1","Hotel OmSaiRam Garden Restaurant & Lodging, Nashta Centre",255,Vegetarian,19.9546048,73.5941454,"National Highway 848, Trimbakeshwar Rd",,,4.2,41,82,trimbakeshwar
517,https://www.google.co.in/maps/place/Hotel+Shrikrishna/data=!4m7!3m6!1s0x3bddf31c67ceb005:0x89b51ecd9f31e54e!8m2!3d19.9548231!4d73.5920979!16s%2Fg%2F11h0b5wt72!19sChIJBbDOZxzz3TsRTuUxn80etYk?authuser=0&hl=en&rclk=1,Hotel Shrikrishna,100,Restaurant,19.9548231,73.5920979,"National Highway 848, Trimbakeshwar Rd",,,3.7,103,80,trimbakeshwar
518,https://www.google.co.in/maps/place/Hotel+Manohar/data=!4m7!3m6!1s0x3bddf5f66c906d4b:0x7df2953d4a13251d!8m2!3d19.934327!4d73.534364!16s%2Fg%2F11fhy26781!19sChIJS22QbPb13TsRHSUTSj2V8n0?authuser=0&hl=en&rclk=1,Hotel Manohar,255,Restaurant,19.934327,73.534364,"WGMM+PPQ, near Maheshwari Bhakt Niwas",,,4.1,524,22,trimbakeshwar
519,https://www.google.co.in/maps/place/Hotel+Darshan/data=!4m7!3m6!1s0x3bdd8b0003260fd3:0x4d6eb7c188bb4f9f!8m2!3d19.8774677!4d73.5019271!16s%2Fg%2F11wg5w_z16!19sChIJ0w8mAwCL3TsRn0-7iMG3bk0?authuser=0&hl=en&rclk=1,Hotel Darshan,255,Indian,19.8774677,73.5019271,VGG2+XQW,,,5,1,115,trimbakeshwar
520,https://www.google.co.in/maps/place/Trimbakraj+Veg+Biryani/data=!4m7!3m6!1s0x3bddf5d8b84c28d9:0xc98d3da2b9006e8f!8m2!3d19.9366453!4d73.5351576!16s%2Fg%2F11vymz_27n!19sChIJ2ShMuNj13TsRj24AuaI9jck?authuser=0&hl=en&rclk=1,Trimbakraj Veg Biryani,255,Biryani,19.9366453,73.5351576,Trimbakeshwar,,,4.1,524,0,trimbakeshwar
521,https://www.google.co.in/maps/place/Shivprasad+Best+Kandi+Pedha+Center+BHAURAO+YEDE/data=!4m7!3m6!1s0x3bddf5e81d221839:0x27c41c2bdf153b50!8m2!3d19.9334493!4d73.5286927!16s%2Fg%2F11rqg48wvz!19sChIJORgiHej13TsRUDsV3yscxCc?authuser=0&hl=en&rclk=1,Shivprasad Best Kandi Pedha Center BHAURAO YEDE,255,Fast Food,19.9334493,73.5286927,"Shop No 2, Near, Satyanarayan Temple Main Rd",,,2,1,6,trimbakeshwar
522,https://www.google.co.in/maps/place/Hotel+Sri+renuka/data=!4m7!3m6!1s0x3bddf50541016389:0xa03a749a3bc36e51!8m2!3d19.9456197!4d73.5550156!16s%2Fg%2F11gy9s8gxr!19sChIJiWMBQQX13TsRUW7DO5p0OqA?authuser=0&hl=en&rclk=1,Hotel Sri renuka,255,Restaurant,19.9456197,73.5550156,WHW4+62R,,,2.3,3,0,trimbakeshwar
523,https://www.google.co.in/maps/place/Sai+Chinese+Corner/data=!4m7!3m6!1s0x3bddf50eaf839985:0xfd3d98202200bccf!8m2!3d19.9450607!4d73.5529186!16s%2Fg%2F11snff7z1w!19sChIJhZmDrw713TsRz7wAIiCYPf0?authuser=0&hl=en&rclk=1,Sai Chinese Corner,255,Restaurant,19.9450607,73.5529186,"Shop No-1 Pegal Wadi, Road",,,4.1,524,80,trimbakeshwar
524,https://www.google.co.in/maps/place/VEG+FAMILY+RESTAURANT/data=!4m7!3m6!1s0x3bddf2c323865897:0xe234d6abf9ceef93!8m2!3d19.9586938!4d73.6194144!16s%2Fg%2F11t7tl4jzp!19sChIJl1iGI8Py3TsRk-_O-avWNOI?authuser=0&hl=en&rclk=1,VEG FAMILY RESTAURANT,255,Family-friendly,19.9586938,73.6194144,"XJ59+FQF, NH848",,,4.1,524,0,trimbakeshwar
525,https://www.google.co.in/maps/place/Hotel+Yashwant+Garden+Restaurant+and+lodging/data=!4m7!3m6!1s0x3bddf33c93f55bf3:0x4be60277aa625258!8m2!3d19.9549682!4d73.5929208!16s%2Fg%2F11crzljyvt!19sChIJ81v1kzzz3TsRWFJiqncC5ks?authuser=0&hl=en&rclk=1,Hotel Yashwant Garden Restaurant and lodging,255,Vegetarian,19.9549682,73.5929208,"XH3V+X5M, Anjaneri stop,nashik-trimbkeshwar road,anjaneri,trimbkeshwar",,,3.3,637,73,trimbakeshwar
526,https://www.google.co.in/maps/place/Wine+%26+Dine+Restaurant/data=!4m7!3m6!1s0x3bddedfc4384ea67:0x853f70be08b152fe!8m2!3d20.0074617!4d73.6624104!16s%2Fg%2F11ng65cjj5!19sChIJZ-qEQ_zt3TsR_lKxCL5wP4U?authuser=0&hl=en&rclk=1,Wine & Dine Restaurant,255,Family-friendly,20.0074617,73.6624104,Gangapur-Savargaon Rd,,,3.5,6,73,gangapur gaon
527,https://www.google.co.in/maps/place/Vitthal+Bhise/data=!4m7!3m6!1s0x3bddf5871196646b:0xa6e544224183a38f!8m2!3d19.9331288!4d73.5288973!16s%2Fg%2F11q4m1_l62!19sChIJa2SWEYf13TsRj6ODQSJE5aY?authuser=0&hl=en&rclk=1,Vitthal Bhise,255,Fast Food,19.9331288,73.5288973,"Shop No 3, Main Rd, near Sarda Bank",,,4.1,524,73,trimbakeshwar
528,https://www.google.co.in/maps/place/2+D+Clouds+Restaurant/data=!4m7!3m6!1s0x3bddf1388460e021:0x33510c4e997e7773!8m2!3d20.0662665!4d73.6504206!16s%2Fg%2F11q4m1pjvj!19sChIJIeBghDjx3TsRc3d-mU4MUTM?authuser=0&hl=en&rclk=1,2 D Clouds Restaurant,255,Family-friendly,20.0662665,73.6504206,3M82+G4,,,5,3,65,gangapur gaon
529,https://www.google.com/maps/place/Shree+Sai+Family+Restaurants/data=!4m7!3m6!1s0x3bdde940fb49a0f5:0x331dcdfe78816b5d!8m2!3d20.0490525!4d73.8003579!16s%2Fg%2F11smgkxybs!19sChIJ9aBJ-0Dp3TsRXWuBeP7NHTM?authuser=0&hl=en&rclk=1,Shree Sai Family Restaurants,255,"Mhastul, Mhakhamalabad link road",20.0490525,73.8003579,Open,⋅ Closes 10 pm,,4.2,33,76,gangapur gaon
530,https://www.google.com/maps/place/Balaji+Lunch+Home/data=!4m7!3m6!1s0x3bdde987454c5ccd:0x89b35479c77a1b37!8m2!3d20.0493247!4d73.8014601!16s%2Fg%2F11c73f_b2r!19sChIJzVxMRYfp3TsRNxt6x3lUs4k?authuser=0&hl=en&rclk=1,Balaji Lunch Home,255,Restaurant,20.0493247,73.8014601,"Siddhivinayak appartment shop number 1,2,3 Pushapak Nagar mhasarul link road, makhamalabad link road, opposite Sai Baba mandir",⋅ Closes 9:30 pm,,4.4,55,75,mhasrul
531,https://www.google.com/maps/place/Shahi+darbar/data=!4m7!3m6!1s0x3bdde9aac637c6a1:0x17b9227615c10b1a!8m2!3d20.0487973!4d73.8015718!16s%2Fg%2F11fghzm85r!19sChIJocY3xqrp3TsRGgvBFXYiuRc?authuser=0&hl=en&rclk=1,Shahi darbar,255,Restaurant,20.0487973,73.8015718,"shop no.31, Mhasrul Link Rd",⋅ Closes 10 pm,,4.1,32,77,mhasrul
532,https://www.google.com/maps/place/MR+%26+MRS+FAMILY+RESTAURANT/data=!4m7!3m6!1s0x3bddeb43e86085cd:0x5365db1974f93242!8m2!3d20.0494663!4d73.8098628!16s%2Fg%2F11vf6xp6y2!19sChIJzYVg6EPr3TsRQjL5dBnbZVM?authuser=0&hl=en&rclk=1,MR & MRS FAMILY RESTAURANT,255,Biryani,20.0494663,73.8098628,Sita Sarovar,,,4.7,18,72,mhasrul
533,https://www.google.com/maps/place/Maharashtra+Biryani+House/data=!4m7!3m6!1s0x3bddeb531b1b5021:0x79757114aa5bbb09!8m2!3d20.044303!4d73.8033763!16s%2Fg%2F11l5qns7hz!19sChIJIVAbG1Pr3TsRCbtbqhRxdXk?authuser=0&hl=en&rclk=1,Maharashtra Biryani House,255,Restaurant,20.044303,73.8033763,"Gajpanth stop, behind Shani mandir",⋅ Closes 5 pm,,4.9,11,73,mhasrul
534,https://www.google.com/maps/place/Hotel+City+Spice+%5B+Family+Garden+Restaurant+%5D/data=!4m7!3m6!1s0x3bdde9235ca5e997:0x1d7406f65b5e1f1a!8m2!3d20.0421719!4d73.8090053!16s%2Fg%2F11vhyd6x9w!19sChIJl-mlXCPp3TsRGh9eW_YGdB0?authuser=0&hl=en&rclk=1,Hotel City Spice [ Family Garden Restaurant ],255,Biryani,20.0421719,73.8090053,"Dindori Rd, near Nayara Petrol Pump, behind Shree Ramchandra Nagar Society",⋅ Closes 11:30 pm,,4.5,164,57,mhasrul
535,https://www.google.com/maps/place/Pramod+Kitchens/data=!4m7!3m6!1s0x3bddeb1fa50b70d7:0xb4206fd28a81b04!8m2!3d20.045982!4d73.7991646!16s%2Fg%2F11kb2b7lr_!19sChIJ13ALpR_r3TsRBBuoKP0GQgs?authuser=0&hl=en&rclk=1,Pramod Kitchens,255,Restaurant,20.045982,73.7991646,"Shop no.4 Vanraj Residency Kishor Suryvanshi Marg, Peth Rd",⋅ Closes 10 pm,,5,4,78,mhasrul
536,https://www.google.com/maps/place/Snake+Wrangler/data=!4m7!3m6!1s0x3bddeb933a7aa745:0x1457a181bfebe228!8m2!3d20.047391!4d73.8082866!16s%2Fg%2F11gm6qhr4b!19sChIJRad6OpPr3TsRKOLrv4GhVxQ?authuser=0&hl=en&rclk=1,Snake Wrangler,255,Restaurant,20.047391,73.8082866,,⋅ Closes 10 pm,,4.4,7,78,mhasrul
537,https://www.google.com/maps/place/Soham+Special+Misal/data=!4m7!3m6!1s0x3bdde9874f1cf34f:0x524e24625885cf8!8m2!3d20.0492216!4d73.8012423!16s%2Fg%2F11bx1g_b3g!19sChIJT_McT4fp3TsR-FyIJUbiJAU?authuser=0&hl=en&rclk=1,Soham Special Misal,255,Biryani,20.0492216,73.8012423,·,⋅ Closes 2 pm,,4.1,1199,77,mhasrul
538,https://www.google.com/maps/place/Hot+Plates+Family+Restaurant/data=!4m7!3m6!1s0x3bdde93b95412d17:0x9a7acc46582b31f!8m2!3d20.0532699!4d73.8052108!16s%2Fg%2F11lsc3lytb!19sChIJFy1BlTvp3TsRH7OCZcSspwk?authuser=0&hl=en&rclk=1,Hot Plates Family Restaurant,255,Fast Food,20.0532699,73.8052108,"Near Ambedkar Nagar, Dindori Road, Village",⋅ Closes 11 pm,,4.2,45,40,mhasrul
539,https://www.google.com/maps/place/Anna%27s+Dosa+Point+%E0%A4%86%E0%A4%A3%E0%A5%8D%E0%A4%A3%E0%A4%BE%E0%A4%9C%E0%A5%8D+%E0%A4%A1%E0%A5%8B%E0%A4%B8%E0%A4%BE+%E0%A4%AA%E0%A5%89%E0%A4%87%E0%A4%82%E0%A4%9F/data=!4m7!3m6!1s0x3bddeb9b81092611:0xf694619fb9e586c!8m2!3d20.0396155!4d73.8051129!16s%2Fg%2F11t3h1hpk7!19sChIJESYJgZvr3TsRbFie-xlGaQ8?authuser=0&hl=en&rclk=1,Anna's Dosa Point आण्णाज् डोसा पॉइंट,255,Family-friendly,20.0396155,73.8051129,"Akash Petrol Pump, Shop No. 1 Garge Park, Dindori Rd, in front of Dosti Point, behind MD Chinese",⋅ Closes 2 pm ⋅ Reopens 5:30 pm,,4.7,100,72,mhasrul
540,https://www.google.com/maps/place/Namaste+Restaurant/data=!4m7!3m6!1s0x3bdde9efa36b4981:0xe956e7e3f7cbd88b!8m2!3d20.039004!4d73.804814!16s%2Fg%2F11wwjvxmk9!19sChIJgUlro-_p3TsRi9jL9-PnVuk?authuser=0&hl=en&rclk=1,Namaste Restaurant,255,South Indian,20.039004,73.804814,"C-Square, Dindori Rd, opp. Akash Petrol Pump",⋅ Closes 11 pm,,5,10,73,mhasrul
541,https://www.google.com/maps/place/Family+Katta/data=!4m7!3m6!1s0x3bdde9808079e013:0xbeb24767106b5cb4!8m2!3d20.0483362!4d73.7978103!16s%2Fg%2F11fz9dkqcf!19sChIJE-B5gIDp3TsRtFxrEGdHsr4?authuser=0&hl=en&rclk=1,Family Katta,255,Punjabi,20.0483362,73.7978103,2QXX+84M,⋅ Closes 11 pm,,3.6,45,73,mhasrul
542,https://www.google.com/maps/place/Manmauji+chulivarchi+misal/data=!4m7!3m6!1s0x3bdde98a51a8a43d:0x6939b80c936feb73!8m2!3d20.0521263!4d73.8148487!16s%2Fg%2F11g6wz2hgh!19sChIJPaSoUYrp3TsRc-tvkwy4OWk?authuser=0&hl=en&rclk=1,Manmauji chulivarchi misal,255,Asian Fusion,20.0521263,73.8148487,,⋅ Closes 3 pm,,4.4,385,77,mhasrul
543,https://www.google.com/maps/place/Hotel+Rohini/data=!4m7!3m6!1s0x3bddea2801413783:0xce559c40a28caacc!8m2!3d20.0486206!4d73.8063631!16s%2Fg%2F11b6t2chjk!19sChIJgzdBASjq3TsRzKqMokCcVc4?authuser=0&hl=en&rclk=1,Hotel Rohini,255,Vegetarian,20.0486206,73.8063631,"2RX4+CGX, Vani - Dindori Rd, Near Jain Mandir",⋅ Closes 10 pm,,3.2,17,76,mhasrul
544,https://www.google.com/maps/place/Jodhpur+special+jalebi+fafda+centre/data=!4m7!3m6!1s0x3bddeb000703ab35:0x7410b30719c09fef!8m2!3d20.0472491!4d73.8062338!16s%2Fg%2F11y66_18kq!19sChIJNasDBwDr3TsR75_AGQezEHQ?authuser=0&hl=en&rclk=1,Jodhpur special jalebi fafda centre,255,Vegetarian,20.0472491,73.8062338,"2RW4+WF2, Dindori Rd",,,5,1,75,mhasrul
545,https://www.google.com/maps/place/Omsai+Food+Plaza/data=!4m7!3m6!1s0x3bddea2865e7c363:0x7a1204a51f7fef02!8m2!3d20.0467132!4d73.8054673!16s%2Fg%2F11b6szswyc!19sChIJY8PnZSjq3TsRAu9_H6UEEno?authuser=0&hl=en&rclk=1,Omsai Food Plaza,255,Restaurant,20.0467132,73.8054673,"10, Bhagyalaxmi Shopping Centre",⋅ Closes 9:30 pm,,3.6,16,63,mhasrul
546,https://www.google.com/maps/place/The+Docks+%28Sea+Food+Family+Restaurant+Veg+%26+Non+veg%29%29/data=!4m7!3m6!1s0x3bddeb0002e16961:0x813a0b679de31f78!8m2!3d20.0479201!4d73.7977545!16s%2Fg%2F11lng3l55s!19sChIJYWnhAgDr3TsReB_jnWcLOoE?authuser=0&hl=en&rclk=1,The Docks (Sea Food Family Restaurant Veg & Non veg)),255,Fast Food,20.0479201,73.7977545,"2QXX+546, Sai Datta Tower,Near Saikrupa Hospital,Mhasrul-Makhmalabad Link Rd Mhasrul Gaon",⋅ Closes 10:30 pm,,4,3,78,mhasrul
547,https://www.google.com/maps/place/Savji+Misal/data=!4m7!3m6!1s0x3bddea28be86be07:0x2d50339530000000!8m2!3d20.0443871!4d73.8054586!16s%2Fg%2F11rdx1y9db!19sChIJB76Gvijq3TsRAAAAMJUzUC0?authuser=0&hl=en&rclk=1,Savji Misal,255,Seafood,20.0443871,73.8054586,Shop No 1 Rudraksh Aprt,,,5,1,76,mhasrul
548,https://www.google.com/maps/place/Swami+%27$+Creamy+Cafe/data=!4m7!3m6!1s0x3bddeb1d7169717b:0x6ed7c5ccd6eaef31!8m2!3d20.0367193!4d73.8018459!16s%2Fg%2F11n_vv582x!19sChIJe3FpcR3r3TsRMe_q1szF124?authuser=0&hl=en&rclk=1,Swami '$ Creamy Cafe,255,Restaurant,20.0367193,73.8018459,"14 Nishigandha so.PVG college, reliance petrol pump, Dindori Rd",⋅ Closes 10:30 pm,,4.5,765,44,mhasrul
549,https://www.google.com/maps/place/Gavraan+Misal+Main+Branch/data=!4m7!3m6!1s0x3bddebe74effc31f:0x781130a33f61bf6!8m2!3d20.0461864!4d73.7901302!16s%2Fg%2F11dxnwbndg!19sChIJH8P_Tufr3TsR9hv2MwoTgQc?authuser=0&hl=en&rclk=1,Gavraan Misal Main Branch,255,Restaurant,20.0461864,73.7901302,"2QWR+F3C, TDP Nagar,Peth Road, Mhasrul Link Rd, opposite Rau Hotel",⋅ Closes 4 pm,,4.3,402,75,mhasrul
550,https://www.google.com/maps/place/Dosti+Point/data=!4m7!3m6!1s0x3bddeb529cccd06f:0x15db0798371bc46d!8m2!3d20.0395955!4d73.804405!16s%2Fg%2F11g4gsc60n!19sChIJb9DMnFLr3TsRbcQbN5gH2xU?authuser=0&hl=en&rclk=1,Dosti Point,255,Restaurant,20.0395955,73.804405,"Global service pvt. ltd, Opposite Aakash petrol pump,near PSKS, Dindori Rd",,,4.4,111,72,mhasrul
551,https://www.google.com/maps/place/Sahyadri+vadewala/data=!4m7!3m6!1s0x3bddeb00445e5c8d:0x988eb44b62a5068a!8m2!3d20.0450114!4d73.805576!16s%2Fg%2F11w931frg6!19sChIJjVxeRADr3TsRigalYku0jpg?authuser=0&hl=en&rclk=1,Sahyadri vadewala,255,Restaurant,20.0450114,73.805576,"2RW4+264, Vani - Dindori Rd",,,5,1,23,mhasrul
552,https://www.google.com/maps/place/Kulkarni+Farm+-+Mathha/data=!4m7!3m6!1s0x3bdde98591584945:0xcdaa18bb057d0070!8m2!3d20.0566896!4d73.8055747!16s%2Fg%2F11bzyq00f9!19sChIJRUlYkYXp3TsRcAB9BbsYqs0?authuser=0&hl=en&rclk=1,Kulkarni Farm - Mathha,255,Fast Food,20.0566896,73.8055747,Kulkarni Farm,⋅ Closes 5 pm,,4.1,1163,25,mhasrul
553,https://www.google.com/maps/place/MAULI+POINT+CAFE+%26+MAULI+CHINESE/data=!4m7!3m6!1s0x3bddebc2546dbbed:0x81f7d9d4ba1540e2!8m2!3d20.0483181!4d73.7977818!16s%2Fg%2F11jsndpvfb!19sChIJ7bttVMLr3TsR4kAVutTZ94E?authuser=0&hl=en&rclk=1,MAULI POINT CAFE & MAULI CHINESE,255,Maharashtrian Restaurant,20.0483181,73.7977818,"shop number 5, Sai Anand plaza, makhmalabad link road, near Sai Krupa Hospital",⋅ Closes 11 pm,,4.2,15,76,mhasrul
554,https://www.google.com/maps/place/KAKA+KA+GARDEN-RESTAURANT+AND+BAR/data=!4m7!3m6!1s0x3bddea304d64a0a1:0xd8a542bff8ec1cd7!8m2!3d20.0351753!4d73.8038737!16s%2Fg%2F11g690kks9!19sChIJoaBkTTDq3TsR1xzs-L9Cpdg?authuser=0&hl=en&rclk=1,KAKA KA GARDEN-RESTAURANT AND BAR,255,Restaurant,20.0351753,73.8038737,"state bank of india, Pokar colony, near, Dindori Rd",⋅ Closes 11:15 pm,,3.7,632,44,mhasrul
555,https://www.google.com/maps/place/Sivanta+Family+Restaurant/data=!4m7!3m6!1s0x3bddebd6b0e93005:0xa22e1d7610971812!8m2!3d20.025619!4d73.785908!16s%2Fg%2F11vc1lmvjq!19sChIJBTDpsNbr3TsREhiXEHYdLqI?authuser=0&hl=en&rclk=1,Sivanta Family Restaurant,255,Restaurant,20.025619,73.785908,"Mandlik Mala, 73/2/1, Makhmalabad Rd",⋅ Closes 11 pm,,4.3,72,37,mhasrul
556,"https://www.google.com/maps/place/Curry+Leaves+pure+veg,+Mhasrul/data=!4m7!3m6!1s0x3bdde99a9a3e6b21:0xcb77639fcfabc190!8m2!3d20.0624111!4d73.8059218!16s%2Fg%2F11c2q3nfgk!19sChIJIWs-mprp3TsRkMGrz59jd8s?authuser=0&hl=en&rclk=1","Curry Leaves pure veg, Mhasrul",255,Family-friendly,20.0624111,73.8059218,·,⋅ Closes 11 pm,,3.9,2579,77,mhasrul
557,https://www.google.com/maps/place/Samarth+Bhel+bhatta/data=!4m7!3m6!1s0x3bddebbf44da30d5:0x17d06e08f316369b!8m2!3d20.0480664!4d73.7972139!16s%2Fg%2F11vxy076wy!19sChIJ1TDaRL_r3TsRmzYW8whu0Bc?authuser=0&hl=en&rclk=1,Samarth Bhel bhatta,255,Vegetarian,20.0480664,73.7972139,"Sai hospital, Mhasrul Rau hotel link road Near kansara mata chouk and, Peth Rd",⋅ Closes 9 pm,,5,7,79,mhasrul
558,https://www.google.com/maps/place/Hotel+Sai+Garden+Misal+Thali/data=!4m7!3m6!1s0x3bdde985ed745a7d:0xac8687cf27a31430!8m2!3d20.0560094!4d73.805824!16s%2Fg%2F11f2ck9hhj!19sChIJfVp07YXp3TsRMBSjJ8-Hhqw?authuser=0&hl=en&rclk=1,Hotel Sai Garden Misal Thali,255,Fast Food,20.0560094,73.805824,3R44+C84,⋅ Closes 10 pm,,4.1,353,30,mhasrul
559,https://www.google.com/maps/place/MAULI+POINT+CAFE+%26+MAULI+CHINESE/data=!4m7!3m6!1s0x3bddeb0573428207:0xcaa95ff3a37c17c8!8m2!3d20.0365847!4d73.8021258!16s%2Fg%2F11j2yb34pj!19sChIJB4JCcwXr3TsRyBd8o_Nfqco?authuser=0&hl=en&rclk=1,MAULI POINT CAFE & MAULI CHINESE,255,Restaurant,20.0365847,73.8021258,·,⋅ Closes 10 pm,,4.3,62,77,mhasrul
560,https://www.google.com/maps/place/The+Khamang+Village/data=!4m7!3m6!1s0x3bdde95e6dc9ad65:0x94c0f0f69bf525bc!8m2!3d20.0587724!4d73.8054275!16s%2Fg%2F11qbh0ccq1!19sChIJZa3JbV7p3TsRvCX1m_bwwJQ?authuser=0&hl=en&rclk=1,The Khamang Village,255,Cafe,20.0587724,73.8054275,"Shop No 1, Dindori Rd",,,3.2,120,73,mhasrul
561,https://www.google.com/maps/place/PINGALE+DAIRY+AND+SWEETS/data=!4m7!3m6!1s0x3bddeb8d2f570afb:0x141405e7a349fc2!8m2!3d20.0414951!4d73.8048937!16s%2Fg%2F11tgdb13d8!19sChIJ-wpXL43r3TsRwp80el5AQQE?authuser=0&hl=en&rclk=1,PINGALE DAIRY AND SWEETS,255,Restaurant,20.0414951,73.8048937,"Shop No.1, Waghude Plaza, Dindori Rd",,,4.1,16,66,mhasrul
562,https://www.google.com/maps/place/Shetkari+gulacha+chaha/data=!4m7!3m6!1s0x3bddeb2e9046aadb:0xb49d964b1248602d!8m2!3d20.0410074!4d73.8054193!16s%2Fg%2F11rn59ft8k!19sChIJ26pGkC7r3TsRLWBIEkuWnbQ?authuser=0&hl=en&rclk=1,Shetkari gulacha chaha,255,Restaurant,20.0410074,73.8054193,"shop no.42, Sitaram Complex, Dindori Rd, behind hotel shiva vadje mala",⋅ Closes 9 pm,,5,5,57,mhasrul
563,https://www.google.com/maps/place/HOTEL+TULSI/data=!4m7!3m6!1s0x3bdde90e6ffddff1:0xdfeeadba2ba49d96!8m2!3d20.0595647!4d73.8059502!16s%2Fg%2F11g_zk5s9g!19sChIJ8d_9bw7p3TsRlp2kK7qt7t8?authuser=0&hl=en&rclk=1,HOTEL TULSI,255,Restaurant,20.0595647,73.8059502,Dindori Rd,⋅ Closes 11 pm,,4.3,163,70,mhasrul
564,https://www.google.com/maps/place/Swarajya+Chinese+Corner/data=!4m7!3m6!1s0x3bddebdf8edb04dd:0xef95e32c6f9d6744!8m2!3d20.0411959!4d73.8053782!16s%2Fg%2F11j0bgm52w!19sChIJ3QTbjt_r3TsRRGedbyzjle8?authuser=0&hl=en&rclk=1,Swarajya Chinese Corner,255,Indian,20.0411959,73.8053782,,,,4,29,125,mhasrul
565,https://www.google.com/maps/place/Pav+Vada+Centre/data=!4m7!3m6!1s0x3bddea280b9a5c75:0x514e9b13334917ce!8m2!3d20.0477686!4d73.8063444!16s%2Fg%2F11gf97rrnc!19sChIJdVyaCyjq3TsRzhdJMxObTlE?authuser=0&hl=en&rclk=1,Pav Vada Centre,255,Chinese,20.0477686,73.8063444,Talathi Office,⋅ Opens 4:30 pm,,3.8,5,78,mhasrul
566,https://www.google.com/maps/place/Nashik+Thaska+Restaurant/data=!4m7!3m6!1s0x3bddebe019c9c61d:0xec51ea4d3d0139f6!8m2!3d20.0446279!4d73.8145075!16s%2Fg%2F11ln4pm5qg!19sChIJHcbJGeDr3TsR9jkBPU3qUew?authuser=0&hl=en&rclk=1,Nashik Thaska Restaurant,255,Restaurant,20.0446279,73.8145075,"link road, Mhasrul Adgaon Road, near Jagannath Lawns, next to surti Farsan",,,1,1,14,mhasrul
567,https://www.google.com/maps/place/Tamara+Banquet+%26+Restaurant/data=!4m7!3m6!1s0x3bddeb151e2a1f1f:0xaf63c63db8da3992!8m2!3d20.0238664!4d73.7644863!16s%2Fg%2F11rvcv0fx8!19sChIJHx8qHhXr3TsRkjnauD3GY68?authuser=0&hl=en&rclk=1,Tamara Banquet & Restaurant,255,Chinese,20.0238664,73.7644863,"Asaram Ashram Bridge Road, Gangapur Rd, near Westwind Meadows",⋅ Closes 11 pm,,4.2,1053,79,gangapur road
568,https://www.google.com/maps/place/Banjo%27s+The+Food+Chain+-+Dindori+Road+%7C+Best+fast+food+in+nashik+%7C+pizza+%7C+Burger+%7C+Sandwich+%7C+Momos+%7C+Cold+Coffee/data=!4m7!3m6!1s0x3bddeb02396c19c1:0x72d3d53a0894ceeb!8m2!3d20.0328963!4d73.804307!16s%2Fg%2F11kqkpscr_!19sChIJwRlsOQLr3TsR686UCDrV03I?authuser=0&hl=en&rclk=1,Banjo's The Food Chain - Dindori Road | Best fast food in nashik | pizza | Burger | Sandwich | Momos | Cold Coffee,255,Cafe,20.0328963,73.804307,"Shop 5, Tulsiratna Heights, Dindori Rd, opposite Raj Sweets",⋅ Closes 10 pm,,4.6,14,0,mhasrul
569,https://www.google.com/maps/place/ASIAN+WOK+%26+GRILL+%7C+Multi+Cuisine+Restaurant+in+nashik+%7C+Asian+Food+%7C+Chinese+Food+%7C+Thai+Food/data=!4m7!3m6!1s0x3bddebdf9ca70fef:0x3d577f63985931e9!8m2!3d20.0123797!4d73.7520928!16s%2Fg%2F11h105j_p3!19sChIJ7w-nnN_r3TsR6TFZmGN_Vz0?authuser=0&hl=en&rclk=1,ASIAN WOK & GRILL | Multi Cuisine Restaurant in nashik | Asian Food | Chinese Food | Thai Food,255,Asian,20.0123797,73.7520928,"Shop no 1, Rushiraj Riviera, ahead of Jihan Circle, Gangapur Rd",⋅ Closes 11:30 pm,,4.4,1431,67,gangapur road
570,https://www.google.com/maps/place/M.D+Chinese/data=!4m7!3m6!1s0x3bddea30376d7c11:0xd67bccffe36bf364!8m2!3d20.0395249!4d73.8051027!16s%2Fg%2F11b7tt3vx5!19sChIJEXxtNzDq3TsRZPNr4__Me9Y?authuser=0&hl=en&rclk=1,M.D Chinese,255,Chinese,20.0395249,73.8051027,"Shop No 5,6 Garge park, Dindori Rd, near Akash Petrol Pump",⋅ 1 pm,,4.5,1039,74,mhasrul
571,https://www.google.com/maps/place/Navdurga+Hotel:+Pure+Veg+Restaurant/data=!4m7!3m6!1s0x3bddeb834472aba3:0x17198f3f520abbce!8m2!3d20.0289182!4d73.7835726!16s%2Fg%2F11t6g9xhmw!19sChIJo6tyRIPr3TsRzrsKUj-PGRc?authuser=0&hl=en&rclk=1,Navdurga Hotel: Pure Veg Restaurant,255,Restaurant,20.0289182,73.7835726,"Makhmalabad Rd, near Super Express Mall",⋅ Closes 10:30 pm,,4.3,43,68,mhasrul
572,https://www.google.com/maps/place/Hotel+Shiva/data=!4m7!3m6!1s0x3bddea2f7303bdff:0x5c39744fe6b1e88a!8m2!3d20.040843!4d73.8053008!16s%2Fg%2F1hc28_qt4!19sChIJ_70Dcy_q3TsRiuix5k90OVw?authuser=0&hl=en&rclk=1,Hotel Shiva,255,Indian,20.040843,73.8053008,"2RR4+84M, Dindori Rd",⋅ Opens 9 am Sun,,3.9,181,1,mhasrul
573,"https://www.google.com/maps/place/Hotel+Utsav+Family+Dining+Restaurant,Banquet+%26+Lawns/data=!4m7!3m6!1s0x3bdde937340869f5:0x18d5c39492091d55!8m2!3d20.0520272!4d73.7625394!16s%2Fg%2F11kk7nq8kd!19sChIJ9WkINDfp3TsRVR0JkpTD1Rg?authuser=0&hl=en&rclk=1","Hotel Utsav Family Dining Restaurant,Banquet & Lawns",255,Maharashtrian Restaurant,20.0520272,73.7625394,"Survey No-521, Hotel Utsav, 1/2/3-A, Matori Road",⋅ Closes 11:30 pm,,4.3,247,70,mhasrul
574,https://www.google.com/maps/place/Hotel+Rau+Family+Restaurant+And+Lodging/data=!4m10!3m9!1s0x3bddea5cd8098eb1:0xd0c5de75b6fb1bb5!5m2!4m1!1i2!8m2!3d20.0469652!4d73.7920436!16s%2Fg%2F11bytql570!19sChIJsY4J2Fzq3TsRtRv7tnXexdA?authuser=0&hl=en&rclk=1,Hotel Rau Family Restaurant And Lodging,255,2-star hotel,20.0469652,73.7920436,,,,4,1103,68,mhasrul
575,https://www.google.com/maps/place/Aniket+Vadapav+Center/data=!4m7!3m6!1s0x3bddeb891b9b17a9:0x18240e0b7a4bf13!8m2!3d20.038117!4d73.7987977!16s%2Fg%2F11fs507g7f!19sChIJqRebG4nr3TsRE7-kt-BAggE?authuser=0&hl=en&rclk=1,Aniket Vadapav Center,255,Fast Food,20.038117,73.7987977,"2QQX+6GV, Near Omkar banglow, Kishore suryawanshi Marg, Meri - Rasbihari Link Rd, behind reliance petrol pump",⋅ Closes 9:30 pm,,4,100,48,mhasrul
576,https://www.google.com/maps/place/HOTEL+RAU+PERMIT+ROOM+AND+BAR/data=!4m7!3m6!1s0x3bddebd57637a93b:0x1a68c8d481120b0d!8m2!3d20.0467268!4d73.7920398!16s%2Fg%2F11b6srkt_0!19sChIJO6k3dtXr3TsRDQsSgdTIaBo?authuser=0&hl=en&rclk=1,HOTEL RAU PERMIT ROOM AND BAR,255,Bar,20.0467268,73.7920398,"Survey No. 434/1A Peth Rd Juna Peth Jakat Naka, Rau, Chowk",⋅ Closes 11 pm,,3.8,106,50,mhasrul
577,https://www.google.com/maps/place/Hotel+Maher+Misal+And+pure+veg+family+garden+restaurant/data=!4m7!3m6!1s0x3bdde9dea6a66667:0xb46841a07c6bf2f1!8m2!3d20.0627679!4d73.7818643!16s%2Fg%2F11ty8f_0v7!19sChIJZ2ampt7p3TsR8fJrfKBBaLQ?authuser=0&hl=en&rclk=1,Hotel Maher Misal And pure veg family garden restaurant,255,Vegetarian,20.0627679,73.7818643,"3Q7J+8VV, Chamar Leni Phata on, Peth Rd",⋅ Closes 5 pm,,4.6,33,23,mhasrul
578,https://www.google.com/maps/place/Hotel+Dipali/data=!4m7!3m6!1s0x1157312d3c6d5c31:0x8d7a973f065a2861!8m2!3d20.0461162!4d73.7915696!16s%2Fg%2F11b779j8ny!19sChIJMVxtPC0xVxERYShaBj-Xeo0?authuser=0&hl=en&rclk=1,Hotel Dipali,255,Restaurant,20.0461162,73.7915696,"2QWR+CJW, Old Jakat Naka Pavan Heights, Peth Rd",⋅ Closes 8 pm,,4.2,33,73,mhasrul
579,https://www.google.com/maps/place/Madhur+Rasoi/data=!4m7!3m6!1s0x3bddea14ec89ac85:0x7a7e50b56aade19d!8m2!3d20.0292556!4d73.8225627!16s%2Fg%2F11hcj4l5nj!19sChIJhayJ7BTq3TsRneGtarVQfno?authuser=0&hl=en&rclk=1,Madhur Rasoi,255,Restaurant,20.0292556,73.8225627,2RHF+P24,⋅ Closes 10 pm,,4.1,33,0,mhasrul
580,https://www.google.com/maps/place/Aaradhya+pure+veg+Restaurant/data=!4m7!3m6!1s0x3bdde99479550aef:0xadae6be8c7aa0327!8m2!3d20.0542843!4d73.8051796!16s%2Fg%2F11w_f3ncvm!19sChIJ7wpVeZTp3TsRJwOqx-hrrq0?authuser=0&hl=en&rclk=1,Aaradhya pure veg Restaurant,255,Restaurant,20.0542843,73.8051796,"Shop no C7, krishna vally, Dindori Rd, near janta Hardware",,,4.1,524,2,mhasrul
581,https://www.google.com/maps/place/Raj+Garden+Hotel/data=!4m7!3m6!1s0x3bdde97e1744289f:0x5659f8550f2293c5!8m2!3d20.0490367!4d73.7902582!16s%2Fg%2F11b70v3whv!19sChIJnyhEF37p3TsRxZMiD1X4WVY?authuser=0&hl=en&rclk=1,Raj Garden Hotel,255,Indian,20.0490367,73.7902582,"4/a, Peth Rd",⋅ Closes 1 am,,4,104,44,mhasrul
582,https://www.google.com/maps/place/GRAPE+EMBASSY+%26+ZATKA+MISAL/data=!4m7!3m6!1s0x3bddeb118bd72e25:0x716aec4b562eca2a!8m2!3d20.0264109!4d73.7708999!16s%2Fg%2F11qqqw5cdw!19sChIJJS7XixHr3TsRKsouVkvsanE?authuser=0&hl=en&rclk=1,GRAPE EMBASSY & ZATKA MISAL,255,Maharashtrian Restaurant,20.0264109,73.7708999,"Near Suyojit Bridge, Road",⋅ Closes 3:30 pm,,4.4,11733,116,mhasrul
583,https://www.google.com/maps/place/%E0%A4%87%E0%A4%82%E0%A4%A6%E0%A5%82+%E0%A4%96%E0%A4%BE%E0%A4%A8%E0%A4%BE%E0%A4%B5%E0%A4%B3/data=!4m7!3m6!1s0x3bdde9055b9ffbd5:0xe719f71ef5151897!8m2!3d20.0494421!4d73.8012617!16s%2Fg%2F11vhdv3f01!19sChIJ1fufWwXp3TsRlxgV9R73Gec?authuser=0&hl=en&rclk=1,इंदू खानावळ,255,Non Vegetarian Restaurant,20.0494421,73.8012617,"10, vrundavan plaza, behind Soham missal, makhamalabad link rod, near soham missal",⋅ Opens 6 pm,,4.1,524,105,mhasrul
584,https://www.google.com/maps/place/Moonlight+-+The+Multicuisine+Restaurant/data=!4m7!3m6!1s0x3bddefe375907b17:0xde083386114f0ed4!8m2!3d20.0657686!4d73.686612!16s%2Fg%2F11s_yypdmr!19sChIJF3uQdePv3TsR1A5PEYYzCN4?authuser=0&hl=en&rclk=1,Moonlight - The Multicuisine Restaurant,255,Restaurant,20.0657686,73.686612,3M8P+8J5 Gautam Agro Resort,,,4.9,111,125,gangapur road
585,https://www.google.com/maps/place/Havana+Restaurant/data=!4m7!3m6!1s0x3bdded6cfea48d95:0x13e99ae9f179f5d4!8m2!3d20.0341347!4d73.6880195!16s%2Fg%2F11pb1h5jf5!19sChIJlY2k_mzt3TsR1PV58ema6RM?authuser=0&hl=en&rclk=1,Havana Restaurant,255,Restaurant,20.0341347,73.6880195,Gangapur Rd,⋅ Closes 12 am,,4.4,11,73,college road
586,https://www.google.com/maps/place/Mom%27s+Village+Restaurant/data=!4m7!3m6!1s0x3bdd956196ddfe7b:0xa20fab4f68c51001!8m2!3d19.9339344!4d73.8349098!16s%2Fg%2F11w3xlx1ks!19sChIJe_7dlmGV3TsRARDFaE-rD6I?authuser=0&hl=en&rclk=1,Mom's Village Restaurant,255,Restaurant,19.9339344,73.8349098,"Lam Rd, behind Shreedatta Petrolium",⋅ Closes 11 pm,,5,30,116,gangapur gaon
587,https://www.google.com/maps/place/Balaji+Restaurant/data=!4m7!3m6!1s0x3bddec5017239bff:0x178714b330000000!8m2!3d20.0045447!4d73.7113021!16s%2Fg%2F11rdx26g0c!19sChIJ_5sjF1Ds3TsRAAAAMLMUhxc?authuser=0&hl=en&rclk=1,Balaji Restaurant,255,Vegetarian,20.0045447,73.7113021,"Shop No.1, near Mahadev Temple",⋅ Closes 10 pm,,4.6,292,118,shalimar
588,https://www.google.com/maps/place/Malhar+Cafe+and+Restaurant/data=!4m7!3m6!1s0x3bddebca59363241:0xebaaa5403f292970!8m2!3d20.015491!4d73.7611476!16s%2Fg%2F11t5y3tf5_!19sChIJQTI2Wcrr3TsRcCkpP0Clqus?authuser=0&hl=en&rclk=1,Malhar Cafe and Restaurant,255,Restaurant,20.015491,73.7611476,Akashwani Bhaji Market Rd,⋅ Closes 11 pm,,5,5,117,sharanpur road
589,https://www.google.com/maps/place/Shri+Renuka+Restaurant/data=!4m7!3m6!1s0x3bddeb99efb10227:0xa317faeec35e50b3!8m2!3d20.009702!4d73.766297!16s%2Fg%2F11b75fswh5!19sChIJJwKx75nr3TsRs1Bew-76F6M?authuser=0&hl=en&rclk=1,Shri Renuka Restaurant,255,Fast Food,20.009702,73.766297,"Ganga Niwas, Gangapur Rd",⋅ Closes 6:30 pm,,4.3,22,116,panchvati
590,https://www.google.com/maps/place/Kulkarni%27s+Gurukrupa+Restaurant/data=!4m7!3m6!1s0x3bddea28642f548f:0x51c3ba5fe7543a52!8m2!3d20.0465309!4d73.805537!16s%2Fg%2F11b6syqmc6!19sChIJj1QvZCjq3TsRUjpU51-6w1E?authuser=0&hl=en&rclk=1,Kulkarni's Gurukrupa Restaurant,255,Vegetarian,20.0465309,73.805537,"Bhagyalakshmi Shopping Complex, Police Chowki, Dindori Rd, opp. Mhasrul",,,3.6,55,117,shalimar
591,https://www.google.co.in/maps/place/Shrinath+Dining+Hall/data=!4m7!3m6!1s0x39569c2fc20beb23:0x34708f5e9ab293b0!8m2!3d22.2400509!4d68.9646122!16s%2Fg%2F11fz9xv9g0!19sChIJI-sLwi-cVjkRsJOyml6PcDQ?authuser=0&hl=en&rclk=1,Shrinath Dining Hall,100,Gujarati,22.2400509,68.9646122,Home Guard Chowk,https://lh5.googleusercontent.com/p/AF1QipOSY7etGTTGqHPnTfpqcC0dFzknxNKGtMctWHjd=w122-h92-k-no,,4.4,4255,116,college road
592,https://www.google.co.in/maps/place/Amritam+:+A+multicuisine+Restaurant/data=!4m7!3m6!1s0x39569ddc9a431fc5:0x13e6a2f56ff72ffa!8m2!3d22.2439651!4d68.9650065!16s%2Fg%2F11ybtrnmf7!19sChIJxR9DmtydVjkR-i_3b_Wi5hM?authuser=0&hl=en&rclk=1,Amritam : A multicuisine Restaurant,255,Restaurant,22.2439651,68.9650065,"opp. Rabari Gate, near Post Office Road",https://lh5.googleusercontent.com/p/AF1QipMUd6qTZnfx9zmq9pp8iSu04O07QklgaqmDS3Id=w124-h92-k-no,,5,13,116,gangapur road
593,https://www.google.co.in/maps/place/Prasad+Restaurant/data=!4m7!3m6!1s0x39569c231a306b11:0x83493fe9f83daa0b!8m2!3d22.2410359!4d68.9742229!16s%2Fg%2F11cn65kbp9!19sChIJEWswGiOcVjkRC6o9-Ok_SYM?authuser=0&hl=en&rclk=1,Prasad Restaurant,300,Punjabi,22.2410359,68.9742229,6XRF+CM9,https://lh5.googleusercontent.com/p/AF1QipOLdeZuZRsNnyyzgabi4TpVF1su6p9E2nowkUVq=w122-h92-k-no,,3.9,786,116,panchvati
594,https://www.google.co.in/maps/place/Gomti+Restaurant/data=!4m7!3m6!1s0x39569dbdb260695d:0x808576e9d2d95e29!8m2!3d22.2381535!4d68.9688693!16s%2Fg%2F11rcndd877!19sChIJXWlgsr2dVjkRKV7Z0ul2hYA?authuser=0&hl=en&rclk=1,Gomti Restaurant,255,Restaurant,22.2381535,68.9688693,"Hotel Gomti"" Dhirubhai Ambani Road, Dhirubhai Ambani Marg, opp. Gomti River",https://lh5.googleusercontent.com/p/AF1QipODtGEyvHQrY8PJQsuGSL590FhRsZ2swPCMlarC=w122-h92-k-no,,4.7,178,116,shalimar
595,https://www.google.co.in/maps/place/MAKHKHAN+BHOG+RESTAURANT/data=!4m7!3m6!1s0x39569d6232a440ef:0x46616fe25e40b337!8m2!3d22.2405585!4d68.9742116!16s%2Fg%2F11sh4blqqc!19sChIJ70CkMmKdVjkRN7NAXuJvYUY?authuser=0&hl=en&rclk=1,MAKHKHAN BHOG RESTAURANT,300,Indian,22.2405585,68.9742116,"Jakat Naka Rd, opp. Kandas Bapu Ashram",https://lh5.googleusercontent.com/p/AF1QipMNDaA6_HU4DFh9GfbZrEwO3Sr43jPKv0rOkYgP=w138-h92-k-no,,4.5,300,116,gangapur road
596,https://www.google.co.in/maps/place/Purushottam+Parotha+House+and+Punjabi+Restaurant/data=!4m7!3m6!1s0x39569c2f62e53ff9:0x954ca5684a581d06!8m2!3d22.2418039!4d68.9657035!16s%2Fg%2F11fx921syx!19sChIJ-T_lYi-cVjkRBh1YSmilTJU?authuser=0&hl=en&rclk=1,Purushottam Parotha House and Punjabi Restaurant,300,Punjabi,22.2418039,68.9657035,"nr bhadrakali temple, Bhadrakali Rd",https://lh5.googleusercontent.com/p/AF1QipNk_HiLdw13xYQcbcNxdBOVzpFa8hbb0QdLTqoY=w163-h92-k-no,,3.8,1531,116,panchvati
597,https://www.google.co.in/maps/place/Divya+Bhav+Restaurant/data=!4m7!3m6!1s0x39569da8ce8aae1b:0x65ce21d2f0513fed!8m2!3d22.2398676!4d68.9653062!16s%2Fg%2F11wfl_1cdm!19sChIJG66KzqidVjkR7T9R8NIhzmU?authuser=0&hl=en&rclk=1,Divya Bhav Restaurant,300,Restaurant,22.2398676,68.9653062,Teen Batti Chowk,https://lh5.googleusercontent.com/p/AF1QipOGBRT5qHAxf-aJV01zZFi1sajCEVO1x9ryIMnf=w122-h92-k-no,,4.8,82,116,sharanpur road
598,https://www.google.co.in/maps/place/Balram+Restaurant/data=!4m7!3m6!1s0x39569d10a644a703:0x76d8f3f1e8cc2bc3!8m2!3d22.2410748!4d68.9659316!16s%2Fg%2F11qgkl0rff!19sChIJA6dEphCdVjkRwyvM6PHz2HY?authuser=0&hl=en&rclk=1,Balram Restaurant,100,Vegetarian,22.2410748,68.9659316,"6XR8+C9F, Unnamed Road",https://lh5.googleusercontent.com/p/AF1QipPsmJVUqHPpkPLyYis6Q2ikui85LlPQTnA20Zhu=w204-h92-k-no,,4.7,32,116,shalimar
599,https://www.google.co.in/maps/place/Indian+Rasoi/data=!4m7!3m6!1s0x39569dcae074883d:0x14a206e4bc1a195d!8m2!3d22.2386238!4d68.9666651!16s%2Fg%2F11j4kbm_kn!19sChIJPYh04MqdVjkRXRkavOQGohQ?authuser=0&hl=en&rclk=1,Indian Rasoi,300,Restaurant,22.2386238,68.9666651,near dwarkadhish Temple,https://lh5.googleusercontent.com/p/AF1QipP5wnevrOSTK3nwOu_hD3yf4mBQbr3hYtPhOB0L=w92-h92-k-no,,4.7,706,116,sharanpur road
600,https://www.google.co.in/maps/place/Govinda+Multi+Cuisine+Restaurant/data=!4m7!3m6!1s0x39569c3ab9c9f4fb:0xcf9d608da8fe0d34!8m2!3d22.2388154!4d68.9662926!16s%2Fg%2F11bwyzm6fd!19sChIJ-_TJuTqcVjkRNA3-qI1gnc8?authuser=0&hl=en&rclk=1,Govinda Multi Cuisine Restaurant,300,Punjabi,22.2388154,68.9662926,·,https://lh5.googleusercontent.com/p/AF1QipMpsMdFL0yKutS7R-Z7PLKnW5rzraouE9LxfPVK=w122-h92-k-no,,4.4,1227,116,college road
601,https://www.google.co.in/maps/place/Charmi+Restaurant/data=!4m7!3m6!1s0x39569c242e1a14eb:0x8fd5c9eed53d80f9!8m2!3d22.2433301!4d68.9695155!16s%2Fg%2F1hm2z0snh!19sChIJ6xQaLiScVjkR-YA91e7J1Y8?authuser=0&hl=en&rclk=1,Charmi Restaurant,300,Punjabi,22.2433301,68.9695155,Casual spot for vegetarian Punjabi fare,https://lh5.googleusercontent.com/p/AF1QipMrePrVLunc7MNDGuuZ_WxUbXZRuB2mFMMkNrvj=w122-h92-k-no,,3.8,1767,118,shalimar
602,https://www.google.co.in/maps/place/Rajdhani+Restaurant/data=!4m7!3m6!1s0x39569c2f750652af:0xa3b50a5795ebec24!8m2!3d22.2408553!4d68.9646102!16s%2Fg%2F11c5t0d3q6!19sChIJr1IGdS-cVjkRJOzrlVcKtaM?authuser=0&hl=en&rclk=1,Rajdhani Restaurant,200,Restaurant,22.2408553,68.9646102,·,https://lh5.googleusercontent.com/p/AF1QipMG8d48f1mMs8NS-I4vDMhbPJI6gzJl_umovWrl=w122-h92-k-no,,3.8,399,114,gangapur road
603,https://www.google.co.in/maps/place/Kathiyawadi+Rasthal/data=!4m7!3m6!1s0x39569d01f7733947:0x780a2bc13725c6a3!8m2!3d22.2413111!4d68.9655617!16s%2Fg%2F11rpvmknw8!19sChIJRzlz9wGdVjkRo8YlN8ErCng?authuser=0&hl=en&rclk=1,Kathiyawadi Rasthal,100,Indian,22.2413111,68.9655617,Bhadrakali Rd,https://lh5.googleusercontent.com/p/AF1QipNFLEYyFNY78Q6ibLZBfd2w8Rh3irUevE8YRm8E=w80-h106-k-no,,4.3,1414,117,panchvati
604,https://www.google.co.in/maps/place/Ruchika+Restaurant/data=!4m7!3m6!1s0x39569ddac8b8edfb:0xdea0bd25384fb8e2!8m2!3d22.2372339!4d68.9664043!16s%2Fg%2F11l5y6km9b!19sChIJ--24yNqdVjkR4rhPOCW9oN4?authuser=0&hl=en&rclk=1,Ruchika Restaurant,100,Indian,22.2372339,68.9664043,"6XP8+WGX, Ramdhun Rd",https://lh5.googleusercontent.com/p/AF1QipPY7e1rzhRj9xzzWW4b0Q1tYU9M_WS_0JFa1Ndv=w80-h142-k-no,,5,10,118,sharanpur road
605,https://www.google.co.in/maps/place/Swastik+Restaurant/data=!4m7!3m6!1s0x39569d0ed79eddad:0x9a5e74c38df62483!8m2!3d22.2384031!4d68.9680561!16s%2Fg%2F11j4nhhw7t!19sChIJrd2e1w6dVjkRgyT2jcN0Xpo?authuser=0&hl=en&rclk=1,Swastik Restaurant,255,Punjabi,22.2384031,68.9680561,,https://lh5.googleusercontent.com/p/AF1QipMGfbhnPToh6slsWGcKMEF8DiHohwcUMYZMqolR=w122-h92-k-no,,4.4,42,116,shalimar
606,https://www.google.co.in/maps/place/Kamat+Restaurant/data=!4m7!3m6!1s0x39569c2608ef841b:0x158d8464733e93c8!8m2!3d22.2435849!4d68.9665417!16s%2Fg%2F11fzqr9l_5!19sChIJG4TvCCacVjkRyJM-c2SEjRU?authuser=0&hl=en&rclk=1,Kamat Restaurant,300,Gujarati,22.2435849,68.9665417,·,https://lh5.googleusercontent.com/p/AF1QipN-1u3Jjx-E2W3TvUNQM2kdrG47rhYOPF0Pt3JB=w163-h92-k-no,,4,1015,116,college road
607,https://www.google.co.in/maps/place/The+sangam+narayan+restaurant/data=!4m7!3m6!1s0x39569d006c902515:0x7ac6297dac288386!8m2!3d22.2358663!4d68.9652004!16s%2Fg%2F11lz96mrpl!19sChIJFSWQbACdVjkRhoMorH0pxno?authuser=0&hl=en&rclk=1,The sangam narayan restaurant,300,Restaurant,22.2358663,68.9652004,6XP8+935,https://lh5.googleusercontent.com/p/AF1QipMVzTLaqjNn9GFQZDCqK-76vs8yZPXW5ngztqdE=w163-h92-k-no,,5,30,116,panchvati
608,https://www.google.co.in/maps/place/FORTUNE+SPICE/data=!4m7!3m6!1s0x39569dda14ae37b9:0x87bfc5b262f1ecc9!8m2!3d22.2441462!4d68.9721451!16s%2Fg%2F11rkbqtqdw!19sChIJuTeuFNqdVjkRyezxYrLFv4c?authuser=0&hl=en&rclk=1,FORTUNE SPICE,500,Restaurant,22.2441462,68.9721451,"police station, Jamnagar highway, opp. dwarka",https://lh5.googleusercontent.com/p/AF1QipOcUZOa9NpKjHMB44ZbhLFc695g3AKHnrJbwBgx=w204-h92-k-no,,4.5,39,118,college road
609,https://www.google.co.in/maps/place/ROMANO+CUCCINA+RESTAURANT/data=!4m7!3m6!1s0x39569de1f484a77b:0x8baa5de1282bfe68!8m2!3d22.2446466!4d68.9654458!16s%2Fg%2F11fjtqghsb!19sChIJe6eE9OGdVjkRaP4rKOFdqos?authuser=0&hl=en&rclk=1,ROMANO CUCCINA RESTAURANT,300,Restaurant,22.2446466,68.9654458,opp. Rabari Gate,https://lh5.googleusercontent.com/p/AF1QipO759_x4fyZ6heOebKlU1QgksVDarU9sNG1ASz-=w138-h92-k-no,,4.2,131,118,sharanpur road
610,https://www.google.co.in/maps/place/Motabhai+The+Family+Restaurant/data=!4m7!3m6!1s0x39569d3be70d507f:0xc4280fe511dc37e5!8m2!3d22.2385312!4d68.9680893!16s%2Fg%2F11sdx_jd13!19sChIJf1AN5zudVjkR5TfcEeUPKMQ?authuser=0&hl=en&rclk=1,Motabhai The Family Restaurant,300,Restaurant,22.2385312,68.9680893,opp. dwarkadhish Temple,https://lh5.googleusercontent.com/p/AF1QipNbrKZGDn1n1wXShGMuJjeHh3ryY9nK8bHsXLMU=w122-h92-k-no,,4,49,116,panchvati
611,https://www.google.co.in/maps/place/Achijaa+Food+Cafe/data=!4m7!3m6!1s0x39569dd64e053155:0xb310ae9a7a2764da!8m2!3d22.2393845!4d68.9647525!16s%2Fg%2F11n15s_rqz!19sChIJVTEFTtadVjkR2mQnepquELM?authuser=0&hl=en&rclk=1,Achijaa Food Cafe,255,Restaurant,22.2393845,68.9647525,Home Guard Chowk,https://lh5.googleusercontent.com/p/AF1QipMcj_ARmL9eiTwT2Q6tkwLRNUK2P1k8xNRfukhO=w122-h92-k-no,,4.7,13,116,shalimar
612,https://www.google.co.in/maps/place/Kathiyawadi+Village/data=!4m7!3m6!1s0x39569d0021752b55:0x15769001bf611f39!8m2!3d22.2401254!4d68.9684769!16s%2Fg%2F11wg07z00r!19sChIJVSt1IQCdVjkROR9hvwGQdhU?authuser=0&hl=en&rclk=1,Kathiyawadi Village,300,Family-friendly,22.2401254,68.9684769,"6XR9+3C2, Shivraj Sinh Rd",https://lh5.googleusercontent.com/p/AF1QipM6bgC5xmy0sHx63muFW56XVeWXqSGsd5JnuGQZ=w80-h177-k-no,,4.5,202,116,shalimar
613,https://www.google.co.in/maps/place/Balaji+Restaurant/data=!4m7!3m6!1s0x39569d001054fc6b:0x8ac78559765fed19!8m2!3d22.2384517!4d68.9680118!16s%2Fg%2F11w2rklk50!19sChIJa_xUEACdVjkRGe1fdlmFx4o?authuser=0&hl=en&rclk=1,Balaji Restaurant,255,Restaurant,22.2384517,68.9680118,"6XQ9+96J, dwarkadhish Temple Rd",https://lh5.googleusercontent.com/p/AF1QipNJhpeSbwwyUmRYfFlXHbrO23Y3xYV7n2LK5nHf=w194-h92-k-no,,4.8,10,116,panchvati
614,https://www.google.co.in/maps/place/Kanaiya+Kathiyawadi+Restaurant/data=!4m7!3m6!1s0x39569db6d69f3805:0xfa29277e2774afb3!8m2!3d22.2441786!4d68.9672112!16s%2Fg%2F11rf0bb02z!19sChIJBTif1radVjkRs690J34nKfo?authuser=0&hl=en&rclk=1,Kanaiya Kathiyawadi Restaurant,100,Vegetarian,22.2441786,68.9672112,"First Floor, above IIFL Finance, opposite VITS",https://lh5.googleusercontent.com/p/AF1QipONcqCDIARV-CFGLKs1PJH1IbB2BdHv4e1c0opo=w91-h92-k-no,,4.9,68,116,panchvati
615,https://www.google.co.in/maps/place/Bhojnam+Restaurant/data=!4m7!3m6!1s0x39569dd3e5f84b07:0xa8183ab308414ee7!8m2!3d22.2442722!4d68.9684783!16s%2Fg%2F11vwmz_0jf!19sChIJB0v45dOdVjkR505BCLM6GKg?authuser=0&hl=en&rclk=1,Bhojnam Restaurant,500,Restaurant,22.2442722,68.9684783,"C/O MSBBHAUOOE RS NO 356, PLOT NO 1",https://lh5.googleusercontent.com/p/AF1QipOFXYvdvo-dQcTiAV0tIjb3mL9pI3D8ia4TMMwK=w122-h92-k-no,,4.9,11,116,shalimar
616,https://www.google.co.in/maps/place/Maheswari+restaurant/data=!4m7!3m6!1s0x39569d6edc2e46bf:0xd09a0aa838084652!8m2!3d22.2410964!4d68.967272!16s%2Fg%2F11w1wwfpq3!19sChIJv0Yu3G6dVjkRUkYIOKgKmtA?authuser=0&hl=en&rclk=1,Maheswari restaurant,100,Restaurant,22.2410964,68.967272,"Maheswari Restaurant, Aditya Rd",https://lh5.googleusercontent.com/p/AF1QipPx2F4F6xPvsRt0W9sQ9DIBqUsbAnmzi_dTF9h9=w138-h92-k-no,,4.9,22,116,panchvati
617,https://www.google.co.in/maps/place/Kant+Dining+Hall+%26+Restaurant/data=!4m7!3m6!1s0x39569c257d7fe139:0x786f521d1d0e7506!8m2!3d22.2403673!4d68.9658768!16s%2Fg%2F11fzfdckdr!19sChIJOeF_fSWcVjkRBnUOHR1Sb3g?authuser=0&hl=en&rclk=1,Kant Dining Hall & Restaurant,255,Restaurant,22.2403673,68.9658768,·,https://lh5.googleusercontent.com/p/AF1QipMIV6LbSoq6DUgUKfr1dremAJOMeI_6qnuBCCz2=w204-h92-k-no,,4.3,976,116,sharanpur road
618,https://www.google.co.in/maps/place/Parivar+Restaurant/data=!4m7!3m6!1s0x39569d2d14009dbb:0x65b096aca9183f24!8m2!3d22.2390411!4d68.9680226!16s%2Fg%2F11s_vsz31w!19sChIJu50AFC2dVjkRJD8YqayWsGU?authuser=0&hl=en&rclk=1,Parivar Restaurant,100,Gujarati,22.2390411,68.9680226,Mandir Chowk,https://lh5.googleusercontent.com/p/AF1QipNjXr5msC_BhfhXmMtWadUxGy2xtUJ-V2VW2cuy=w122-h92-k-no,,4.1,34,116,shalimar
619,https://www.google.co.in/maps/place/Dwarkesh+Bhojnalaya/data=!4m7!3m6!1s0x39569d859de382a1:0x57f4f482c42e4e01!8m2!3d22.2408311!4d68.9659516!16s%2Fg%2F11h3dnjv_w!19sChIJoYLjnYWdVjkRAU4uxIL09Fc?authuser=0&hl=en&rclk=1,Dwarkesh Bhojnalaya,100,Restaurant,22.2408311,68.9659516,Aditya Rd,https://lh5.googleusercontent.com/p/AF1QipPvRRVIZjhViQOOyO6UNEttE4QX-uUVGmXgOTfU=w163-h92-k-no,,4.1,277,17,panchvati
620,https://www.google.co.in/maps/place/New+Sharanam+Restaurant/data=!4m7!3m6!1s0x39569c258f36e7a5:0xd759114d688ec2f6!8m2!3d22.2419375!4d68.9661875!16s%2Fg%2F11g6qwk7ry!19sChIJpec2jyWcVjkR9sKOaE0RWdc?authuser=0&hl=en&rclk=1,New Sharanam Restaurant,255,Restaurant,22.2419375,68.9661875,,https://lh5.googleusercontent.com/p/AF1QipPA5tiLTacAaj3bhKUSw4-9u3EycM3v7fAaN1N_=w122-h92-k-no,,3.7,371,119,sharanpur road
621,https://www.google.co.in/maps/place/Shreenathji+Restaurant/data=!4m7!3m6!1s0x39569d8a8cb106f7:0x417101bed176d64!8m2!3d22.2391465!4d68.9680195!16s%2Fg%2F11tp5t296p!19sChIJ9waxjIqdVjkRZG0X7RsQFwQ?authuser=0&hl=en&rclk=1,Shreenathji Restaurant,300,Indian,22.2391465,68.9680195,Mandir Chowk,https://lh5.googleusercontent.com/p/AF1QipOyhcHxU_IWeYDXkKMiagLZG-b5zncl4VIJTIZf=w80-h142-k-no,,3.5,113,116,shalimar
622,https://www.google.co.in/maps/place/GOVERDHAN+THAL./data=!4m7!3m6!1s0x39569dc810706185:0x3968e0eff68000ac!8m2!3d22.2400527!4d68.9651516!16s%2Fg%2F11v57yd5yp!19sChIJhWFwEMidVjkRrACA9u_gaDk?authuser=0&hl=en&rclk=1,GOVERDHAN THAL.,100,Gujarati,22.2400527,68.9651516,"HOME GAURD CHOWK, JAVAHAR ROAD, near HOTEL CITY PALACE",https://lh5.googleusercontent.com/p/AF1QipO6DUR7P8fvBFSv1O1nG6IKFIU9-_UPj_AsVqw0=w80-h173-k-no,,4.6,49,115,panchvati
623,https://www.google.co.in/maps/place/Chaat+Chaska/data=!4m7!3m6!1s0x39569d6ff2920b71:0xee42227c5b6d8186!8m2!3d22.2390194!4d68.9708449!16s%2Fg%2F11w85jx9z0!19sChIJcQuS8m-dVjkRhoFtW3wiQu4?authuser=0&hl=en&rclk=1,Chaat Chaska,100,Restaurant,22.2390194,68.9708449,·,https://lh5.googleusercontent.com/p/AF1QipNf-B2D0QzYBbMP-LKzFJizuiOpvxR7imnDQBhZ=w122-h92-k-no,,4.8,57,117,college road
624,https://www.google.co.in/maps/place/Tamilnadu+Restaurant/data=!4m7!3m6!1s0x39569da76028e0f9:0xa8039c22ea1f934!8m2!3d22.2395894!4d68.9646893!16s%2Fg%2F11rqkwp4dm!19sChIJ-eAoYKedVjkRNPmhLsI5gAo?authuser=0&hl=en&rclk=1,Tamilnadu Restaurant,200,South Indian,22.2395894,68.9646893,Home Guard Chowk Marcket Road,https://lh5.googleusercontent.com/p/AF1QipNvH3HAQQHkZuQH9xYajCnoNvumXcPotJJiM0ft=w80-h106-k-no,,3.8,55,118,panchvati
625,https://www.google.co.in/maps/place/Lucky+Non-veg+Restaurant/data=!4m7!3m6!1s0x39569f741ccb1dc7:0xc7db717d1b4f497f!8m2!3d22.2599053!4d68.9597876!16s%2Fg%2F11s0zwdrkj!19sChIJxx3LHHSfVjkRf0lPG31x28c?authuser=0&hl=en&rclk=1,Lucky Non-veg Restaurant,255,Non Vegetarian Restaurant,22.2599053,68.9597876,Okha dwarka highway Near rupen bandar police chowki,https://lh5.googleusercontent.com/p/AF1QipPvJjuN1HM2vIv4kg9QCOg3hKEVLgMokA0-H-YU=w205-h92-k-no,,4.1,22,116,shalimar
626,https://www.google.co.in/maps/place/The+Grand+Radhey/data=!4m10!3m9!1s0x39569c20da2ca32d:0x612b851bf2f1d896!5m2!4m1!1i2!8m2!3d22.2462605!4d68.9713385!16s%2Fg%2F11g6qvffsm!19sChIJLaMs2iCcVjkRltjx8huFK2E?authuser=0&hl=en&rclk=1,The Grand Radhey,255,Restaurant,22.2462605,68.9713385,,https://lh5.googleusercontent.com/p/AF1QipOuXc-4XonQCswvdx5eS1XlBtrnjuTHj-FNVall=w153-h92-k-no,,4.1,594,116,panchvati
627,https://www.google.co.in/maps/place/Harsh+Fast+Food+-+Best+Fast+Food+Cafe+in+dwarka+Gujarat/data=!4m7!3m6!1s0x39569ddcff7b3e4d:0x7937ce49606df77a!8m2!3d22.2406635!4d68.9657865!16s%2Fg%2F11nwwy2l3t!19sChIJTT57_9ydVjkRevdtYEnON3k?authuser=0&hl=en&rclk=1,Harsh Fast Food - Best Fast Food Cafe in dwarka Gujarat,255,Fast Food,22.2406635,68.9657865,·,https://lh5.googleusercontent.com/p/AF1QipPtiPKR6yp0XrMGMsW-DoqBsmDHYeAfRAhpujXO=w80-h106-k-no,,4.5,34,116,dwarka
628,https://www.google.co.in/maps/place/Deep+Sea+Dine/data=!4m7!3m6!1s0x39569d96c1256c3f:0x4ac5beaf6698a073!8m2!3d22.2386563!4d68.9641612!16s%2Fg%2F11khf4n5rq!19sChIJP2wlwZadVjkRc6CYZq--xUo?authuser=0&hl=en&rclk=1,Deep Sea Dine,500,Restaurant,22.2386563,68.9641612,"Siddhnath Mahadev, SBI Bank Circle, dwarkadhish Temple Rd, nr. Vegetable Market",https://lh5.googleusercontent.com/p/AF1QipOfb289xYYehd402UX-l6Oz70xuLBmIqE_62hU=w122-h92-k-no,,4.5,23,118,sharanpur road
629,https://www.google.co.in/maps/place/Yash+Dining+Hall/data=!4m7!3m6!1s0x39569d7a63c17e99:0x682a46821446c2ed!8m2!3d22.2435134!4d68.9704307!16s%2Fg%2F11g0dsvb8h!19sChIJmX7BY3qdVjkR7cJGFIJGKmg?authuser=0&hl=en&rclk=1,Yash Dining Hall,100,Indian,22.2435134,68.9704307,"PGVCL Division Office,opp dwarka Meera hotel.ne bajuma Yash dining hall",https://lh5.googleusercontent.com/p/AF1QipP2zd-ZDFM443yWKDM2kJPEJtulfgK8q76iM3H5=w80-h106-k-no,,4,74,116,panchvati
630,https://www.google.co.in/maps/place/Rajavir+Parotha+House+%28Restaurant%29/data=!4m7!3m6!1s0x39569c28ecf13e11:0x4995180daa497b62!8m2!3d22.2454775!4d68.9642194!16s%2Fg%2F11c455416s!19sChIJET7x7CicVjkRYntJqg0YlUk?authuser=0&hl=en&rclk=1,Rajavir Parotha House (Restaurant),255,Gujarati,22.2454775,68.9642194,"Beside BPCL Petrol Pump, State Highway 6A, ST Depot",https://streetviewpixels-pa.googleapis.com/v1/thumbnail?panoid=UmOJFkqZASOjYIcT9Yzcyg&cb_client=search.gws-prod.gps&w=80&h=92&yaw=276.53702&pitch=0&thumbfov=100,,4,79,116,shalimar
631,https://www.google.co.in/maps/place/Meera+Restaurant/data=!4m7!3m6!1s0x39569df264e9b62b:0xd7684c5cae3e1cae!8m2!3d22.2434664!4d68.9702658!16s%2Fg%2F11rf0b7hc2!19sChIJK7bpZPKdVjkRrhw-rlxMaNc?authuser=0&hl=en&rclk=1,Meera Restaurant,300,Restaurant,22.2434664,68.9702658,"Okha-Jamngar Highway, opp. GEB office, near Iskon Gate",https://lh5.googleusercontent.com/p/AF1QipO8bYiCq2lB1JyQpnO-ZBIh1kvlw9P0QSC1mmo2=w92-h92-k-no,,3.7,99,116,panchvati
632,https://www.google.co.in/maps/place/Aamantran+restaurant/data=!4m7!3m6!1s0x39569df6c1d9588b:0x299f1d6a212717f3!8m2!3d22.2390084!4d68.9708348!16s%2Fg%2F11g_qr1knz!19sChIJi1jZwfadVjkR8xcnIWodnyk?authuser=0&hl=en&rclk=1,Aamantran restaurant,300,Indian,22.2390084,68.9708348,"1st.floor, New, dwarkadhish Temple Rd, opp. Gomti River Hotel the grand dwarika",https://lh5.googleusercontent.com/p/AF1QipNK9808tq1XN6rv8jg73VKDi0-xxufq3vuaEP-W=w122-h92-k-no,,3.6,35,116,sharanpur road
633,https://www.google.co.in/maps/place/Madhav+Dining+Hall/data=!4m7!3m6!1s0x39569d6470ae63b1:0xed45a56d48f19a8d!8m2!3d22.2379624!4d68.9680719!16s%2Fg%2F11mxf2zm60!19sChIJsWOucGSdVjkRjZrxSG2lRe0?authuser=0&hl=en&rclk=1,Madhav Dining Hall,300,Restaurant,22.2379624,68.9680719,"nr. Gomti River, opp. Sudama Setu",https://lh5.googleusercontent.com/p/AF1QipNEqff85lvU4qgGaFiSAlmAEtyYx8Y6MIhWz39N=w122-h92-k-no,,3.6,228,117,panchvati
634,https://www.google.co.in/maps/place/Fouji+Restaurant+nonveg/data=!4m7!3m6!1s0x39569d1c40f54151:0xd3cf5eaeb1dd73c1!8m2!3d22.2456827!4d68.9641974!16s%2Fg%2F11np4h_p42!19sChIJUUH1QBydVjkRwXPdsa5ez9M?authuser=0&hl=en&rclk=1,Fouji Restaurant nonveg,300,Restaurant,22.2456827,68.9641974,"Bus Stand, GJ SH 6A",,,4.1,38,116,shalimar
635,https://www.google.co.in/maps/place/Raghuvanshi+restaurant/data=!4m7!3m6!1s0x39569d00579ed9eb:0xc82e4af2426d396f!8m2!3d22.2397495!4d68.9646387!16s%2Fg%2F11ld87m596!19sChIJ69meVwCdVjkRbzltQvJKLsg?authuser=0&hl=en&rclk=1,Raghuvanshi restaurant,300,Restaurant,22.2397495,68.9646387,"RAGHUVANSI RESTAURANT APPOJIT HOTEL NARAYANA INN, dwarkadhish Temple Rd, near STATE BANK OF INDIA SWAMINRAYAN",https://lh5.googleusercontent.com/p/AF1QipMJMoyBs-4rMZHG2Bpl7qNrNFtq0IJmOh0uyFcd=w163-h92-k-no,,4.5,13,114,panchvati
636,https://www.google.co.in/maps/place/Aarati+Restaurant/data=!4m7!3m6!1s0x39569dfaf85f8513:0x5737b4a3637c4539!8m2!3d22.2411922!4d68.9659038!16s%2Fg%2F11j1k1qrx7!19sChIJE4Vf-PqdVjkROUV8Y6O0N1c?authuser=0&hl=en&rclk=1,Aarati Restaurant,300,Restaurant,22.2411922,68.9659038,"Near, Bhadrakali Chowk",https://lh5.googleusercontent.com/p/AF1QipM54m7Sx5uGG9HxSg0ZTFCEN7hi3QnCzoTGbUOQ=w80-h168-k-no,,3.2,30,116,panchvati
637,https://www.google.co.in/maps/place/Dosa+Hub/data=!4m7!3m6!1s0x39569d9964cb913d:0x74750d178b7e0cca!8m2!3d22.2433659!4d68.9695018!16s%2Fg%2F11tmv426yg!19sChIJPZHLZJmdVjkRygx-ixcNdXQ?authuser=0&hl=en&rclk=1,Dosa Hub,300,Indian,22.2433659,68.9695018,opp. Pgvcl Highway Road,https://lh5.googleusercontent.com/p/AF1QipOMEILH5dg3NIdUOF2eufMYbWslyeroV6Sa-emZ=w163-h92-k-no,,3.7,65,116,sharanpur road
638,https://www.google.co.in/maps/place/9+To+69/data=!4m7!3m6!1s0x39569d20f806305f:0xe63573f4b5fbc8bb!8m2!3d22.2401219!4d68.9681282!16s%2Fg%2F11l5kfh8y8!19sChIJXzAG-CCdVjkRu8j7tfRzNeY?authuser=0&hl=en&rclk=1,9 To 69,100,Fast Food,22.2401219,68.9681282,"Jodhabha Manek Chowk, near Uttam Hotel",https://lh5.googleusercontent.com/p/AF1QipOg5NQPtmP2O2-2RiVsVT2ijhjYiWf8t7soO-mS=w122-h92-k-no,,4.9,11,116,panchvati
639,https://www.google.co.in/maps/place/DEV+BHOJNALAYA/data=!4m7!3m6!1s0x39569d73ee956357:0x7c0f05988a2ff195!8m2!3d22.2438732!4d68.9711393!16s%2Fg%2F11pm2cv_mv!19sChIJV2OV7nOdVjkRlfEvipgFD3w?authuser=0&hl=en&rclk=1,DEV BHOJNALAYA,100,Vegetarian,22.2438732,68.9711393,"G E, B Road, near Nayra Petrol Pump",https://lh5.googleusercontent.com/p/AF1QipNGXB4Jagl6wsX1MswS_LcvWhRHTr3AnusWUtTk=w163-h92-k-no,,4,53,117,panchvati
640,https://www.google.co.in/maps/place/RAJADHIRAJ+FOOD+ZONE/data=!4m7!3m6!1s0x39569d8c8b348cb3:0xe737b66118b89ddb!8m2!3d22.2384412!4d68.9680162!16s%2Fg%2F11rqg464wc!19sChIJs4w0i4ydVjkR2524GGG2N-c?authuser=0&hl=en&rclk=1,RAJADHIRAJ FOOD ZONE,255,Vegetarian,22.2384412,68.9680162,near dwarkadhish Temple Up Patanjali Store,https://lh5.googleusercontent.com/p/AF1QipPxZFcyI7vbfh3iRLWwts_gaGnaDvRF_i_QkZMj=w122-h92-k-no,,4.5,2,117,shalimar
641,https://www.google.co.in/maps/place/La+Pinoz+Pizza/data=!4m7!3m6!1s0x39569d68e979db77:0x8b3fd3e44f4342ad!8m2!3d22.2364435!4d68.9770008!16s%2Fg%2F11s5ylt05h!19sChIJd9t56WidVjkRrUJDT-TTP4s?authuser=0&hl=en&rclk=1,La Pinoz Pizza,300,Pizza,22.2364435,68.9770008,"La Pinoz Pizza, near Hathi Gate, beside Alakh Restaurant",https://lh5.googleusercontent.com/p/AF1QipMXDkelzVlCqr1HSy7A4Bo24QN4yxx-0sVYSnYR=w80-h107-k-no,,3.8,751,118,college road
642,https://www.google.co.in/maps/place/Riddhi+Siddhi+Restaurant/data=!4m7!3m6!1s0x39569d0073682aa7:0x6f8730fe0f2ce2a4!8m2!3d22.2436293!4d68.9691575!16s%2Fg%2F11y9y91by0!19sChIJpypocwCdVjkRpOIsD_4wh28?authuser=0&hl=en&rclk=1,Riddhi Siddhi Restaurant,255,Vegetarian,22.2436293,68.9691575,6XV9+FM3,https://streetviewpixels-pa.googleapis.com/v1/thumbnail?panoid=bgZUec79TCar3hiYk7fGDA&cb_client=search.gws-prod.gps&w=80&h=92&yaw=118.246994&pitch=0&thumbfov=100,,5,1,116,panchvati
643,https://www.google.co.in/maps/place/PEPPERMENT+RESTAURANT/data=!4m7!3m6!1s0x39569d09bc5d6965:0xa869b5e3651259b!8m2!3d22.2408506!4d68.9657944!16s%2Fg%2F11tp26kk07!19sChIJZWldvAmdVjkRmyVRNl6bhgo?authuser=0&hl=en&rclk=1,PEPPERMENT RESTAURANT,100,Restaurant,22.2408506,68.9657944,Bhadrakali Rd,https://lh5.googleusercontent.com/p/AF1QipN9sVFJmXzaW7lKB2uy1Sspxk7eXojus2fGIh_j=w80-h106-k-no,,4.3,8,116,sharanpur road
644,https://www.google.co.in/maps/place/Food+Mohalla+dwarka/data=!4m7!3m6!1s0x39569d294df747df:0xe9aabc47bf8f9647!8m2!3d22.2392779!4d68.9660879!16s%2Fg%2F11vks5bl4y!19sChIJ30f3TSmdVjkRR5aPv0e8quk?authuser=0&hl=en&rclk=1,Food Mohalla dwarka,100,Fast Food,22.2392779,68.9660879,"1st floor, krishna complex, tinn batti chowk, above idbi bank",https://lh5.googleusercontent.com/p/AF1QipOZD_O9ZnzfEIGY4n8tgxna4ihSLViXQ0aK2jZC=w80-h106-k-no,,4.4,30,116,dwarka
645,https://www.google.co.in/maps/place/Vandana+Hotel+%26+Restaurant/data=!4m10!3m9!1s0x39569c2408accf91:0x465904bac50d9d22!5m2!4m1!1i2!8m2!3d22.243822!4d68.971448!16s%2Fg%2F12ll8bv5k!19sChIJkc-sCCScVjkRIp0NxboEWUY?authuser=0&hl=en&rclk=1,Vandana Hotel & Restaurant,255,1-star hotel,22.243822,68.971448,,https://lh5.googleusercontent.com/p/AF1QipNpk7dMjELYufhyPGbbRoxG4_rSq1IyKR-eIWo2=w163-h92-k-no,,4.1,794,116,panchvati
646,https://www.google.co.in/maps/place/Shree+Gurukrupa+Kathiawadi+Dhaba/data=!4m7!3m6!1s0x39569df62e92b557:0x531b4b7be2573c70!8m2!3d22.2430625!4d68.9739375!16s%2Fg%2F11hf7dn42f!19sChIJV7WSLvadVjkRcDxX4ntLG1M?authuser=0&hl=en&rclk=1,Shree Gurukrupa Kathiawadi Dhaba,100,Dhaba,22.2430625,68.9739375,,https://lh5.googleusercontent.com/p/AF1QipNjzV_bEFBE918-D1-vGOnmK42XLokLThkoiBvY=w80-h106-k-no,,3.1,364,116,shalimar
647,https://www.google.co.in/maps/place/GUGLI+BRAHMIN+505/data=!4m7!3m6!1s0x39569d27d811867f:0xa9aa9fa266d0fc77!8m2!3d22.2438944!4d68.965554!16s%2Fg%2F11sh59jpy3!19sChIJf4YR2CedVjkRd_zQZqKfqqk?authuser=0&hl=en&rclk=1,GUGLI BRAHMIN 505,100,Vegetarian,22.2438944,68.965554,"High Way Road, near Rabari Gate",https://lh5.googleusercontent.com/p/AF1QipPXm3G7oH1T1YGkjM50XDFk4CoE8zov6xUDUq2r=w137-h92-k-no,,4.2,46,117,panchvati
648,https://www.google.co.in/maps/place/Murlidhar+restaurant/data=!4m7!3m6!1s0x39569ddd69391d0f:0x1a7f9d16247317a2!8m2!3d22.2407556!4d68.9785298!16s%2Fg%2F11qn9sygs7!19sChIJDx05ad2dVjkRohdzJBadfxo?authuser=0&hl=en&rclk=1,Murlidhar restaurant,100,Restaurant,22.2407556,68.9785298,Dwaraka Rd,https://lh5.googleusercontent.com/p/AF1QipP6cwW4TdzXgfVbE3hjOVcRyxRsKVRd-0BKi9Wd=w163-h92-k-no,,3.9,196,116,shalimar
649,https://www.google.co.in/maps/place/Shree+Mehaman/data=!4m7!3m6!1s0x39569c25327b5321:0xce1a13cedfed8f22!8m2!3d22.2390997!4d68.968086!16s%2Fg%2F11g8zc66y0!19sChIJIVN7MiWcVjkRIo_t384TGs4?authuser=0&hl=en&rclk=1,Shree Mehaman,255,Indian,22.2390997,68.968086,"6XQ9+J6P, Jodhabha Manek Rd",https://lh5.googleusercontent.com/p/AF1QipP4K2FJuakMELhykR_2yaRe4i57iWfNKW37MyW6=w80-h142-k-no,,3.6,28,116,panchvati
650,https://www.google.co.in/maps/place/Radhe+radhe+restaurant/data=!4m7!3m6!1s0x39569d001c1627a1:0xcffe457e78f64242!8m2!3d22.2402125!4d68.9664219!16s%2Fg%2F11wfdjjwbv!19sChIJoScWHACdVjkRQkL2eH5F_s8?authuser=0&hl=en&rclk=1,Radhe radhe restaurant,255,Restaurant,22.2402125,68.9664219,6XR8+3HM,https://streetviewpixels-pa.googleapis.com/v1/thumbnail?panoid=lKaVDdBIlQX_XB8Bk4yYyQ&cb_client=search.gws-prod.gps&w=80&h=92&yaw=352.34967&pitch=0&thumbfov=100,,3,1,116,sharanpur road
651,https://www.google.co.in/maps/place/Gopal+Restaurant/data=!4m7!3m6!1s0x39569d4e65d2041d:0x9ab84d91c2b33249!8m2!3d22.240032!4d68.9649313!16s%2Fg%2F11h4zq1tdh!19sChIJHQTSZU6dVjkRSTKzwpFNuJo?authuser=0&hl=en&rclk=1,Gopal Restaurant,255,Restaurant,22.240032,68.9649313,"6XR7+2X7, Unnamed Road",https://lh5.googleusercontent.com/p/AF1QipMLwbs1nnSbTnVD_inMB_xzeBcG4equGk7NgOom=w122-h92-k-no,,3.6,9,117,shalimar
652,https://www.google.co.in/maps/place/Krishna+Dining+house/data=!4m7!3m6!1s0x39569de38212f39b:0x14689e79fd539b49!8m2!3d22.2397427!4d68.9679968!16s%2Fg%2F11qh688hn3!19sChIJm_MSguOdVjkRSZtT_XmeaBQ?authuser=0&hl=en&rclk=1,Krishna Dining house,100,Indian,22.2397427,68.9679968,"6XQ9+V5X, Jodhabha Manek Rd",https://lh5.googleusercontent.com/p/AF1QipMgY_JNsOInrGeRt4xppbIbTfbno6VBBLkkT9J_=w122-h92-k-no,,4.5,13,116,panchvati
653,https://www.google.co.in/maps/place/Dev+Restaurant/data=!4m7!3m6!1s0x39569daaf4e254b1:0xafc194e5207f98a2!8m2!3d22.2437699!4d68.9706322!16s%2Fg%2F11s5k4v9rg!19sChIJsVTi9KqdVjkRoph_IOWUwa8?authuser=0&hl=en&rclk=1,Dev Restaurant,255,Restaurant,22.2437699,68.9706322,"Police Station, Sanathan Road, opposite dwarka",https://lh5.googleusercontent.com/p/AF1QipPmoAweL2iWbcswXhdVbMDapKDJVEi6R08Ckv4s=w122-h92-k-no,,2.3,15,116,shalimar
654,https://www.google.co.in/maps/place/Heerabai+Gathiyawada/data=!4m7!3m6!1s0x39569d0069659e45:0x375a057d3b1ff7a9!8m2!3d22.2402756!4d68.9658477!16s%2Fg%2F11wtlvbfzt!19sChIJRZ5laQCdVjkRqfcfO30FWjc?authuser=0&hl=en&rclk=1,Heerabai Gathiyawada,100,Gujarati,22.2402756,68.9658477,6XR8+489,https://lh5.googleusercontent.com/p/AF1QipMJsdR_kfKFPm8zF0l7vkVmFg9WieB4z3mUvx4v=w80-h106-k-no,,4.8,8,116,dwarka
655,https://www.google.co.in/maps/place/SHIVANGI+RESTAURANT/data=!4m7!3m6!1s0x39569db21b598b17:0xa7f809ff27f30811!8m2!3d22.2409552!4d68.9658054!16s%2Fg%2F11k5440k6x!19sChIJF4tZG7KdVjkREQjzJ_8J-Kc?authuser=0&hl=en&rclk=1,SHIVANGI RESTAURANT,100,Restaurant,22.2409552,68.9658054,"Bhadrakali, Chowk, Devbhumi, opp. HDFC Bank",https://lh5.googleusercontent.com/p/AF1QipNdqno9FqGXOy5UdproXBpkk_NWAYG_MJ42Lbc=w80-h106-k-no,,4.1,7,116,shalimar
656,https://www.google.co.in/maps/place/Balaji+puri/data=!4m7!3m6!1s0x39569d5deeb96435:0xec265bfff93e6055!8m2!3d22.2398816!4d68.9640664!16s%2Fg%2F11sm7t1wbr!19sChIJNWS57l2dVjkRVWA--f9bJuw?authuser=0&hl=en&rclk=1,Balaji puri,255,Fast Food,22.2398816,68.9640664,6XQ7+XJ4,https://streetviewpixels-pa.googleapis.com/v1/thumbnail?panoid=vG7kuKvJwk2goJWLvgXJbg&cb_client=search.gws-prod.gps&w=80&h=92&yaw=330.02505&pitch=0&thumbfov=100,,5,2,118,panchvati
657,https://www.google.co.in/maps/place/JAY+dwarkaDHISH+RESTAURANT/data=!4m7!3m6!1s0x39569db2ed5d246d:0x2e134c018fbffb90!8m2!3d22.2410398!4d68.9744072!16s%2Fg%2F11vlc23xg2!19sChIJbSRd7bKdVjkRkPu_jwFMEy4?authuser=0&hl=en&rclk=1,JAY dwarkaDHISH RESTAURANT,255,Restaurant,22.2410398,68.9744072,"6XRF+CQ7, near The dwarka Hotel",https://lh5.googleusercontent.com/p/AF1QipNcdGXLEpYSdticQp4FvHhODRbUNQkQYj9vd2rH=w80-h106-k-no,,5,3,116,dwarka
658,https://www.google.co.in/maps/place/Gokul+Madhav+Restaurant/data=!4m7!3m6!1s0x39569d40fb395287:0x92ac8530c348734b!8m2!3d22.241501!4d68.9657653!16s%2Fg%2F11n5qxk2ps!19sChIJh1I5-0CdVjkRS3NIwzCFrJI?authuser=0&hl=en&rclk=1,Gokul Madhav Restaurant,100,Restaurant,22.241501,68.9657653,"6XRd, vs 8+G9M, Bhadr naakali Rd",https://lh5.googleusercontent.com/p/AF1QipNd37abNTwnhM81Q9eXbMo1B-CN6UpSVFH6xUUS=w122-h92-k-no,,3.4,17,116,shalimar
659,https://www.google.co.in/maps/place/Desi+Village+Dhaba/data=!4m7!3m6!1s0x39569df1213eed41:0x6f96e6946e5c5f7b!8m2!3d22.2437037!4d68.9691756!16s%2Fg%2F11s60j6yfz!19sChIJQe0-IfGdVjkRe19cbpTmlm8?authuser=0&hl=en&rclk=1,Desi Village Dhaba,100,Restaurant,22.2437037,68.9691756,,https://lh5.googleusercontent.com/p/AF1QipOxM-v0RGgRSWXuc2p9jSV6hH2s0-Ncv-2yh9Vl=w122-h92-k-no,,3.9,17,116,panchvati
660,https://www.google.co.in/maps/place/Vaman+Food+Point/data=!4m7!3m6!1s0x39569d7296702ea3:0x54efb68fb34691f4!8m2!3d22.2383502!4d68.9676163!16s%2Fg%2F11q97mnd70!19sChIJoy5wlnKdVjkR9JFGs4-271Q?authuser=0&hl=en&rclk=1,Vaman Food Point,100,Breakfast,22.2383502,68.9676163,·,https://lh5.googleusercontent.com/p/AF1QipPR_4XVacwR8KqmYFMJvZakALUb0CZWobguqEd8=w80-h106-k-no,,3.8,44,116,shalimar
661,https://www.google.co.in/maps/place/Lady+Food+Point/data=!4m7!3m6!1s0x39569daed8d4671d:0x13a945e5b2e15756!8m2!3d22.2393391!4d68.9680139!16s%2Fg%2F11thpg_dwk!19sChIJHWfU2K6dVjkRVlfhsuVFqRM?authuser=0&hl=en&rclk=1,Lady Food Point,255,Pizza,22.2393391,68.9680139,"Jodhabha Manek Rd, near dwarkadhish temple",https://lh5.googleusercontent.com/p/AF1QipMU5mllEjLFKxUWdcyTOert9iIbIYr8W7G6E54M=w80-h142-k-no,,5,8,116,panchvati
662,https://www.google.co.in/maps/place/Malabha+Makwana/data=!4m7!3m6!1s0x39569d3a3c1f6507:0x271e3d144f5542bb!8m2!3d22.2443659!4d68.9656242!16s%2Fg%2F11ptjs00rj!19sChIJB2UfPDqdVjkRu0JVTxQ9Hic?authuser=0&hl=en&rclk=1,Malabha Makwana,255,Restaurant,22.2443659,68.9656242,"Highway Road, opp. Rabari Gate",https://lh5.googleusercontent.com/p/AF1QipN6nMk6LgLicpRsqcMq69rs5rC6VRfLIUpPmSvh=w163-h92-k-no,,4.2,5,116,dwarka
663,https://www.google.co.in/maps/place/Shivam+Restaurant/data=!4m7!3m6!1s0x39569d72983b64e1:0x686c4ef288c9e04f!8m2!3d22.2395962!4d68.9719698!16s%2Fg%2F11jsf5rdd6!19sChIJ4WQ7mHKdVjkRT-DJiPJObGg?authuser=0&hl=en&rclk=1,Shivam Restaurant,255,Restaurant,22.2395962,68.9719698,"Near Kandashbapu Aashram, Jakat Naka Rd",https://lh5.googleusercontent.com/p/AF1QipNlj5p1HDcA5tbp2Z32ba3pMmK-iQDoL4sUyTRY=w204-h92-k-no,,3.3,7,114,panchvati
664,https://www.google.co.in/maps/place/Dwarawati+Restaurant/data=!4m7!3m6!1s0x39569db89d7a5211:0xaffde873e484f36!8m2!3d22.2396235!4d68.9678433!16s%2Fg%2F11s745s3fz!19sChIJEVJ6nbidVjkRNk9IPofe_wo?authuser=0&hl=en&rclk=1,Dwarawati Restaurant,100,Vegetarian,22.2396235,68.9678433,"Near Jodha Manek, Chowk, dwarkadhish Temple Rd",https://lh5.googleusercontent.com/p/AF1QipMXBUm8r48ifyiVcIxHHZxd5Lxxz1vAOIx9EsBV=w122-h92-k-no,,2,26,18,dwarka
665,https://www.google.co.in/maps/place/Basuri+RESTAURANT/data=!4m7!3m6!1s0x39569dc92302b249:0x4c87707aa51a8db9!8m2!3d22.2412962!4d68.965543!16s%2Fg%2F11wfstdqlk!19sChIJSbICI8mdVjkRuY0apXpwh0w?authuser=0&hl=en&rclk=1,Basuri RESTAURANT,300,Fast Food,22.2412962,68.965543,"Basuri Restaurant, 1 361335, Bhadrakali Rd",https://lh5.googleusercontent.com/p/AF1QipPxukGHk2p0ptHCbPvD1sznkH2gp9-Fsox2Mm72=w80-h106-k-no,,3.2,36,113,shalimar
666,https://www.google.co.in/maps/place/SHREE+KRISHNA+FAST+FOOD+RESTAURANT/data=!4m7!3m6!1s0x39569d6af66d278d:0xc02da3b097ca0cf4!8m2!3d22.2397703!4d68.9680078!16s%2Fg%2F11g0m56g8k!19sChIJjSdt9mqdVjkR9AzKl7CjLcA?authuser=0&hl=en&rclk=1,SHREE KRISHNA FAST FOOD RESTAURANT,300,Fast Food,22.2397703,68.9680078,Jodha manek chowk,https://lh5.googleusercontent.com/p/AF1QipPCtyP42xmrXaoHHRV8V-q5bbf0EglmOyMoyOsV=w204-h92-k-no,,4.9,15,116,panchvati
667,https://www.google.co.in/maps/place/Kinara+Restaurant/data=!4m7!3m6!1s0x39569da174a7062b:0x7284b164a42d2a3b!8m2!3d22.2385127!4d68.9696807!16s%2Fg%2F11q86h96c6!19sChIJKwandKGdVjkROyotpGSxhHI?authuser=0&hl=en&rclk=1,Kinara Restaurant,255,Restaurant,22.2385127,68.9696807,"opp. Gomatighat, near Hotel Royal Inn",https://lh5.googleusercontent.com/p/AF1QipPkaE_LATM8dRLSA7qHEjNdEhldvaZnrobTK_k=w122-h92-k-no,,2.3,6,116,shalimar
668,https://www.google.co.in/maps/place/BANSI%27S+FOOD+CORNER/data=!4m7!3m6!1s0x39569d000bf9935f:0x67ed7291aca228a6!8m2!3d22.2412149!4d68.9677275!16s%2Fg%2F11lttl00qp!19sChIJX5P5CwCdVjkRpiiirJFy7Wc?authuser=0&hl=en&rclk=1,BANSI'S FOOD CORNER,100,Fast Food,22.2412149,68.9677275,Aditya Rd,https://lh5.googleusercontent.com/p/AF1QipMI4QPgzj1sG9fn7toIUSlaX5fEtLl2JppYIW8_=w122-h92-k-no,,5,30,117,panchvati
669,https://www.google.co.in/maps/place/Manek+the+Restaurant/data=!4m7!3m6!1s0x39569d2d1a397495:0x2b5092d1abff9044!8m2!3d22.2391015!4d68.9617804!16s%2Fg%2F11pyyg2p71!19sChIJlXQ5Gi2dVjkRRJD_q9GSUCs?authuser=0&hl=en&rclk=1,Manek the Restaurant,255,Restaurant,22.2391015,68.9617804,"Opp PVM GIRL SCHOOL,SHIDHNATH ROAD, BEACH 🏖️ , dwarka",https://lh5.googleusercontent.com/p/AF1QipM82UYZ6K73NLicClu1ULZslGeSK0oRnENyJzHd=w95-h92-k-no,,4.2,6,116,shalimar
670,https://www.google.co.in/maps/place/Jayshri+Ashapura+Restaurant/data=!4m7!3m6!1s0x39569faf00a037e5:0x80077016959a0282!8m2!3d22.2556961!4d68.9846966!16s%2Fg%2F11vynrqb4n!19sChIJ5TegAK-fVjkRggKalRZwB4A?authuser=0&hl=en&rclk=1,Jayshri Ashapura Restaurant,255,Fast Food,22.2556961,68.9846966,"1, Jayshree Ashapura Restaurant, Station Rd, near Relway Station Relway",https://maps.gstatic.com/tactile/pane/result-no-thumbnail-1x.png,,3,2,118,panchvati
671,https://www.google.co.in/maps/place/Rajadhiraj+Film%27s/data=!4m7!3m6!1s0x39569d3f3c47846f:0xcdbad5fa289cd3bb!8m2!3d22.2443502!4d68.9561005!16s%2Fg%2F11wmxqtfmx!19sChIJb4RHPD-dVjkRu9OcKPrVus0?authuser=0&hl=en&rclk=1,Rajadhiraj Film's,255,Fast Food,22.2443502,68.9561005,"At Bhadkeshwar Mahadev, Devbhumi",https://streetviewpixels-pa.googleapis.com/v1/thumbnail?panoid=wLdSQCyXPuB-OAMFxHc__g&cb_client=search.gws-prod.gps&w=80&h=92&yaw=169.40019&pitch=0&thumbfov=100,,5,1,116,shalimar
672,https://www.google.co.in/maps/place/Shreeji+Restaurent/data=!4m7!3m6!1s0x39569d0027624021:0x8296ed162989799e!8m2!3d22.2379077!4d68.9680792!16s%2Fg%2F11lp4qqclp!19sChIJIUBiJwCdVjkRnnmJKRbtloI?authuser=0&hl=en&rclk=1,Shreeji Restaurent,255,Indian,22.2379077,68.9680792,6XQ9+568,https://lh5.googleusercontent.com/p/AF1QipPZMwwnzZV03jwLt4y-QNL9oTozdjn-l3K1q5gn=w80-h95-k-no,,3,2,116,panchvati
673,https://www.google.co.in/maps/place/ms+fast+food+dwarka/data=!4m7!3m6!1s0x39569d080b83217f:0xc587d9c53f446dcf!8m2!3d22.2417835!4d68.9657847!16s%2Fg%2F11lp0_97g5!19sChIJfyGDCwidVjkRz21EP8XZh8U?authuser=0&hl=en&rclk=1,ms fast food dwarka,255,Fast Food,22.2417835,68.9657847,"Bhadrakali Rd, opposite bank of baroda",https://lh5.googleusercontent.com/p/AF1QipOolY4a6AxxmgPexE8s2TbHX64FuPdqW2jbSNq4=w92-h92-k-no,,5,4,117,dwarka
674,https://www.google.co.in/maps/place/Rajwadi+restaurant/data=!4m7!3m6!1s0x39569d1650b647b7:0x88d4a3dc9a4d5b6f!8m2!3d22.2441573!4d68.97284!16s%2Fg%2F11vxjvndh8!19sChIJt0e2UBadVjkRb1tNmtyj1Ig?authuser=0&hl=en&rclk=1,Rajwadi restaurant,255,Restaurant,22.2441573,68.97284,"Sanathan circle, Police station, Devbhumi",https://streetviewpixels-pa.googleapis.com/v1/thumbnail?panoid=LKyD9jWSJLLVZSC6aoSprg&cb_client=search.gws-prod.gps&w=80&h=92&yaw=225.8371&pitch=0&thumbfov=100,,1,2,116,panchvati
675,https://www.google.co.in/maps/place/New+Muralidhar+Restaurant/data=!4m7!3m6!1s0x39569d007f25068d:0x23f8f89c3055284a!8m2!3d22.2387445!4d68.970119!16s%2Fg%2F11vm295r7p!19sChIJjQYlfwCdVjkRSihVMJz4-CM?authuser=0&hl=en&rclk=1,New Muralidhar Restaurant,255,Indian,22.2387445,68.970119,"6XQC+F2X, dwarkadhish Temple Rd",https://lh5.googleusercontent.com/p/AF1QipMXOE3_-oZbk77o1O8ZAPPD53teGxz7jTFb2rBf=w80-h106-k-no,,1,1,116,shalimar
676,https://www.google.co.in/maps/place/Madina+Restaurant/data=!4m7!3m6!1s0x39569d00691b99df:0x5a82754354fe9cad!8m2!3d22.2460116!4d68.964161!16s%2Fg%2F11wxpgz582!19sChIJ35kbaQCdVjkRrZz-VEN1glo?authuser=0&hl=en&rclk=1,Madina Restaurant,255,Restaurant,22.2460116,68.964161,"6XW7+CM3, Bus Stand Road",https://lh5.googleusercontent.com/p/AF1QipP9hFlc6o3z_O5xC6GKD-TyoZ2tVFrGNL53orOI=w80-h106-k-no,,4.1,524,114,shalimar
677,https://www.google.co.in/maps/place/Nand+Deluxe+Pan+Shop/data=!4m7!3m6!1s0x39569db7d362e4a5:0x1f1c8a5e4595926!8m2!3d22.2467949!4d68.9754528!16s%2Fg%2F11y9c_09lt!19sChIJpeRi07edVjkRJllZ5KXI8QE?authuser=0&hl=en&rclk=1,Nand Deluxe Pan Shop,255,Fast Food,22.2467949,68.9754528,"Nand Pan, Railway, Station Rd, near Patel Sir Hospitel",https://streetviewpixels-pa.googleapis.com/v1/thumbnail?panoid=K5mrOsppc1eiazBy1vXUSg&cb_client=search.gws-prod.gps&w=80&h=92&yaw=156.87724&pitch=0&thumbfov=100,,5,2,116,panchvati
678,https://www.google.co.in/maps/place/Citrus+Cafe+by+Lemon+Tree/data=!4m7!3m6!1s0x39569d084979c6b1:0xa4401db8946eccd2!8m2!3d22.244043!4d68.9690046!16s%2Fg%2F11n6vc9b6g!19sChIJscZ5SQidVjkR0sxulLgdQKQ?authuser=0&hl=en&rclk=1,Citrus Cafe by Lemon Tree,255,Restaurant,22.244043,68.9690046,"Lemon Tree Premier, dwarka",https://lh5.googleusercontent.com/p/AF1QipO_oPOMhmOCYk7xHkv4fsMlH2p-rvUjx11l9K2x=w163-h92-k-no,,4.5,8,116,gangapur road
679,https://www.google.co.in/maps/place/Hotel+Devbhumi/data=!4m7!3m6!1s0x39569c231ee17b03:0xf4370a5f5f40282!8m2!3d22.2415271!4d68.9742071!16s%2Fg%2F11g6hvbh82!19sChIJA3vhHiOcVjkRggL09aVwQw8?authuser=0&hl=en&rclk=1,Hotel Devbhumi,255,Restaurant,22.2415271,68.9742071,"Highway Road, near Kandash Asharam",https://lh5.googleusercontent.com/p/AF1QipN7nAvUQybLIV63s6V4opsyAw8S7PYWdcpQzUDI=w122-h92-k-no,,4.2,30,112,shalimar
680,https://www.google.co.in/maps/place/Shreel+Restaurant/data=!4m7!3m6!1s0x39569d007be3e071:0xf631280999232c73!8m2!3d22.2378524!4d68.9683007!16s%2Fg%2F11y8d8t1zl!19sChIJceDjewCdVjkRcywjmQkoMfY?authuser=0&hl=en&rclk=1,Shreel Restaurant,255,Restaurant,22.2378524,68.9683007,"6XQ9+48V Mandir Chowk, opp. Sudama Setu",https://lh5.googleusercontent.com/p/AF1QipMvKz6mLfwJkF0X2l2tLN4uefUZ8H-fGCOik_Qo=w199-h92-k-no,,1,1,118,panchvati
681,https://www.google.co.in/maps/place/trimurti+restorant/data=!4m7!3m6!1s0x39569c2f89b5f297:0x5d8a9896b41d5e0!8m2!3d22.2399814!4d68.9657887!16s%2Fg%2F11c6rtshzg!19sChIJl_K1iS-cVjkR4NVBa4mp2AU?authuser=0&hl=en&rclk=1,trimurti restorant,255,Restaurant,22.2399814,68.9657887,Tinbatti chock,https://lh5.googleusercontent.com/p/AF1QipN1mc-V7rbL-5OYkFhvt1tZ425adwbpGe8nstm3=w122-h92-k-no,,3,5,116,shalimar
682,https://www.google.co.in/maps/place/dwarkadhish+Lords+Eco+Inn/data=!4m10!3m9!1s0x39569c242bd2af25:0x1101300d768c57af!5m2!4m1!1i2!8m2!3d22.238962!4d68.9618366!16s%2Fg%2F1hfgwk2xp!19sChIJJa_SKyScVjkRr1eMdg0wARE?authuser=0&hl=en&rclk=1,dwarkadhish Lords Eco Inn,255,3-star hotel,22.238962,68.9618366,,https://lh5.googleusercontent.com/p/AF1QipMWMV6sELbBVyB5NovDlCHGbeSxCU8aZLym_Yo1=w163-h92-k-no,,4.3,2785,116,dwarka
683,https://www.google.co.in/maps/place/Meera+Enterprise/data=!4m7!3m6!1s0x39569d2e15816277:0x521ec7e9a5fd61d!8m2!3d22.2431245!4d68.9693746!16s%2Fg%2F11vx65c75v!19sChIJd2KBFS6dVjkRHdZfmn7sIQU?authuser=0&hl=en&rclk=1,Meera Enterprise,255,Fast Food,22.2431245,68.9693746,"1, Meera Hotel, Jaamnagar High Way Road, Near, Dwaraka Rd, opp. GEB",https://lh5.googleusercontent.com/p/AF1QipPtxvkICHH5HY5Lr8Tc9XyjNEJPTbiZX85uOJ3m=w80-h106-k-no,,4.3,3,116,shalimar
684,https://www.google.co.in/maps/place/MAMI+KA+LODGE/data=!4m7!3m6!1s0x39569d67d5e64ced:0x8e2b3a323c218990!8m2!3d22.2386979!4d68.9673699!16s%2Fg%2F11pzrf65fw!19sChIJ7Uzm1WedVjkRkIkhPDI6K44?authuser=0&hl=en&rclk=1,MAMI KA LODGE,100,Vegetarian,22.2386979,68.9673699,"Chandrabhaga Street, opp. dwarkadhish Temple",https://lh5.googleusercontent.com/p/AF1QipO7bD4r0rGq8gZbspSEc9jfWoVei6Og83fLFFVT=w80-h106-k-no,,4.3,8,116,panchvati
685,https://www.google.co.in/maps/place/Maldhari+Restaurant/data=!4m7!3m6!1s0x39569dee90b65443:0x875f8e5a16326195!8m2!3d22.2497871!4d68.9793177!16s%2Fg%2F11y3kdvymn!19sChIJQ1S2kO6dVjkRlWEyFlqOX4c?authuser=0&hl=en&rclk=1,Maldhari Restaurant,255,Fast Food,22.2497871,68.9793177,"1, Maldhari Restaurant, Relway, Station Rd, near Relway Primary Chakar School",https://streetviewpixels-pa.googleapis.com/v1/thumbnail?panoid=UeqfzEalmweY-BtrnxV_Bw&cb_client=search.gws-prod.gps&w=80&h=92&yaw=308.04886&pitch=0&thumbfov=100,,1,2,117,panchvati
686,https://www.google.co.in/maps/place/Om+hotal./data=!4m7!3m6!1s0x39569de190e12a2b:0xb34e4588a71d5c7!8m2!3d22.2442722!4d68.9684783!16s%2Fg%2F11l344xqf1!19sChIJKyrhkOGdVjkRx9VxiljkNAs?authuser=0&hl=en&rclk=1,Om hotal.,255,Family-friendly,22.2442722,68.9684783,"Limdi, highway",https://lh5.googleusercontent.com/p/AF1QipMAABbRtfeKpIBwJQzVyA0-Y9_DCXvzt8E1UMF6=w185-h92-k-no,,2.5,2,116,shalimar
687,https://www.google.co.in/maps/place/Hotel+Park+Royal/data=!4m10!3m9!1s0x39569d96bf15b795:0x145ea99343f4c24!5m2!4m1!1i2!8m2!3d22.2412961!4d68.9655755!16s%2Fg%2F11ld95kdw6!19sChIJlbcVv5adVjkRJEw_NJnqRQE?authuser=0&hl=en&rclk=1,Hotel Park Royal,255,Hotel,22.2412961,68.9655755,,https://lh5.googleusercontent.com/p/AF1QipM1zBU-5tmcRyqVvEAsJYit9vRHnZYIxq4R1IKK=w122-h92-k-no,,4.5,877,116,gangapur road
688,https://www.google.co.in/maps/place/Shreenath+Paubhaji/data=!4m7!3m6!1s0x39569d06f97149c5:0xb7997f2f5efd65d5!8m2!3d22.2394961!4d68.9645923!16s%2Fg%2F11p74bs3w4!19sChIJxUlx-QadVjkR1WX9Xi9_mbc?authuser=0&hl=en&rclk=1,Shreenath Paubhaji,255,Fast Food,22.2394961,68.9645923,opp. Sbi Bank Market Chowk,https://lh5.googleusercontent.com/p/AF1QipMiykh8vSIfjN63tcDmBDMt59Mpx7G7nqx_p0gd=w80-h177-k-no,,2.8,4,116,panchvati
689,https://www.google.co.in/maps/place/Jay+dwarkadhis+Food+Point/data=!4m7!3m6!1s0x39569d031c2abaf3:0x14bc483468577875!8m2!3d22.2392822!4d68.9647835!16s%2Fg%2F11t59lk7zv!19sChIJ87oqHAOdVjkRdXhXaDRIvBQ?authuser=0&hl=en&rclk=1,Jay dwarkadhis Food Point,255,Fast Food,22.2392822,68.9647835,"Marcket Chowk, opp. Vanja Samaj Wadi",https://lh5.googleusercontent.com/p/AF1QipOMcu3YLNTCjjkC1BrPuA-C8N7ZNV1SXbSkz5BX=w143-h92-k-no,,3,1,118,dwarka
690,https://www.google.co.in/maps/place/Jodhpur+wala+Restaurant/data=!4m7!3m6!1s0x39569d00347cf9d1:0x3818419ad11da575!8m2!3d22.2379043!4d68.968082!16s%2Fg%2F11wfpmt2hl!19sChIJ0fl8NACdVjkRdaUd0ZpBGDg?authuser=0&hl=en&rclk=1,Jodhpur wala Restaurant,255,Fast Food,22.2379043,68.968082,"6XQ9+568, nr. Gomti River, opp. Sudama Setu",https://lh5.googleusercontent.com/p/AF1QipOVDIKUysqzHeQ26ZofhQXY8m6wpDEE_hcYnC8Q=w80-h139-k-no,,4.1,524,117,panchvati
691,"https://www.google.co.in/maps/place/Lemon+Tree+Premier,+dwarka/data=!4m7!3m6!1s0x39569dd72b9181d9:0x3965c9302c036bd9!8m2!3d22.2441564!4d68.9689805!16s%2Fg%2F11j4wds28y!19sChIJ2YGRK9edVjkR2WsDLDDJZTk?authuser=0&hl=en&rclk=1","Lemon Tree Premier, dwarka",255,4-star hotel,22.2441564,68.9689805,"Nageshwar Rd, near Iskon Gate",https://lh5.googleusercontent.com/p/AF1QipNCrBAEW5-pOtAR5fmr_sZ1WNE8mjO9SR1aaTOJ=w138-h92-k-no,,4.4,358,116,dwarka
692,https://www.google.co.in/maps/place/Mahakali+Farshan/data=!4m7!3m6!1s0x39569d389b1276d7:0xac18815a68fe7386!8m2!3d22.2392859!4d68.9707152!16s%2Fg%2F11sbjwn_cd!19sChIJ13YSmzidVjkRhnP-aFqBGKw?authuser=0&hl=en&rclk=1,Mahakali Farshan,255,Store,22.2392859,68.9707152,"Mahakali Farshan Mart, Tha Grand, Aditya Rd, near Mudhura Bhuvan Oppjit",,,4.7,3,116,shalimar
693,https://www.google.co.in/maps/place/Keshvi+Restaurant/data=!4m7!3m6!1s0x39569d0f63d83781:0xb8a1dad005546c47!8m2!3d22.2411835!4d68.9673021!16s%2Fg%2F11v_06jnxm!19sChIJgTfYYw-dVjkRR2xUBdDaobg?authuser=0&hl=en&rclk=1,Keshvi Restaurant,255,Fast Food,22.2411835,68.9673021,"1, Keshvi Restaurant, Hotel Shree Dware, Aditya Rd, near Sitla Mataji Temple",https://streetviewpixels-pa.googleapis.com/v1/thumbnail?panoid=cBagLTJB1q3jubP3zTHGng&cb_client=search.gws-prod.gps&w=80&h=92&yaw=16.430073&pitch=0&thumbfov=100,,4.1,524,116,panchvati
694,https://www.google.co.in/maps/place/Shree+Ji+Restaurant/data=!4m7!3m6!1s0x39569df24a2f0a81:0xb041261156b0389d!8m2!3d22.2379532!4d68.968241!16s%2Fg%2F11vm84l5fb!19sChIJgQovSvKdVjkRnTiwVhEmQbA?authuser=0&hl=en&rclk=1,Shree Ji Restaurant,255,Fast Food,22.2379532,68.968241,"6XQ9 566, Sudama Setu",,,5,1,116,shalimar
695,https://www.google.co.in/maps/place/Nonveg+Restaurant+%28Fougi%29dwarka/data=!4m7!3m6!1s0x39569d78b9923bd3:0x72927438852cd4f6!8m2!3d22.2439651!4d68.9650065!16s%2Fg%2F11wxprx094!19sChIJ0zuSuXidVjkR9tQshTh0knI?authuser=0&hl=en&rclk=1,Nonveg Restaurant (Fougi)dwarka,255,Restaurant,22.2439651,68.9650065,Rabari Gate,,,4.1,524,116,dwarka
696,https://www.google.co.in/maps/place/Madhav+Homely+Food/data=!4m7!3m6!1s0x39569d000f2a59ed:0x3552ee6f1794fcb1!8m2!3d22.2476203!4d68.960732!16s%2Fg%2F11y7xb4m8d!19sChIJ7VkqDwCdVjkRsfyUF2_uUjU?authuser=0&hl=en&rclk=1,Madhav Homely Food,255,Vegetarian,22.2476203,68.960732,,,,5,1,117,panchvati
697,https://www.google.co.in/maps/place/Hotel+The+Barsana/data=!4m7!3m6!1s0x39569d368e2273fb:0x22cb4a73829bab11!8m2!3d22.2405803!4d68.9740212!16s%2Fg%2F11sgc7mt3s!19sChIJ-3MijjadVjkREaubgnNKyyI?authuser=0&hl=en&rclk=1,Hotel The Barsana,255,Restaurant,22.2405803,68.9740212,opp. Kandas Bapu Ashram,https://lh5.googleusercontent.com/p/AF1QipPLdVoaEfSVoIK-uLhkhtEPw882FJ6OhbEF1sG-=w122-h92-k-no,,4.6,528,116,gangapur road
698,https://www.google.co.in/maps/place/The+Grand+Anantajit/data=!4m7!3m6!1s0x39569de21154272f:0x98fdaea86a9be28f!8m2!3d22.2409005!4d68.9646759!16s%2Fg%2F11y2dm7_wc!19sChIJLydUEeKdVjkRj-Kbaqiu_Zg?authuser=0&hl=en&rclk=1,The Grand Anantajit,255,Restaurant,22.2409005,68.9646759,Bhadrakali Rd,https://lh5.googleusercontent.com/p/AF1QipNNsiWsmOCu7FsPyFWmAK1PxaiBEsEm6_CHZATp=w92-h92-k-no,,4.1,524,114,shalimar
699,https://www.google.co.in/maps/place/SANI+DAS+VAISHNAV/data=!4m7!3m6!1s0x39569d9afebb1abd:0xcba8d6aa6c000b38!8m2!3d22.2408425!4d68.9667393!16s%2Fg%2F11wv2_y8d9!19sChIJvRq7_pqdVjkROAsAbKrWqMs?authuser=0&hl=en&rclk=1,SANI DAS VAISHNAV,255,Fast Food,22.2408425,68.9667393,"Shop No 1, Radhe Radhe Restaurant, Chowk, Aditya Rd",https://streetviewpixels-pa.googleapis.com/v1/thumbnail?panoid=Zwj0cMJhSTpVykcTfjYdcQ&cb_client=search.gws-prod.gps&w=80&h=92&yaw=80.55622&pitch=0&thumbfov=100,,1,1,116,panchvati
700,"https://www.google.co.in/maps/place/Hotel+-+THE+BHANU+INN,+dwarka/data=!4m7!3m6!1s0x39569d6c3830ad0b:0x1662c44c81a914d9!8m2!3d22.2395108!4d68.9648142!16s%2Fg%2F11j5d123nf!19sChIJC60wOGydVjkR2RSpgUzEYhY?authuser=0&hl=en&rclk=1","Hotel - THE BHANU INN, dwarka",255,Restaurant,22.2395108,68.9648142,Home Guard Chowk,https://lh5.googleusercontent.com/p/AF1QipOXukv0nvAmgbQ9kHyJIwFcYit89YVZAbWQGLHK=w163-h92-k-no,,4.5,399,117,dwarka
701,https://www.google.co.in/maps/place/shree+sai+kutchi+dabeli/data=!4m7!3m6!1s0x39569dd73e32e421:0xeeac6940bd198e36!8m2!3d22.2388521!4d68.964562!16s%2Fg%2F11khw22r1c!19sChIJIeQyPtedVjkRNo4ZvUBprO4?authuser=0&hl=en&rclk=1,shree sai kutchi dabeli,255,Fast Food,22.2388521,68.964562,·,https://lh5.googleusercontent.com/p/AF1QipMSuOrWklPGbX6KDL3j2cYIUk_iDLOZgpscU5JW=w80-h106-k-no,,5,5,116,panchvati
702,https://www.google.co.in/maps/place/Maldhari+Meggie+Point+dwarka/data=!4m7!3m6!1s0x39569d0000073e4d:0x48907c16830fa269!8m2!3d22.2431753!4d68.9739322!16s%2Fg%2F11ldtjgbhr!19sChIJTT4HAACdVjkRaaIPgxZ8kEg?authuser=0&hl=en&rclk=1,Maldhari Meggie Point dwarka,255,Fast Food,22.2431753,68.9739322,6XVF+7HF,https://streetviewpixels-pa.googleapis.com/v1/thumbnail?panoid=DRGd-msWITNyAML99kwyHg&cb_client=search.gws-prod.gps&w=80&h=92&yaw=70.08783&pitch=0&thumbfov=100,,5,2,116,dwarka
703,https://www.google.co.in/maps/place/Kutchi+Snacks+Fast+Food/data=!4m7!3m6!1s0x39569d4d90ed2d19:0xd28b1ad8531e97ae!8m2!3d22.2398173!4d68.9645281!16s%2Fg%2F11l6f5bf5p!19sChIJGS3tkE2dVjkRrpceU9gai9I?authuser=0&hl=en&rclk=1,Kutchi Snacks Fast Food,255,Fast Food,22.2398173,68.9645281,Home Guard Chowk,https://lh5.googleusercontent.com/p/AF1QipNfEUWaXwllAniwlPS2iDoBeHJyi0Htmyd03mQt=w135-h92-k-no,,5,1,16,panchvati
704,https://www.google.co.in/maps/place/RAVI+PIZZA/data=!4m7!3m6!1s0x39569d6826c50877:0xe5a25ae700f543d7!8m2!3d22.2360531!4d68.9645901!16s%2Fg%2F11y4nd9805!19sChIJdwjFJmidVjkR10P1AOdaouU?authuser=0&hl=en&rclk=1,RAVI PIZZA,255,Fast Food,22.2360531,68.9645901,"dwarkadhish Temple Rd, near Gomati Ghat Gaytri",https://maps.gstatic.com/tactile/pane/result-no-thumbnail-1x.png,,4.1,524,111,shalimar
705,https://www.google.co.in/maps/place/Bhavesh+Bhai/data=!4m7!3m6!1s0x39569d000ddd4897:0xfe5dca89ced6909f!8m2!3d22.2387506!4d68.9645455!16s%2Fg%2F11y34bddj_!19sChIJl0jdDQCdVjkRn5DWzonKXf4?authuser=0&hl=en&rclk=1,Bhavesh Bhai,255,Fast Food,22.2387506,68.9645455,"Vegetable Market, Siddhnath Mahadev Road, SBI Bank Ke Pass",https://streetviewpixels-pa.googleapis.com/v1/thumbnail?panoid=P6l3JHmJT3znp4mj1irdWQ&cb_client=search.gws-prod.gps&w=80&h=92&yaw=228.19167&pitch=0&thumbfov=100,,4.1,524,76,panchvati
706,https://www.google.co.in/maps/place/Shree+Vallabh+Restaurant/data=!4m7!3m6!1s0x39569c23a6a338d1:0xf95a3e2d2570f047!8m2!3d22.242351!4d68.9737653!16s%2Fg%2F11cn9ck625!19sChIJ0TijpiOcVjkRR_BwJS0-Wvk?authuser=0&hl=en&rclk=1,Shree Vallabh Restaurant,255,Fast Food,22.242351,68.9737653,"Devbhumi dwarka, NH-947, Jamnagar Road",https://streetviewpixels-pa.googleapis.com/v1/thumbnail?panoid=2EcZLno-uzZIEsaQbi_NdQ&cb_client=search.gws-prod.gps&w=80&h=92&yaw=282.2315&pitch=0&thumbfov=100,,3.7,6,22,shalimar
707,https://www.google.co.in/maps/place/Om+Bhole+Pani+Puri+Bhel/data=!4m7!3m6!1s0x39569d001aa69fc7:0x5c0674f7e1598614!8m2!3d22.2392521!4d68.9706257!16s%2Fg%2F11vm2_gq7c!19sChIJx5-mGgCdVjkRFIZZ4fd0Blw?authuser=0&hl=en&rclk=1,Om Bhole Pani Puri Bhel,255,Fast Food,22.2392521,68.9706257,"6XQC+P72, Jakat Naka Rd",https://streetviewpixels-pa.googleapis.com/v1/thumbnail?panoid=VlJag5SVRfFDuJF0r6c4PA&cb_client=search.gws-prod.gps&w=80&h=92&yaw=333.2193&pitch=0&thumbfov=100,,5,1,90,panchvati
708,https://www.google.co.in/maps/place/dwarkaDHISH+ENTERPRISES/data=!4m7!3m6!1s0x39569d6a02ea8bc9:0x758f12d71dba0001!8m2!3d22.2414653!4d68.96599!16s%2Fg%2F11lyzy787l!19sChIJyYvqAmqdVjkRAQC6HdcSj3U?authuser=0&hl=en&rclk=1,dwarkaDHISH ENTERPRISES,255,Fast Food,22.2414653,68.96599,"Shop No.1 KRISHNA KATHIYAVADI RESTAURANT BHADRAKALI, CHOWK, St Depo Road",https://streetviewpixels-pa.googleapis.com/v1/thumbnail?panoid=kcnAZJVajmxxzGqxzFbxRA&cb_client=search.gws-prod.gps&w=80&h=92&yaw=113.96742&pitch=0&thumbfov=100,,4.1,524,26,dwarka
709,https://www.google.co.in/maps/place/BOLIM+KARIM/data=!4m7!3m6!1s0x39569fdd1de3ebb7:0x4297a7e4e68bb25f!8m2!3d22.2596523!4d68.9586856!16s%2Fg%2F11wmp_4ds6!19sChIJt-vjHd2fVjkRX7KL5uSnl0I?authuser=0&hl=en&rclk=1,BOLIM KARIM,255,Fast Food,22.2596523,68.9586856,KGN Rupen Bandar,https://streetviewpixels-pa.googleapis.com/v1/thumbnail?panoid=-bg5cmXOzBJ7dW_dX0o9dQ&cb_client=search.gws-prod.gps&w=80&h=92&yaw=241.19948&pitch=0&thumbfov=100,,4.1,524,26,shalimar
710,https://www.google.co.in/maps/place/BRAHMANI+FAST+FOOD/data=!4m7!3m6!1s0x39569d7779dee90f:0x240436f0dae10f58!8m2!3d22.2499436!4d68.9794471!16s%2Fg%2F11wx1vs2jl!19sChIJD-neeXedVjkRWA_h2vA2BCQ?authuser=0&hl=en&rclk=1,BRAHMANI FAST FOOD,255,Fast Food,22.2499436,68.9794471,"03, Railway, Station Rd",https://streetviewpixels-pa.googleapis.com/v1/thumbnail?panoid=FsYuQIN2wBAcBjJ63KQZ6Q&cb_client=search.gws-prod.gps&w=80&h=92&yaw=320.6767&pitch=0&thumbfov=100,,4.1,524,95,panchvati
711,https://www.google.com/maps/place/Blue+Orchid+Restaurant/data=!4m7!3m6!1s0x3bdded24f78d9aa9:0x2705be938cffeccb!8m2!3d20.0004029!4d73.7395419!16s%2Fg%2F11rck4jpz8!19sChIJqZqN9yTt3TsRy-z_jJO-BSc?authuser=0&hl=en&rclk=1,Blue Orchid Restaurant,255,Restaurant,20.0004029,73.7395419,Plot No. 29,https://lh5.googleusercontent.com/p/AF1QipMaZ_oro4_PbTkinbVPJ_OvgKGk7l4fapbHEr_Q=w80-h106-k-no,,4.5,101,132,shalimar
712,https://www.google.com/maps/place/The+Grand+Vintage/data=!4m7!3m6!1s0x3bdded6c97544bad:0xaec39653051f7fc4!8m2!3d19.9899052!4d73.7133287!16s%2Fg%2F11ltpwz9xd!19sChIJrUtUl2zt3TsRxH8fBVOWw64?authuser=0&hl=en&rclk=1,The Grand Vintage,255,Vegetarian,19.9899052,73.7133287,·,https://lh5.googleusercontent.com/p/AF1QipPJory3v6LgJbB6RucR5IzKgKQcU1jw5m9svfF8=w80-h106-k-no,,5,47,22,sharanpur road
713,https://www.google.com/maps/place/Zaika+Restaurant/data=!4m7!3m6!1s0x3bdded621d2813cb:0x428c728030b42854!8m2!3d19.9920828!4d73.7460007!16s%2Fg%2F11j8smf53b!19sChIJyxMoHWLt3TsRVCi0MIByjEI?authuser=0&hl=en&rclk=1,Zaika Restaurant,255,Restaurant,19.9920828,73.7460007,"G-7, Trimbakeshwar Road, Trambakeshwar Rd",https://lh5.googleusercontent.com/p/AF1QipP5SDr62Oig3ADSZ_s6pCpBgTzu_AyqGChLi-w=w138-h92-k-no,,4.4,14,121,panchvati
714,https://www.google.com/maps/place/Maharashtra+Darbar+House+of+Biryani+%28Satpur%29/data=!4m7!3m6!1s0x3bddecf4ace4e9af:0xa5839d7f4495f74f!8m2!3d19.9898193!4d73.7241428!16s%2Fg%2F1q62g_8g1!19sChIJr-nkrPTs3TsRT_eVRH-dg6U?authuser=0&hl=en&rclk=1,Maharashtra Darbar House of Biryani (Satpur),255,Maharashtrian Restaurant,19.9898193,73.7241428,·,https://lh5.googleusercontent.com/p/AF1QipOeLcbkfcHQtoLE1Vb8_VG6j1zsxY-aQJxxnzA=w138-h92-k-no,,4.1,1713,47,satpur
715,https://www.google.com/maps/place/Shrimant+peshwai+Darbar/data=!4m7!3m6!1s0x3bdded35de59a53f:0xe877672b299e9512!8m2!3d19.988641!4d73.7202523!16s%2Fg%2F11r446nq4g!19sChIJP6VZ3jXt3TsREpWeKStnd-g?authuser=0&hl=en&rclk=1,Shrimant peshwai Darbar,255,Family-friendly,19.988641,73.7202523,Ramji Complex,https://lh5.googleusercontent.com/p/AF1QipO9FAHWwbnyrMR28nu2kDqfY_qeBvXeM3zANi7Y=w80-h106-k-no,,4.2,67,133,shalimar
716,https://www.google.com/maps/place/Shamsundar+Misal/data=!4m7!3m6!1s0x3bddec8145a77473:0x3ecb1d4f9d4c32a!8m2!3d20.0008324!4d73.7420363!16s%2Fg%2F1tf5nplt!19sChIJc3SnRYHs3TsRKsPU-dSx7AM?authuser=0&hl=en&rclk=1,Shamsundar Misal,255,Maharashtrian Restaurant,20.0008324,73.7420363,·,https://lh5.googleusercontent.com/p/AF1QipOooEpZbtEx9vnFfO0M43Gr80UADETwVoizT4eG=w163-h92-k-no,,4.2,8130,38,panchvati
717,https://www.google.com/maps/place/Topchi+Outpost/data=!4m7!3m6!1s0x3bddeb2b8b0fceab:0x77d8cccb768fb24!8m2!3d19.9936734!4d73.7516648!16s%2Fg%2F11vyv0plbk!19sChIJq84Piyvr3TsRJPtot8yMfQc?authuser=0&hl=en&rclk=1,Topchi Outpost,255,Restaurant,19.9936734,73.7516648,· https://www.google.com/maps/reserve/v/dine/c/d_C9faZgEeQ?source=pa&opi=79508299&hl=en-IN&gei=hz-wZ4W1EI-cseMPo-202A8&sourceurl=https://www.google.com/search?tbm%3Dmap%26hl%3Den%26gl%3Din%26authuser%3D0%26pb%3D!4m12!1m3!1d3392.9313396042207!2d73.72798507468767!3d19.995450422466618!2m3!1f0!2f0!3f0!3m2!1i1536!2i695!4f13.1!7i20!10b1!12m23!1m3!18b1!30b1!34e1!2m3!5m1!6e2!20e3!4b0!10b1!12b1!13b1!16b1!17m1!3e1!20m4!5e2!6b1!8b1!14b1!46m1!1b0!96b1!19m4!2m3!1i360!2i120!4i8!20m48!2m2!1i203!2i100!3m2!2i4!5b1!6m6!1m2!1i86!2i86!1m2!1i408!2i240!7m33!1m3!1e1!2b0!3e3!1m3!1e2!2b1!3e2!1m3!1e2!2b0!3e3!1m3!1e8!2b0!3e3!1m3!1e10!2b0!3e3!1m3!1e10!2b1!3e2!1m3!1e10!2b0!3e4!1m3!1e9!2b1!3e2!2b1!9b0!22m2!1sCTawZ4DPIcOOseMP0rKXuQU!7e81!24m108!1m32!13m9!2b1!3b1!4b1!6i1!8b1!9b1!14b1!20b1!25b1!18m21!3b1!4b1!5b1!6b1!9b1!12b1!13b1!14b1!17b1!20b1!21b1!22b1!25b1!27m1!1b0!28b0!32b1!33m1!1b1!34b0!36e1!10m1!8e3!11m1!3e1!14m1!3b1!17b1!20m2!1e3!1e6!24b1!25b1!26b1!29b1!30m1!2b1!36b1!39m3!2m2!2i1!3i1!43b1!52b1!54m1!1b1!55b1!56m1!1b1!65m5!3m4!1m3!1m2!1i224!2i298!71b1!72m22!1m8!2b1!5b1!7b1!12m4!1b1!2b1!4m1!1e1!4b1!8m10!1m6!4m1!1e1!4m1!1e3!4m1!1e4!3sother_user_google_reviews!6m1!1e1!9b1!89b1!98m3!1b1!2b1!3b1!103b1!113b1!114m3!1b1!2m1!1b1!117b1!122m1!1b1!125b0!126b1!127b1!26m4!2m3!1i80!2i92!4i8!27m5!2sSatpur%2BMIDC%2BRd!3s0x3bddec8be381b89d:0x64c1d604c37e9e01!4m2!3d19.995445399999998!4d73.73056!30m28!1m6!1m2!1i0!2i0!2m2!1i530!2i695!1m6!1m2!1i1486!2i0!2m2!1i1536!2i695!1m6!1m2!1i0!2i0!2m2!1i1536!2i20!1m6!1m2!1i0!2i675!2m2!1i1536!2i695!34m18!2b1!3b1!4b1!6b1!8m6!1b1!3b1!4b1!5b1!6b1!7b1!9b1!12b1!14b1!20b1!23b1!25b1!26b1!37m1!1e81!42b1!47m0!49m10!3b1!6m2!1b1!2b1!7m2!1e3!2b1!8b1!9b1!10e2!50m4!2e2!3m2!1b1!3b1!61b1!67m2!7b1!10b1!69i720%26q%3DRestaurants%26ech%3D24%26psi%3DCTawZ4DPIcOOseMP0rKXuQU.1739601419167.1,https://lh5.googleusercontent.com/p/AF1QipM5cLN-1XKxhOlI_pcnjhl_0hFLkWshgDbIGiWS=w163-h92-k-no,,4.9,38,82,mahatma nagar
718,https://www.google.com/maps/place/Star+Light+Cafe+And+Restaurant/data=!4m7!3m6!1s0x3bddede73a14384b:0xefb459a58f9d68c6!8m2!3d19.9898861!4d73.7134302!16s%2Fg%2F11vj2kt2r1!19sChIJSzgUOuft3TsRxmidj6VZtO8?authuser=0&hl=en&rclk=1,Star Light Cafe And Restaurant,255,Restaurant,19.9898861,73.7134302,·,https://lh5.googleusercontent.com/p/AF1QipNKe17gt9HWal5PwBwl6LhnGULh8xcHT8rytY9p=w122-h92-k-no,,4.3,39,144,shalimar
719,https://www.google.com/maps/place/Assal+Kolhapuri+Pahunchar/data=!4m7!3m6!1s0x3bddebd9ee017baf:0x948efae0ae33c988!8m2!3d19.9935324!4d73.7496092!16s%2Fg%2F11sf0hkw7v!19sChIJr3sB7tnr3TsRiMkzruD6jpQ?authuser=0&hl=en&rclk=1,Assal Kolhapuri Pahunchar,255,Restaurant,19.9935324,73.7496092,"Shop number 4, ITI signal, Nice sankul",https://lh5.googleusercontent.com/p/AF1QipOj-To6nuUOXe2spvVtMVfwGBagF8973NALYy-W=w122-h92-k-no,,4.4,29,110,panchvati
720,https://www.google.com/maps/place/Spice+It/data=!4m7!3m6!1s0x3bddec867f1f4139:0x1e86fc18c6785caf!8m2!3d19.9908113!4d73.7386885!16s%2Fg%2F11f3cnhky1!19sChIJOUEff4bs3TsRr1x4xhj8hh4?authuser=0&hl=en&rclk=1,Spice It,255,North Indian,19.9908113,73.7386885,"Plot No 9, Nashik Triambakeshwar Road https://www.google.com/maps/reserve/v/dine/c/dVbFDwT6XtQ?source=pa&opi=79508299&hl=en-IN&gei=hz-wZ4W1EI-cseMPo-202A8&sourceurl=https://www.google.com/search?tbm%3Dmap%26hl%3Den%26gl%3Din%26authuser%3D0%26pb%3D!4m12!1m3!1d3392.9313396042207!2d73.72798507468767!3d19.995450422466618!2m3!1f0!2f0!3f0!3m2!1i1536!2i695!4f13.1!7i20!10b1!12m23!1m3!18b1!30b1!34e1!2m3!5m1!6e2!20e3!4b0!10b1!12b1!13b1!16b1!17m1!3e1!20m4!5e2!6b1!8b1!14b1!46m1!1b0!96b1!19m4!2m3!1i360!2i120!4i8!20m48!2m2!1i203!2i100!3m2!2i4!5b1!6m6!1m2!1i86!2i86!1m2!1i408!2i240!7m33!1m3!1e1!2b0!3e3!1m3!1e2!2b1!3e2!1m3!1e2!2b0!3e3!1m3!1e8!2b0!3e3!1m3!1e10!2b0!3e3!1m3!1e10!2b1!3e2!1m3!1e10!2b0!3e4!1m3!1e9!2b1!3e2!2b1!9b0!22m2!1sCTawZ4DPIcOOseMP0rKXuQU!7e81!24m108!1m32!13m9!2b1!3b1!4b1!6i1!8b1!9b1!14b1!20b1!25b1!18m21!3b1!4b1!5b1!6b1!9b1!12b1!13b1!14b1!17b1!20b1!21b1!22b1!25b1!27m1!1b0!28b0!32b1!33m1!1b1!34b0!36e1!10m1!8e3!11m1!3e1!14m1!3b1!17b1!20m2!1e3!1e6!24b1!25b1!26b1!29b1!30m1!2b1!36b1!39m3!2m2!2i1!3i1!43b1!52b1!54m1!1b1!55b1!56m1!1b1!65m5!3m4!1m3!1m2!1i224!2i298!71b1!72m22!1m8!2b1!5b1!7b1!12m4!1b1!2b1!4m1!1e1!4b1!8m10!1m6!4m1!1e1!4m1!1e3!4m1!1e4!3sother_user_google_reviews!6m1!1e1!9b1!89b1!98m3!1b1!2b1!3b1!103b1!113b1!114m3!1b1!2m1!1b1!117b1!122m1!1b1!125b0!126b1!127b1!26m4!2m3!1i80!2i92!4i8!27m5!2sSatpur%2BMIDC%2BRd!3s0x3bddec8be381b89d:0x64c1d604c37e9e01!4m2!3d19.995445399999998!4d73.73056!30m28!1m6!1m2!1i0!2i0!2m2!1i530!2i695!1m6!1m2!1i1486!2i0!2m2!1i1536!2i695!1m6!1m2!1i0!2i0!2m2!1i1536!2i20!1m6!1m2!1i0!2i675!2m2!1i1536!2i695!34m18!2b1!3b1!4b1!6b1!8m6!1b1!3b1!4b1!5b1!6b1!7b1!9b1!12b1!14b1!20b1!23b1!25b1!26b1!37m1!1e81!42b1!47m0!49m10!3b1!6m2!1b1!2b1!7m2!1e3!2b1!8b1!9b1!10e2!50m4!2e2!3m2!1b1!3b1!61b1!67m2!7b1!10b1!69i720%26q%3DRestaurants%26ech%3D24%26psi%3DCTawZ4DPIcOOseMP0rKXuQU.1739601419167.1",https://lh5.googleusercontent.com/p/AF1QipNCY2sjJw9CqPH83BXT81eKTTI07iZPUrOYit-h=w204-h92-k-no,,4,101,156,sharanpur road
721,https://www.google.com/maps/place/MEERA+BAR+%26+RESTAURANT/data=!4m7!3m6!1s0x3bddeb7ec2aedd37:0x42a2311b3ee0b252!8m2!3d19.9938493!4d73.7522764!16s%2Fg%2F11b70hwk_1!19sChIJN92uwn7r3TsRUrLgPhsxokI?authuser=0&hl=en&rclk=1,MEERA BAR & RESTAURANT,255,Restaurant,19.9938493,73.7522764,·,https://lh5.googleusercontent.com/p/AF1QipMltTt16dF1FDs-XyD9LyAcVWHjPSN3PF-YCq_Q=w138-h92-k-no,,4,387,94,panchvati
722,https://www.google.com/maps/place/Bholenath+Restaurant+And+Sweets/data=!4m7!3m6!1s0x3bddec88c8d14e4d:0x3a9528fc471d893!8m2!3d19.9907918!4d73.7342238!16s%2Fg%2F11b6t85qp7!19sChIJTU7RyIjs3TsRk9hxxI9SqQM?authuser=0&hl=en&rclk=1,Bholenath Restaurant And Sweets,255,Family-friendly,19.9907918,73.7342238,"Trambakeshwar Rd, opposite E.S.I. Hospital",https://lh5.googleusercontent.com/p/AF1QipNIYBEqiQEfsksJYip4xgZDRVPj49bDkvAHJomp=w122-h92-k-no,,3.9,393,21,shalimar
723,https://www.google.com/maps/place/The+Foundry/data=!4m7!3m6!1s0x3bddec86bb67a8a1:0x1e2a43a7ecfab0d5!8m2!3d19.9916511!4d73.743659!16s%2Fg%2F11fyzcrr7h!19sChIJoahnu4bs3TsR1bD67KdDKh4?authuser=0&hl=en&rclk=1,The Foundry,255,Restaurant,19.9916511,73.743659,"· https://www.google.com/maps/reserve/v/dine/c/sAcrNHqjAU4?source=pa&opi=79508299&hl=en-IN&gei=vz-wZ9upOs2gseMP7YPSGA&sourceurl=https://www.google.com/search?tbm%3Dmap%26hl%3Den%26gl%3Din%26authuser%3D0%26pb%3D!4m12!1m3!1d3392.9313396042207!2d73.72798507468767!3d19.995450422466618!2m3!1f0!2f0!3f0!3m2!1i1536!2i695!4f13.1!7i20!8i20!10b1!12m23!1m3!18b1!30b1!34e1!2m3!5m1!6e2!20e3!4b0!10b1!12b1!13b1!16b1!17m1!3e1!20m4!5e2!6b1!8b1!14b1!46m1!1b0!96b1!19m4!2m3!1i360!2i120!4i8!20m48!2m2!1i203!2i100!3m2!2i4!5b1!6m6!1m2!1i86!2i86!1m2!1i408!2i240!7m33!1m3!1e1!2b0!3e3!1m3!1e2!2b1!3e2!1m3!1e2!2b0!3e3!1m3!1e8!2b0!3e3!1m3!1e10!2b0!3e3!1m3!1e10!2b1!3e2!1m3!1e10!2b0!3e4!1m3!1e9!2b1!3e2!2b1!9b0!22m5!1sCTawZ4DPIcOOseMP0rKXuQU:1782!2s1i:0,t:246204,p:CTawZ4DPIcOOseMP0rKXuQU:1782!7e81!12e22!17sCTawZ4DPIcOOseMP0rKXuQU:1783!24m108!1m32!13m9!2b1!3b1!4b1!6i1!8b1!9b1!14b1!20b1!25b1!18m21!3b1!4b1!5b1!6b1!9b1!12b1!13b1!14b1!17b1!20b1!21b1!22b1!25b1!27m1!1b0!28b0!32b1!33m1!1b1!34b0!36e1!10m1!8e3!11m1!3e1!14m1!3b1!17b1!20m2!1e3!1e6!24b1!25b1!26b1!29b1!30m1!2b1!36b1!39m3!2m2!2i1!3i1!43b1!52b1!54m1!1b1!55b1!56m1!1b1!65m5!3m4!1m3!1m2!1i224!2i298!71b1!72m22!1m8!2b1!5b1!7b1!12m4!1b1!2b1!4m1!1e1!4b1!8m10!1m6!4m1!1e1!4m1!1e3!4m1!1e4!3sother_user_google_reviews!6m1!1e1!9b1!89b1!98m3!1b1!2b1!3b1!103b1!113b1!114m3!1b1!2m1!1b1!117b1!122m1!1b1!125b0!126b1!127b1!26m4!2m3!1i80!2i92!4i8!27m5!2sSatpur%2BMIDC%2BRd!3s0x3bddec8be381b89d:0x64c1d604c37e9e01!4m2!3d19.995445399999998!4d73.73056!30m28!1m6!1m2!1i0!2i0!2m2!1i530!2i695!1m6!1m2!1i1486!2i0!2m2!1i1536!2i695!1m6!1m2!1i0!2i0!2m2!1i1536!2i20!1m6!1m2!1i0!2i675!2m2!1i1536!2i695!34m18!2b1!3b1!4b1!6b1!8m6!1b1!3b1!4b1!5b1!6b1!7b1!9b1!12b1!14b1!20b1!23b1!25b1!26b1!37m1!1e81!42b1!46m1!1e9!47m0!49m10!3b1!6m2!1b1!2b1!7m2!1e3!2b1!8b1!9b1!10e2!50m124!1m119!2m7!1u3!4sOpen%2Bnow!5e1!9s0ahUKEwjFlPeqkcWLAxUPTmwGHaM2DfsQ_KkBCJEHKBY!10m2!3m1!1e1!2m7!1u5!4sVegetarian!5e1!9s0ahUKEwjFlPeqkcWLAxUPTmwGHaM2DfsQ_KkBCJIHKBc!10m2!5m1!1sgcid:vegetarian_restaurant!2m7!1u5!4sNorth%2BIndian!5e1!9s0ahUKEwjFlPeqkcWLAxUPTmwGHaM2DfsQ_KkBCJMHKBg!10m2!5m1!1sgcid:north_indian_restaurant!2m7!1u2!4sTop-rated!5e1!9s0ahUKEwjFlPeqkcWLAxUPTmwGHaM2DfsQ_KkBCJQHKBk!10m2!2m1!1e1!3m1!1u2!3m1!1u3!3m81!1u5!2m7!1m2!5m1!1sgcid:buffet_restaurant!2sBuffet!3m2!2m1!1shttps://ssl.gstatic.com/local/refinements/cuisineicons/restaurant.png!2m7!1m2!5m1!1sgcid:chinese_restaurant!2sChinese!3m2!2m1!1shttps://ssl.gstatic.com/local/refinements/cuisineicons/chinese.png!2m7!1m2!5m1!1sgcid:european_restaurant!2sEuropean!3m2!2m1!1shttps://ssl.gstatic.com/local/refinements/cuisineicons/indian.png!2m7!1m2!5m1!1sgcid:fast_food_restaurant!2sFast%2BFood!3m2!2m1!1shttps://ssl.gstatic.com/local/refinements/cuisineicons/restaurant.png!2m7!1m2!5m1!1sgcid:italian_restaurant!2sItalian!3m2!2m1!1shttps://ssl.gstatic.com/local/refinements/cuisineicons/italian.png!2m7!1m2!5m1!1sgcid:north_indian_restaurant!2sNorth%2BIndian!3m2!2m1!1shttps://ssl.gstatic.com/local/refinements/cuisineicons/indian.png!2m7!1m2!5m1!1sgcid:pizza_restaurant!2sPizza!3m2!2m1!1shttps://ssl.gstatic.com/local/refinements/cuisineicons/pizza.png!2m7!1m2!5m1!1sgcid:seafood_restaurant!2sSeafood!3m2!2m1!1shttps://ssl.gstatic.com/local/refinements/cuisineicons/seafood.png!2m7!1m2!5m1!1sgcid:south_indian_restaurant!2sSouth%2BIndian!3m2!2m1!1shttps://ssl.gstatic.com/local/refinements/cuisineicons/indian.png!2m7!1m2!5m1!1sgcid:vegetarian_restaurant!2sVegetarian!3m2!2m1!1shttps://ssl.gstatic.com/local/refinements/cuisineicons/restaurant.png!4BIAEqAklO!2e2!3m2!1b1!3b1!59BQ2dBd0Fn!61b1!67m2!7b1!10b1!69i720%26q%3DRestaurants%26ech%3D25%26psi%3DCTawZ4DPIcOOseMP0rKXuQU.1739601419167.1",https://lh5.googleusercontent.com/p/AF1QipO8TIcFJLT6MPYmwDpmrlLfsN5vso9_nOe6L_3P=w138-h92-k-no,,4.1,811,161,gangapur road
724,https://www.google.com/maps/place/Abhiruchi+Gruh+Udyog/data=!4m7!3m6!1s0x3bddebcc075fe385:0xa450900d7a98e98c!8m2!3d20.003852!4d73.7491588!16s%2Fg%2F11flbsgkph!19sChIJheNfB8zr3TsRjOmYeg2QUKQ?authuser=0&hl=en&rclk=1,Abhiruchi Gruh Udyog,255,Indian Takeout,20.003852,73.7491588,·,https://lh5.googleusercontent.com/p/AF1QipNCWF7-6PqCAxodl9iXhZxRNzIBv-abEVEvzdQy=w163-h92-k-no,,4.8,42,22,panchvati
725,https://www.google.com/maps/place/SHREE+KUMARA+BAR+%26+RESTAURANT/data=!4m7!3m6!1s0x3bddeb7e29f1a30d:0xc18679cb86714039!8m2!3d19.993999!4d73.747848!16s%2Fg%2F11b70cbrpm!19sChIJDaPxKX7r3TsROUBxhst5hsE?authuser=0&hl=en&rclk=1,SHREE KUMARA BAR & RESTAURANT,255,Restaurant,19.993999,73.747848,"Plot No. P2, Trimbak Rd, Opposite I.T.I., Near N.M.C. Bank Signal, Satpur",https://lh5.googleusercontent.com/p/AF1QipOZggzycrAQ7Q96hAut7HsO3XyFerK3oI0S33bA=w122-h92-k-no,,4,382,65,shalimar
726,https://www.google.com/maps/place/Roof+top+kitchen+%26+bar+Nashik/data=!4m7!3m6!1s0x3bddebda19735ecb:0x2e913a757efc8caa!8m2!3d19.9970792!4d73.754325!16s%2Fg%2F11p536pbw9!19sChIJy15zGdrr3TsRqoz8fnU6kS4?authuser=0&hl=en&rclk=1,Roof top kitchen & bar Nashik,255,North Indian,19.9970792,73.754325,"cricket ground, 3rd floor, vijay chambers, opposite Mahatama Nagar https://www.google.com/maps/reserve/v/dine/c/KZFSDB14W9M?source=pa&opi=79508299&hl=en-IN&gei=vz-wZ9upOs2gseMP7YPSGA&sourceurl=https://www.google.com/search?tbm%3Dmap%26hl%3Den%26gl%3Din%26authuser%3D0%26pb%3D!4m12!1m3!1d3392.9313396042207!2d73.72798507468767!3d19.995450422466618!2m3!1f0!2f0!3f0!3m2!1i1536!2i695!4f13.1!7i20!8i20!10b1!12m23!1m3!18b1!30b1!34e1!2m3!5m1!6e2!20e3!4b0!10b1!12b1!13b1!16b1!17m1!3e1!20m4!5e2!6b1!8b1!14b1!46m1!1b0!96b1!19m4!2m3!1i360!2i120!4i8!20m48!2m2!1i203!2i100!3m2!2i4!5b1!6m6!1m2!1i86!2i86!1m2!1i408!2i240!7m33!1m3!1e1!2b0!3e3!1m3!1e2!2b1!3e2!1m3!1e2!2b0!3e3!1m3!1e8!2b0!3e3!1m3!1e10!2b0!3e3!1m3!1e10!2b1!3e2!1m3!1e10!2b0!3e4!1m3!1e9!2b1!3e2!2b1!9b0!22m5!1sCTawZ4DPIcOOseMP0rKXuQU:1782!2s1i:0,t:246204,p:CTawZ4DPIcOOseMP0rKXuQU:1782!7e81!12e22!17sCTawZ4DPIcOOseMP0rKXuQU:1783!24m108!1m32!13m9!2b1!3b1!4b1!6i1!8b1!9b1!14b1!20b1!25b1!18m21!3b1!4b1!5b1!6b1!9b1!12b1!13b1!14b1!17b1!20b1!21b1!22b1!25b1!27m1!1b0!28b0!32b1!33m1!1b1!34b0!36e1!10m1!8e3!11m1!3e1!14m1!3b1!17b1!20m2!1e3!1e6!24b1!25b1!26b1!29b1!30m1!2b1!36b1!39m3!2m2!2i1!3i1!43b1!52b1!54m1!1b1!55b1!56m1!1b1!65m5!3m4!1m3!1m2!1i224!2i298!71b1!72m22!1m8!2b1!5b1!7b1!12m4!1b1!2b1!4m1!1e1!4b1!8m10!1m6!4m1!1e1!4m1!1e3!4m1!1e4!3sother_user_google_reviews!6m1!1e1!9b1!89b1!98m3!1b1!2b1!3b1!103b1!113b1!114m3!1b1!2m1!1b1!117b1!122m1!1b1!125b0!126b1!127b1!26m4!2m3!1i80!2i92!4i8!27m5!2sSatpur%2BMIDC%2BRd!3s0x3bddec8be381b89d:0x64c1d604c37e9e01!4m2!3d19.995445399999998!4d73.73056!30m28!1m6!1m2!1i0!2i0!2m2!1i530!2i695!1m6!1m2!1i1486!2i0!2m2!1i1536!2i695!1m6!1m2!1i0!2i0!2m2!1i1536!2i20!1m6!1m2!1i0!2i675!2m2!1i1536!2i695!34m18!2b1!3b1!4b1!6b1!8m6!1b1!3b1!4b1!5b1!6b1!7b1!9b1!12b1!14b1!20b1!23b1!25b1!26b1!37m1!1e81!42b1!46m1!1e9!47m0!49m10!3b1!6m2!1b1!2b1!7m2!1e3!2b1!8b1!9b1!10e2!50m124!1m119!2m7!1u3!4sOpen%2Bnow!5e1!9s0ahUKEwjFlPeqkcWLAxUPTmwGHaM2DfsQ_KkBCJEHKBY!10m2!3m1!1e1!2m7!1u5!4sVegetarian!5e1!9s0ahUKEwjFlPeqkcWLAxUPTmwGHaM2DfsQ_KkBCJIHKBc!10m2!5m1!1sgcid:vegetarian_restaurant!2m7!1u5!4sNorth%2BIndian!5e1!9s0ahUKEwjFlPeqkcWLAxUPTmwGHaM2DfsQ_KkBCJMHKBg!10m2!5m1!1sgcid:north_indian_restaurant!2m7!1u2!4sTop-rated!5e1!9s0ahUKEwjFlPeqkcWLAxUPTmwGHaM2DfsQ_KkBCJQHKBk!10m2!2m1!1e1!3m1!1u2!3m1!1u3!3m81!1u5!2m7!1m2!5m1!1sgcid:buffet_restaurant!2sBuffet!3m2!2m1!1shttps://ssl.gstatic.com/local/refinements/cuisineicons/restaurant.png!2m7!1m2!5m1!1sgcid:chinese_restaurant!2sChinese!3m2!2m1!1shttps://ssl.gstatic.com/local/refinements/cuisineicons/chinese.png!2m7!1m2!5m1!1sgcid:european_restaurant!2sEuropean!3m2!2m1!1shttps://ssl.gstatic.com/local/refinements/cuisineicons/indian.png!2m7!1m2!5m1!1sgcid:fast_food_restaurant!2sFast%2BFood!3m2!2m1!1shttps://ssl.gstatic.com/local/refinements/cuisineicons/restaurant.png!2m7!1m2!5m1!1sgcid:italian_restaurant!2sItalian!3m2!2m1!1shttps://ssl.gstatic.com/local/refinements/cuisineicons/italian.png!2m7!1m2!5m1!1sgcid:north_indian_restaurant!2sNorth%2BIndian!3m2!2m1!1shttps://ssl.gstatic.com/local/refinements/cuisineicons/indian.png!2m7!1m2!5m1!1sgcid:pizza_restaurant!2sPizza!3m2!2m1!1shttps://ssl.gstatic.com/local/refinements/cuisineicons/pizza.png!2m7!1m2!5m1!1sgcid:seafood_restaurant!2sSeafood!3m2!2m1!1shttps://ssl.gstatic.com/local/refinements/cuisineicons/seafood.png!2m7!1m2!5m1!1sgcid:south_indian_restaurant!2sSouth%2BIndian!3m2!2m1!1shttps://ssl.gstatic.com/local/refinements/cuisineicons/indian.png!2m7!1m2!5m1!1sgcid:vegetarian_restaurant!2sVegetarian!3m2!2m1!1shttps://ssl.gstatic.com/local/refinements/cuisineicons/restaurant.png!4BIAEqAklO!2e2!3m2!1b1!3b1!59BQ2dBd0Fn!61b1!67m2!7b1!10b1!69i720%26q%3DRestaurants%26ech%3D25%26psi%3DCTawZ4DPIcOOseMP0rKXuQU.1739601419167.1",https://lh5.googleusercontent.com/p/AF1QipMKYMsAaL78Xr-9hyPzNNktHmjkBOGVACr2MFDj=w122-h92-k-no,,4.4,320,19,gangapur road
727,https://www.google.com/maps/place/Dil+Se+Desi+-+Nashik/data=!4m7!3m6!1s0x3bddeda6b44166ed:0x5fca110a9e6aac98!8m2!3d20.0129024!4d73.7426407!16s%2Fg%2F11lgdqgf3y!19sChIJ7WZBtKbt3TsRmKxqngoRyl8?authuser=0&hl=en&rclk=1,Dil Se Desi - Nashik,255,Punjabi,20.0129024,73.7426407,"Gangapur Rd, next to Canara Bank",https://lh5.googleusercontent.com/p/AF1QipPUVFGXupKdX8O0qIBqSyrj4nBOkEAgYRbPoB0z=w122-h92-k-no,,4.1,1251,83,gangapur road
728,https://www.google.com/maps/place/Shashwat+Restaurant+And+Bar/data=!4m7!3m6!1s0x3bddecf816437bf9:0x89fcc92995ccdec7!8m2!3d19.9924672!4d73.711343!16s%2Fg%2F11c7vt2r0k!19sChIJ-XtDFvjs3TsRx97MlSnJ_Ik?authuser=0&hl=en&rclk=1,Shashwat Restaurant And Bar,255,Restaurant,19.9924672,73.711343,Ashok Nagar Rd,https://lh5.googleusercontent.com/p/AF1QipMBjzpYFiJ6Ix80KTb3PwdAO__mNsBYlHK-g2Sb=w163-h92-k-no,,3.8,103,63,ashok nagar
729,https://www.google.com/maps/place/Hotel+Fodni/data=!4m7!3m6!1s0x3bddeb564619ec49:0xa5849ecb395a78f1!8m2!3d20.0005484!4d73.7537596!16s%2Fg%2F11vd8wkkvs!19sChIJSewZRlbr3TsR8XhaOcuehKU?authuser=0&hl=en&rclk=1,Hotel Fodni,255,Maharashtrian Restaurant,20.0005484,73.7537596,2Q23+6G6,https://lh5.googleusercontent.com/p/AF1QipPFSQvtq5_4yUEBzAsAEXLPONeWUh5TXCmPg3vS=w163-h92-k-no,,4.6,260,146,mahatma nagar
730,https://www.google.com/maps/place/Banjo%27s+The+Food+Chain+-+Satpur+%7C+Best+fast+food+in+nashik+%7C+Pizza+%7C+Burger+%7C+Sandwich+%7C+Momos+%7CCold+Coffee/data=!4m7!3m6!1s0x3bddecf6eaaaba63:0x701eb40130000000!8m2!3d19.9894589!4d73.7142126!16s%2Fg%2F11p6sn25_8!19sChIJY7qq6vbs3TsRAAAAMAG0HnA?authuser=0&hl=en&rclk=1,Banjo's The Food Chain - Satpur | Best fast food in nashik | Pizza | Burger | Sandwich | Momos |Cold Coffee,255,Cafe,19.9894589,73.7142126,Ashok Nagar,https://lh5.googleusercontent.com/p/AF1QipPf8fgfrJO1vXDQt360pTS_ChIT8g-ONmGR_8QU=w80-h142-k-no,,5,15,36,ashok nagar
731,https://www.google.com/maps/place/Mohanlal+Ji+Premium+Veg+Thali+%26+Banquet/data=!4m7!3m6!1s0x3bdded57cd5c2dc9:0x6500ed9c113bf92e!8m2!3d20.0149765!4d73.7379548!16s%2Fg%2F11t7h31f_x!19sChIJyS1czVft3TsRLvk7EZztAGU?authuser=0&hl=en&rclk=1,Mohanlal Ji Premium Veg Thali & Banquet,255,Gujarati,20.0149765,73.7379548,"Rialto, Shop 9A, Gangapur Rd, opposite Hotel Bobby's",https://lh5.googleusercontent.com/p/AF1QipOCbhf_ULaiR4qd90LFh428lZB89tHYNVJVvvQG=w122-h92-k-no,,4.4,1458,26,gangapur road
732,https://www.google.com/maps/place/Vrundavan+Pure+veg+Restaurant/data=!4m7!3m6!1s0x3bdded66c4573941:0xfc7eb653a122f12f!8m2!3d19.9839197!4d73.7148339!16s%2Fg%2F11vl3ymrdc!19sChIJQTlXxGbt3TsRL_EioVO2fvw?authuser=0&hl=en&rclk=1,Vrundavan Pure veg Restaurant,255,Vegetarian,19.9839197,73.7148339,"Near sula circle, opposite marble house, trimbak road , pimpalgaon bahula, opposite marble house, opposite marbal house",https://lh5.googleusercontent.com/p/AF1QipNX7aDphFxPcx-c97BrbUbzCU13mteVtv4n8Eyk=w122-h92-k-no,,4.7,96,49,trimbakeshwar
733,https://www.google.com/maps/place/Turmeric/data=!4m7!3m6!1s0x3bdded31ae106853:0x2d80199f87e263b0!8m2!3d19.9911216!4d73.7437594!16s%2Fg%2F11j_072p0b!19sChIJU2gQrjHt3TsRsGPih58ZgC0?authuser=0&hl=en&rclk=1,Turmeric,255,Buffet,19.9911216,73.7437594,"BLVD, Ground Level, P20, Trambakeshwar Rd, next to Ginger Hotel https://www.google.com/maps/reserve/v/dine/c/dRu-S3wHDEg?source=pa&opi=79508299&hl=en-IN&gei=vz-wZ9upOs2gseMP7YPSGA&sourceurl=https://www.google.com/search?tbm%3Dmap%26hl%3Den%26gl%3Din%26authuser%3D0%26pb%3D!4m12!1m3!1d3392.9313396042207!2d73.72798507468767!3d19.995450422466618!2m3!1f0!2f0!3f0!3m2!1i1536!2i695!4f13.1!7i20!8i20!10b1!12m23!1m3!18b1!30b1!34e1!2m3!5m1!6e2!20e3!4b0!10b1!12b1!13b1!16b1!17m1!3e1!20m4!5e2!6b1!8b1!14b1!46m1!1b0!96b1!19m4!2m3!1i360!2i120!4i8!20m48!2m2!1i203!2i100!3m2!2i4!5b1!6m6!1m2!1i86!2i86!1m2!1i408!2i240!7m33!1m3!1e1!2b0!3e3!1m3!1e2!2b1!3e2!1m3!1e2!2b0!3e3!1m3!1e8!2b0!3e3!1m3!1e10!2b0!3e3!1m3!1e10!2b1!3e2!1m3!1e10!2b0!3e4!1m3!1e9!2b1!3e2!2b1!9b0!22m5!1sCTawZ4DPIcOOseMP0rKXuQU:1782!2s1i:0,t:246204,p:CTawZ4DPIcOOseMP0rKXuQU:1782!7e81!12e22!17sCTawZ4DPIcOOseMP0rKXuQU:1783!24m108!1m32!13m9!2b1!3b1!4b1!6i1!8b1!9b1!14b1!20b1!25b1!18m21!3b1!4b1!5b1!6b1!9b1!12b1!13b1!14b1!17b1!20b1!21b1!22b1!25b1!27m1!1b0!28b0!32b1!33m1!1b1!34b0!36e1!10m1!8e3!11m1!3e1!14m1!3b1!17b1!20m2!1e3!1e6!24b1!25b1!26b1!29b1!30m1!2b1!36b1!39m3!2m2!2i1!3i1!43b1!52b1!54m1!1b1!55b1!56m1!1b1!65m5!3m4!1m3!1m2!1i224!2i298!71b1!72m22!1m8!2b1!5b1!7b1!12m4!1b1!2b1!4m1!1e1!4b1!8m10!1m6!4m1!1e1!4m1!1e3!4m1!1e4!3sother_user_google_reviews!6m1!1e1!9b1!89b1!98m3!1b1!2b1!3b1!103b1!113b1!114m3!1b1!2m1!1b1!117b1!122m1!1b1!125b0!126b1!127b1!26m4!2m3!1i80!2i92!4i8!27m5!2sSatpur%2BMIDC%2BRd!3s0x3bddec8be381b89d:0x64c1d604c37e9e01!4m2!3d19.995445399999998!4d73.73056!30m28!1m6!1m2!1i0!2i0!2m2!1i530!2i695!1m6!1m2!1i1486!2i0!2m2!1i1536!2i695!1m6!1m2!1i0!2i0!2m2!1i1536!2i20!1m6!1m2!1i0!2i675!2m2!1i1536!2i695!34m18!2b1!3b1!4b1!6b1!8m6!1b1!3b1!4b1!5b1!6b1!7b1!9b1!12b1!14b1!20b1!23b1!25b1!26b1!37m1!1e81!42b1!46m1!1e9!47m0!49m10!3b1!6m2!1b1!2b1!7m2!1e3!2b1!8b1!9b1!10e2!50m124!1m119!2m7!1u3!4sOpen%2Bnow!5e1!9s0ahUKEwjFlPeqkcWLAxUPTmwGHaM2DfsQ_KkBCJEHKBY!10m2!3m1!1e1!2m7!1u5!4sVegetarian!5e1!9s0ahUKEwjFlPeqkcWLAxUPTmwGHaM2DfsQ_KkBCJIHKBc!10m2!5m1!1sgcid:vegetarian_restaurant!2m7!1u5!4sNorth%2BIndian!5e1!9s0ahUKEwjFlPeqkcWLAxUPTmwGHaM2DfsQ_KkBCJMHKBg!10m2!5m1!1sgcid:north_indian_restaurant!2m7!1u2!4sTop-rated!5e1!9s0ahUKEwjFlPeqkcWLAxUPTmwGHaM2DfsQ_KkBCJQHKBk!10m2!2m1!1e1!3m1!1u2!3m1!1u3!3m81!1u5!2m7!1m2!5m1!1sgcid:buffet_restaurant!2sBuffet!3m2!2m1!1shttps://ssl.gstatic.com/local/refinements/cuisineicons/restaurant.png!2m7!1m2!5m1!1sgcid:chinese_restaurant!2sChinese!3m2!2m1!1shttps://ssl.gstatic.com/local/refinements/cuisineicons/chinese.png!2m7!1m2!5m1!1sgcid:european_restaurant!2sEuropean!3m2!2m1!1shttps://ssl.gstatic.com/local/refinements/cuisineicons/indian.png!2m7!1m2!5m1!1sgcid:fast_food_restaurant!2sFast%2BFood!3m2!2m1!1shttps://ssl.gstatic.com/local/refinements/cuisineicons/restaurant.png!2m7!1m2!5m1!1sgcid:italian_restaurant!2sItalian!3m2!2m1!1shttps://ssl.gstatic.com/local/refinements/cuisineicons/italian.png!2m7!1m2!5m1!1sgcid:north_indian_restaurant!2sNorth%2BIndian!3m2!2m1!1shttps://ssl.gstatic.com/local/refinements/cuisineicons/indian.png!2m7!1m2!5m1!1sgcid:pizza_restaurant!2sPizza!3m2!2m1!1shttps://ssl.gstatic.com/local/refinements/cuisineicons/pizza.png!2m7!1m2!5m1!1sgcid:seafood_restaurant!2sSeafood!3m2!2m1!1shttps://ssl.gstatic.com/local/refinements/cuisineicons/seafood.png!2m7!1m2!5m1!1sgcid:south_indian_restaurant!2sSouth%2BIndian!3m2!2m1!1shttps://ssl.gstatic.com/local/refinements/cuisineicons/indian.png!2m7!1m2!5m1!1sgcid:vegetarian_restaurant!2sVegetarian!3m2!2m1!1shttps://ssl.gstatic.com/local/refinements/cuisineicons/restaurant.png!4BIAEqAklO!2e2!3m2!1b1!3b1!59BQ2dBd0Fn!61b1!67m2!7b1!10b1!69i720%26q%3DRestaurants%26ech%3D25%26psi%3DCTawZ4DPIcOOseMP0rKXuQU.1739601419167.1",https://lh5.googleusercontent.com/p/AF1QipPI0-sIBwBRoWNJV5CbF5SlP6s_XjvulLcYLThg=w122-h92-k-no,,4.2,9,93,trimbakeshwar
734,https://www.google.com/maps/place/OriGin+Nashik/data=!4m7!3m6!1s0x3bdded922de1aab9:0x72c7dcd54b14d6f3!8m2!3d20.0143918!4d73.7376998!16s%2Fg%2F11qn7cwhgc!19sChIJuarhLZLt3TsR89YUS9Xcx3I?authuser=0&hl=en&rclk=1,OriGin Nashik,255,Barbecue,20.0143918,73.7376998,"KK Plaza, Gangapur Road 5,6 7 Floor https://www.google.com/maps/reserve/v/dine/c/WtG30n9TsQ8?source=pa&opi=79508299&hl=en-IN&gei=vz-wZ9upOs2gseMP7YPSGA&sourceurl=https://www.google.com/search?tbm%3Dmap%26hl%3Den%26gl%3Din%26authuser%3D0%26pb%3D!4m12!1m3!1d3392.9313396042207!2d73.72798507468767!3d19.995450422466618!2m3!1f0!2f0!3f0!3m2!1i1536!2i695!4f13.1!7i20!8i20!10b1!12m23!1m3!18b1!30b1!34e1!2m3!5m1!6e2!20e3!4b0!10b1!12b1!13b1!16b1!17m1!3e1!20m4!5e2!6b1!8b1!14b1!46m1!1b0!96b1!19m4!2m3!1i360!2i120!4i8!20m48!2m2!1i203!2i100!3m2!2i4!5b1!6m6!1m2!1i86!2i86!1m2!1i408!2i240!7m33!1m3!1e1!2b0!3e3!1m3!1e2!2b1!3e2!1m3!1e2!2b0!3e3!1m3!1e8!2b0!3e3!1m3!1e10!2b0!3e3!1m3!1e10!2b1!3e2!1m3!1e10!2b0!3e4!1m3!1e9!2b1!3e2!2b1!9b0!22m5!1sCTawZ4DPIcOOseMP0rKXuQU:1782!2s1i:0,t:246204,p:CTawZ4DPIcOOseMP0rKXuQU:1782!7e81!12e22!17sCTawZ4DPIcOOseMP0rKXuQU:1783!24m108!1m32!13m9!2b1!3b1!4b1!6i1!8b1!9b1!14b1!20b1!25b1!18m21!3b1!4b1!5b1!6b1!9b1!12b1!13b1!14b1!17b1!20b1!21b1!22b1!25b1!27m1!1b0!28b0!32b1!33m1!1b1!34b0!36e1!10m1!8e3!11m1!3e1!14m1!3b1!17b1!20m2!1e3!1e6!24b1!25b1!26b1!29b1!30m1!2b1!36b1!39m3!2m2!2i1!3i1!43b1!52b1!54m1!1b1!55b1!56m1!1b1!65m5!3m4!1m3!1m2!1i224!2i298!71b1!72m22!1m8!2b1!5b1!7b1!12m4!1b1!2b1!4m1!1e1!4b1!8m10!1m6!4m1!1e1!4m1!1e3!4m1!1e4!3sother_user_google_reviews!6m1!1e1!9b1!89b1!98m3!1b1!2b1!3b1!103b1!113b1!114m3!1b1!2m1!1b1!117b1!122m1!1b1!125b0!126b1!127b1!26m4!2m3!1i80!2i92!4i8!27m5!2sSatpur%2BMIDC%2BRd!3s0x3bddec8be381b89d:0x64c1d604c37e9e01!4m2!3d19.995445399999998!4d73.73056!30m28!1m6!1m2!1i0!2i0!2m2!1i530!2i695!1m6!1m2!1i1486!2i0!2m2!1i1536!2i695!1m6!1m2!1i0!2i0!2m2!1i1536!2i20!1m6!1m2!1i0!2i675!2m2!1i1536!2i695!34m18!2b1!3b1!4b1!6b1!8m6!1b1!3b1!4b1!5b1!6b1!7b1!9b1!12b1!14b1!20b1!23b1!25b1!26b1!37m1!1e81!42b1!46m1!1e9!47m0!49m10!3b1!6m2!1b1!2b1!7m2!1e3!2b1!8b1!9b1!10e2!50m124!1m119!2m7!1u3!4sOpen%2Bnow!5e1!9s0ahUKEwjFlPeqkcWLAxUPTmwGHaM2DfsQ_KkBCJEHKBY!10m2!3m1!1e1!2m7!1u5!4sVegetarian!5e1!9s0ahUKEwjFlPeqkcWLAxUPTmwGHaM2DfsQ_KkBCJIHKBc!10m2!5m1!1sgcid:vegetarian_restaurant!2m7!1u5!4sNorth%2BIndian!5e1!9s0ahUKEwjFlPeqkcWLAxUPTmwGHaM2DfsQ_KkBCJMHKBg!10m2!5m1!1sgcid:north_indian_restaurant!2m7!1u2!4sTop-rated!5e1!9s0ahUKEwjFlPeqkcWLAxUPTmwGHaM2DfsQ_KkBCJQHKBk!10m2!2m1!1e1!3m1!1u2!3m1!1u3!3m81!1u5!2m7!1m2!5m1!1sgcid:buffet_restaurant!2sBuffet!3m2!2m1!1shttps://ssl.gstatic.com/local/refinements/cuisineicons/restaurant.png!2m7!1m2!5m1!1sgcid:chinese_restaurant!2sChinese!3m2!2m1!1shttps://ssl.gstatic.com/local/refinements/cuisineicons/chinese.png!2m7!1m2!5m1!1sgcid:european_restaurant!2sEuropean!3m2!2m1!1shttps://ssl.gstatic.com/local/refinements/cuisineicons/indian.png!2m7!1m2!5m1!1sgcid:fast_food_restaurant!2sFast%2BFood!3m2!2m1!1shttps://ssl.gstatic.com/local/refinements/cuisineicons/restaurant.png!2m7!1m2!5m1!1sgcid:italian_restaurant!2sItalian!3m2!2m1!1shttps://ssl.gstatic.com/local/refinements/cuisineicons/italian.png!2m7!1m2!5m1!1sgcid:north_indian_restaurant!2sNorth%2BIndian!3m2!2m1!1shttps://ssl.gstatic.com/local/refinements/cuisineicons/indian.png!2m7!1m2!5m1!1sgcid:pizza_restaurant!2sPizza!3m2!2m1!1shttps://ssl.gstatic.com/local/refinements/cuisineicons/pizza.png!2m7!1m2!5m1!1sgcid:seafood_restaurant!2sSeafood!3m2!2m1!1shttps://ssl.gstatic.com/local/refinements/cuisineicons/seafood.png!2m7!1m2!5m1!1sgcid:south_indian_restaurant!2sSouth%2BIndian!3m2!2m1!1shttps://ssl.gstatic.com/local/refinements/cuisineicons/indian.png!2m7!1m2!5m1!1sgcid:vegetarian_restaurant!2sVegetarian!3m2!2m1!1shttps://ssl.gstatic.com/local/refinements/cuisineicons/restaurant.png!4BIAEqAklO!2e2!3m2!1b1!3b1!59BQ2dBd0Fn!61b1!67m2!7b1!10b1!69i720%26q%3DRestaurants%26ech%3D25%26psi%3DCTawZ4DPIcOOseMP0rKXuQU.1739601419167.1",https://lh5.googleusercontent.com/p/AF1QipOj5NvWaPSeA2l_STNXxNe1-fBMP-Ji8CTx2Pjx=w174-h92-k-no,,4.2,2950,60,gangapur road
735,https://www.google.com/maps/place/MOHANA%27S/data=!4m7!3m6!1s0x3bdd9595fe22a855:0x80be360dee2c45b3!8m2!3d20.0067629!4d73.7546807!16s%2Fg%2F11qh44fx2l!19sChIJVagi_pWV3TsRs0Us7g02voA?authuser=0&hl=en&rclk=1,MOHANA'S,255,Family-friendly,20.0067629,73.7546807,"bus stop, Ramrajya#7, near Maher Sarees, beside Samartha Nagar",https://lh5.googleusercontent.com/p/AF1QipPLuX_WngqXYzsyebKwdQm9IZrkK1biGJ9AgorJ=w199-h92-k-no,,4.8,20,137,gangapur road
736,https://www.google.com/maps/place/Amar%27s+Pure+Veg+Multi-Cuisine+Restaurant/data=!4m7!3m6!1s0x3bddeb05bc09134f:0xb342280c1e931208!8m2!3d20.0205278!4d73.7280364!16s%2Fg%2F11k40jrbcv!19sChIJTxMJvAXr3TsRCBKTHgwoQrM?authuser=0&hl=en&rclk=1,Amar's Pure Veg Multi-Cuisine Restaurant,255,Vegetarian,20.0205278,73.7280364,·,https://lh5.googleusercontent.com/p/AF1QipPOEgKFdbxYa3aJ1sMlIWxmlHgQEM3HF23moF3C=w163-h92-k-no,,4.5,522,61,gangapur road
737,https://www.google.com/maps/place/Sai+-+Rekha%27s+Masalaz+One/data=!4m10!3m9!1s0x3bddecf2ce1a714f:0xa8ae1f1f6dd77191!5m2!4m1!1i2!8m2!3d19.9855286!4d73.7241762!16s%2Fg%2F11b6p2cb_8!19sChIJT3EazvLs3TsRkXHXbR8frqg?authuser=0&hl=en&rclk=1,Sai - Rekha's Masalaz One,255,Maharashtrian Restaurant,19.9855286,73.7241762,,https://lh5.googleusercontent.com/p/AF1QipPNbtSQUtPKw1bk8JeIVSMbsB__DgU30uqb_Ff2=w122-h92-k-no,,4,2110,26,gangapur road
738,https://www.google.com/maps/place/Veere+Di+gaddi/data=!4m7!3m6!1s0x3bdded30317cd927:0x69c746e5a36bbb98!8m2!3d20.0083633!4d73.734618!16s%2Fg%2F11s2n3kzbg!19sChIJJ9l8MTDt3TsRmLtro-VGx2k?authuser=0&hl=en&rclk=1,Veere Di gaddi,255,Punjabi,20.0083633,73.734618,Gangapur Rd,https://lh5.googleusercontent.com/p/AF1QipNbdkS5jIXvnbeo_SXqohsVU5Gt3_8Vg8t5dTpO=w80-h142-k-no,,4.1,10,73,gangapur road
739,https://www.google.com/maps/place/Shree+Sai+Wadewale/data=!4m7!3m6!1s0x3bddec88cf32bebd:0x6e2abcdc6d894edc!8m2!3d19.9907504!4d73.7340844!16s%2Fg%2F11b6t85rgx!19sChIJvb4yz4js3TsR3E6Jbdy8Km4?authuser=0&hl=en&rclk=1,Shree Sai Wadewale,255,Fast Food,19.9907504,73.7340844,·,https://lh5.googleusercontent.com/p/AF1QipOQADSCD0KnFPd2bjUB_98pBgHgdr6g9XEitzkA=w122-h92-k-no,,4.3,101,24,trambakeshwar road
740,https://www.google.com/maps/place/Sugras+Foods+%26+Canteen+Services/data=!4m7!3m6!1s0x3bddec7b24f8b0df:0x9391d41801c68310!8m2!3d20.0041716!4d73.7393364!16s%2Fg%2F1q62l022m!19sChIJ37D4JHvs3TsREIPGARjUkZM?authuser=0&hl=en&rclk=1,Sugras Foods & Canteen Services,255,Konkani restaurant,20.0041716,73.7393364,,https://lh5.googleusercontent.com/p/AF1QipM-bIPRrW3Q0s0eNe7-Nqf1pupQI-JopeBcMs4r=w122-h92-k-no,,4.1,496,30,ashok nagar
741,https://www.google.com/maps/place/Hotel+Kalpataru+Oasis/data=!4m10!3m9!1s0x3bddec7d00000001:0xe23d5466af59e747!5m2!4m1!1i2!8m2!3d19.9990318!4d73.7339469!16s%2Fg%2F1tj_3q7c!19sChIJAQAAAH3s3TsRR-dZr2ZUPeI?authuser=0&hl=en&rclk=1,Hotel Kalpataru Oasis,255,Indian,19.9990318,73.7339469,,https://lh5.googleusercontent.com/p/AF1QipMG5B8w-KWc-1m-ruWSG1IJRgjkNC4HQF2RXUJ_=w122-h92-k-no,,4.4,163,36,ashok nagar
742,https://www.google.com/maps/place/MY+UDUPI+SPICE/data=!4m7!3m6!1s0x3bddeb85996ee93d:0x6ac4273a43c42a3f!8m2!3d20.0101021!4d73.7558336!16s%2Fg%2F11b73nfj7z!19sChIJPelumYXr3TsRPyrEQzonxGo?authuser=0&hl=en&rclk=1,MY UDUPI SPICE,255,South Indian,20.0101021,73.7558336,·,https://lh5.googleusercontent.com/p/AF1QipP5GeeYm6VqOUhER66Wc9kiprUi95eLrYFGXPLC=w122-h92-k-no,,4.2,481,40,college road
743,"https://www.google.com/maps/place/Liquid+Chef+Brewpub,Cafe+%26+Multicuisine+Restaurant./data=!4m7!3m6!1s0x3bdded58fbd96c11:0xfcbcc9faf48194a6!8m2!3d20.0152031!4d73.7375832!16s%2Fg%2F11kqr2kplm!19sChIJEWzZ-1jt3TsRppSB9PrJvPw?authuser=0&hl=en&rclk=1","Liquid Chef Brewpub,Cafe & Multicuisine Restaurant.",255,Indian,20.0152031,73.7375832,"· https://www.google.com/maps/reserve/v/dine/c/zcjCbTnhdKE?source=pa&opi=79508299&hl=en-IN&gei=yT-wZ7W8KZygnesPu5aIuQE&sourceurl=https://www.google.com/search?tbm%3Dmap%26hl%3Den%26gl%3Din%26authuser%3D0%26pb%3D!4m12!1m3!1d3392.9313396042207!2d73.72798507468767!3d19.995450422466618!2m3!1f0!2f0!3f0!3m2!1i1536!2i695!4f13.1!7i20!8i40!10b1!12m23!1m3!18b1!30b1!34e1!2m3!5m1!6e2!20e3!4b0!10b1!12b1!13b1!16b1!17m1!3e1!20m4!5e2!6b1!8b1!14b1!46m1!1b0!96b1!19m4!2m3!1i360!2i120!4i8!20m48!2m2!1i203!2i100!3m2!2i4!5b1!6m6!1m2!1i86!2i86!1m2!1i408!2i240!7m33!1m3!1e1!2b0!3e3!1m3!1e2!2b1!3e2!1m3!1e2!2b0!3e3!1m3!1e8!2b0!3e3!1m3!1e10!2b0!3e3!1m3!1e10!2b1!3e2!1m3!1e10!2b0!3e4!1m3!1e9!2b1!3e2!2b1!9b0!22m5!1sCTawZ4DPIcOOseMP0rKXuQU:1839!2s1i:0,t:246204,p:CTawZ4DPIcOOseMP0rKXuQU:1839!7e81!12e22!17sCTawZ4DPIcOOseMP0rKXuQU:1840!24m108!1m32!13m9!2b1!3b1!4b1!6i1!8b1!9b1!14b1!20b1!25b1!18m21!3b1!4b1!5b1!6b1!9b1!12b1!13b1!14b1!17b1!20b1!21b1!22b1!25b1!27m1!1b0!28b0!32b1!33m1!1b1!34b0!36e1!10m1!8e3!11m1!3e1!14m1!3b1!17b1!20m2!1e3!1e6!24b1!25b1!26b1!29b1!30m1!2b1!36b1!39m3!2m2!2i1!3i1!43b1!52b1!54m1!1b1!55b1!56m1!1b1!65m5!3m4!1m3!1m2!1i224!2i298!71b1!72m22!1m8!2b1!5b1!7b1!12m4!1b1!2b1!4m1!1e1!4b1!8m10!1m6!4m1!1e1!4m1!1e3!4m1!1e4!3sother_user_google_reviews!6m1!1e1!9b1!89b1!98m3!1b1!2b1!3b1!103b1!113b1!114m3!1b1!2m1!1b1!117b1!122m1!1b1!125b0!126b1!127b1!26m4!2m3!1i80!2i92!4i8!27m5!2sSatpur%2BMIDC%2BRd!3s0x3bddec8be381b89d:0x64c1d604c37e9e01!4m2!3d19.995445399999998!4d73.73056!30m28!1m6!1m2!1i0!2i0!2m2!1i530!2i695!1m6!1m2!1i1486!2i0!2m2!1i1536!2i695!1m6!1m2!1i0!2i0!2m2!1i1536!2i20!1m6!1m2!1i0!2i675!2m2!1i1536!2i695!34m18!2b1!3b1!4b1!6b1!8m6!1b1!3b1!4b1!5b1!6b1!7b1!9b1!12b1!14b1!20b1!23b1!25b1!26b1!37m1!1e81!42b1!46m1!1e9!47m0!49m10!3b1!6m2!1b1!2b1!7m2!1e3!2b1!8b1!9b1!10e2!50m124!1m119!2m7!1u3!4sOpen%2Bnow!5e1!9s0ahUKEwibhfvFkcWLAxVNUGwGHe2BFAMQ_KkBCIcHKBY!10m2!3m1!1e1!2m7!1u5!4sVegetarian!5e1!9s0ahUKEwibhfvFkcWLAxVNUGwGHe2BFAMQ_KkBCIgHKBc!10m2!5m1!1sgcid:vegetarian_restaurant!2m7!1u5!4sNorth%2BIndian!5e1!9s0ahUKEwibhfvFkcWLAxVNUGwGHe2BFAMQ_KkBCIkHKBg!10m2!5m1!1sgcid:north_indian_restaurant!2m7!1u2!4sTop-rated!5e1!9s0ahUKEwibhfvFkcWLAxVNUGwGHe2BFAMQ_KkBCIoHKBk!10m2!2m1!1e1!3m1!1u3!3m1!1u2!3m81!1u5!2m7!1m2!5m1!1sgcid:buffet_restaurant!2sBuffet!3m2!2m1!1shttps://ssl.gstatic.com/local/refinements/cuisineicons/restaurant.png!2m7!1m2!5m1!1sgcid:chinese_restaurant!2sChinese!3m2!2m1!1shttps://ssl.gstatic.com/local/refinements/cuisineicons/chinese.png!2m7!1m2!5m1!1sgcid:european_restaurant!2sEuropean!3m2!2m1!1shttps://ssl.gstatic.com/local/refinements/cuisineicons/indian.png!2m7!1m2!5m1!1sgcid:fast_food_restaurant!2sFast%2BFood!3m2!2m1!1shttps://ssl.gstatic.com/local/refinements/cuisineicons/restaurant.png!2m7!1m2!5m1!1sgcid:italian_restaurant!2sItalian!3m2!2m1!1shttps://ssl.gstatic.com/local/refinements/cuisineicons/italian.png!2m7!1m2!5m1!1sgcid:north_indian_restaurant!2sNorth%2BIndian!3m2!2m1!1shttps://ssl.gstatic.com/local/refinements/cuisineicons/indian.png!2m7!1m2!5m1!1sgcid:pizza_restaurant!2sPizza!3m2!2m1!1shttps://ssl.gstatic.com/local/refinements/cuisineicons/pizza.png!2m7!1m2!5m1!1sgcid:seafood_restaurant!2sSeafood!3m2!2m1!1shttps://ssl.gstatic.com/local/refinements/cuisineicons/seafood.png!2m7!1m2!5m1!1sgcid:south_indian_restaurant!2sSouth%2BIndian!3m2!2m1!1shttps://ssl.gstatic.com/local/refinements/cuisineicons/indian.png!2m7!1m2!5m1!1sgcid:vegetarian_restaurant!2sVegetarian!3m2!2m1!1shttps://ssl.gstatic.com/local/refinements/cuisineicons/restaurant.png!4BIAEqAklO!2e2!3m2!1b1!3b1!59BQ2dBd0Fn!61b1!67m2!7b1!10b1!69i720%26q%3DRestaurants%26ech%3D26%26psi%3DCTawZ4DPIcOOseMP0rKXuQU.1739601419167.1",https://lh5.googleusercontent.com/p/AF1QipNaA3JWW70I-5YCwz6EUz4Orog81-KIfulIUDWd=w163-h92-k-no,,4.8,32,23,gangapur road
744,https://www.google.com/maps/place/Mahindra+4x4+Cafe/data=!4m7!3m6!1s0x3bdded003ed3e5e7:0x7f8b22f19134203a!8m2!3d19.9933499!4d73.7170819!16s%2Fg%2F11w2b51v0z!19sChIJ5-XTPgDt3TsROiA0kfEii38?authuser=0&hl=en&rclk=1,Mahindra 4x4 Cafe,255,Brunch,19.9933499,73.7170819,"State Employee Colony, 50",https://lh5.googleusercontent.com/p/AF1QipMHMb89rElZ0czHGLlBatws03av7wXveiotCNji=w163-h92-k-no,,5,1,21,ashok nagar
745,https://www.google.com/maps/place/Red+Chilly+Spirits+N+Spices/data=!4m7!3m6!1s0x3bddede19010513d:0x50db5bdf4a255060!8m2!3d20.0138482!4d73.7395289!16s%2Fg%2F11ghp8tn0r!19sChIJPVEQkOHt3TsRYFAlSt9b21A?authuser=0&hl=en&rclk=1,Red Chilly Spirits N Spices,255,North Indian,20.0138482,73.7395289,"· https://www.google.com/maps/reserve/v/dine/c/Zb-QleJzARU?source=pa&opi=79508299&hl=en-IN&gei=yT-wZ7W8KZygnesPu5aIuQE&sourceurl=https://www.google.com/search?tbm%3Dmap%26hl%3Den%26gl%3Din%26authuser%3D0%26pb%3D!4m12!1m3!1d3392.9313396042207!2d73.72798507468767!3d19.995450422466618!2m3!1f0!2f0!3f0!3m2!1i1536!2i695!4f13.1!7i20!8i40!10b1!12m23!1m3!18b1!30b1!34e1!2m3!5m1!6e2!20e3!4b0!10b1!12b1!13b1!16b1!17m1!3e1!20m4!5e2!6b1!8b1!14b1!46m1!1b0!96b1!19m4!2m3!1i360!2i120!4i8!20m48!2m2!1i203!2i100!3m2!2i4!5b1!6m6!1m2!1i86!2i86!1m2!1i408!2i240!7m33!1m3!1e1!2b0!3e3!1m3!1e2!2b1!3e2!1m3!1e2!2b0!3e3!1m3!1e8!2b0!3e3!1m3!1e10!2b0!3e3!1m3!1e10!2b1!3e2!1m3!1e10!2b0!3e4!1m3!1e9!2b1!3e2!2b1!9b0!22m5!1sCTawZ4DPIcOOseMP0rKXuQU:1839!2s1i:0,t:246204,p:CTawZ4DPIcOOseMP0rKXuQU:1839!7e81!12e22!17sCTawZ4DPIcOOseMP0rKXuQU:1840!24m108!1m32!13m9!2b1!3b1!4b1!6i1!8b1!9b1!14b1!20b1!25b1!18m21!3b1!4b1!5b1!6b1!9b1!12b1!13b1!14b1!17b1!20b1!21b1!22b1!25b1!27m1!1b0!28b0!32b1!33m1!1b1!34b0!36e1!10m1!8e3!11m1!3e1!14m1!3b1!17b1!20m2!1e3!1e6!24b1!25b1!26b1!29b1!30m1!2b1!36b1!39m3!2m2!2i1!3i1!43b1!52b1!54m1!1b1!55b1!56m1!1b1!65m5!3m4!1m3!1m2!1i224!2i298!71b1!72m22!1m8!2b1!5b1!7b1!12m4!1b1!2b1!4m1!1e1!4b1!8m10!1m6!4m1!1e1!4m1!1e3!4m1!1e4!3sother_user_google_reviews!6m1!1e1!9b1!89b1!98m3!1b1!2b1!3b1!103b1!113b1!114m3!1b1!2m1!1b1!117b1!122m1!1b1!125b0!126b1!127b1!26m4!2m3!1i80!2i92!4i8!27m5!2sSatpur%2BMIDC%2BRd!3s0x3bddec8be381b89d:0x64c1d604c37e9e01!4m2!3d19.995445399999998!4d73.73056!30m28!1m6!1m2!1i0!2i0!2m2!1i530!2i695!1m6!1m2!1i1486!2i0!2m2!1i1536!2i695!1m6!1m2!1i0!2i0!2m2!1i1536!2i20!1m6!1m2!1i0!2i675!2m2!1i1536!2i695!34m18!2b1!3b1!4b1!6b1!8m6!1b1!3b1!4b1!5b1!6b1!7b1!9b1!12b1!14b1!20b1!23b1!25b1!26b1!37m1!1e81!42b1!46m1!1e9!47m0!49m10!3b1!6m2!1b1!2b1!7m2!1e3!2b1!8b1!9b1!10e2!50m124!1m119!2m7!1u3!4sOpen%2Bnow!5e1!9s0ahUKEwibhfvFkcWLAxVNUGwGHe2BFAMQ_KkBCIcHKBY!10m2!3m1!1e1!2m7!1u5!4sVegetarian!5e1!9s0ahUKEwibhfvFkcWLAxVNUGwGHe2BFAMQ_KkBCIgHKBc!10m2!5m1!1sgcid:vegetarian_restaurant!2m7!1u5!4sNorth%2BIndian!5e1!9s0ahUKEwibhfvFkcWLAxVNUGwGHe2BFAMQ_KkBCIkHKBg!10m2!5m1!1sgcid:north_indian_restaurant!2m7!1u2!4sTop-rated!5e1!9s0ahUKEwibhfvFkcWLAxVNUGwGHe2BFAMQ_KkBCIoHKBk!10m2!2m1!1e1!3m1!1u3!3m1!1u2!3m81!1u5!2m7!1m2!5m1!1sgcid:buffet_restaurant!2sBuffet!3m2!2m1!1shttps://ssl.gstatic.com/local/refinements/cuisineicons/restaurant.png!2m7!1m2!5m1!1sgcid:chinese_restaurant!2sChinese!3m2!2m1!1shttps://ssl.gstatic.com/local/refinements/cuisineicons/chinese.png!2m7!1m2!5m1!1sgcid:european_restaurant!2sEuropean!3m2!2m1!1shttps://ssl.gstatic.com/local/refinements/cuisineicons/indian.png!2m7!1m2!5m1!1sgcid:fast_food_restaurant!2sFast%2BFood!3m2!2m1!1shttps://ssl.gstatic.com/local/refinements/cuisineicons/restaurant.png!2m7!1m2!5m1!1sgcid:italian_restaurant!2sItalian!3m2!2m1!1shttps://ssl.gstatic.com/local/refinements/cuisineicons/italian.png!2m7!1m2!5m1!1sgcid:north_indian_restaurant!2sNorth%2BIndian!3m2!2m1!1shttps://ssl.gstatic.com/local/refinements/cuisineicons/indian.png!2m7!1m2!5m1!1sgcid:pizza_restaurant!2sPizza!3m2!2m1!1shttps://ssl.gstatic.com/local/refinements/cuisineicons/pizza.png!2m7!1m2!5m1!1sgcid:seafood_restaurant!2sSeafood!3m2!2m1!1shttps://ssl.gstatic.com/local/refinements/cuisineicons/seafood.png!2m7!1m2!5m1!1sgcid:south_indian_restaurant!2sSouth%2BIndian!3m2!2m1!1shttps://ssl.gstatic.com/local/refinements/cuisineicons/indian.png!2m7!1m2!5m1!1sgcid:vegetarian_restaurant!2sVegetarian!3m2!2m1!1shttps://ssl.gstatic.com/local/refinements/cuisineicons/restaurant.png!4BIAEqAklO!2e2!3m2!1b1!3b1!59BQ2dBd0Fn!61b1!67m2!7b1!10b1!69i720%26q%3DRestaurants%26ech%3D26%26psi%3DCTawZ4DPIcOOseMP0rKXuQU.1739601419167.1",https://lh5.googleusercontent.com/p/AF1QipNKpGr-RJjiyJ2KgARgGugO2i_xeujT58FMKROy=w80-h100-k-no,,4.2,1809,100,gangapur road
746,https://www.google.com/maps/place/THE+ROLL%27S+STATION/data=!4m7!3m6!1s0x3bdded4730977e29:0xb134a4d4baab8277!8m2!3d19.9893817!4d73.7151027!16s%2Fg%2F11j4t7_g51!19sChIJKX6XMEft3TsRd4KrutSkNLE?authuser=0&hl=en&rclk=1,THE ROLL'S STATION,255,Fast Food,19.9893817,73.7151027,XPQ8+Q25,https://lh5.googleusercontent.com/p/AF1QipOAxSzETXHdR9s4mdzS0_66vVuqCBH27JPabGce=w80-h100-k-no,,4.1,22,133,ashok nagar
747,https://www.google.com/maps/place/Hotel+Trupti/data=!4m7!3m6!1s0x3bdded004a3d4e89:0x77ca0eca714a2c98!8m2!3d19.9881535!4d73.7272076!16s%2Fg%2F11vry29gp8!19sChIJiU49SgDt3TsRmCxKccoOync?authuser=0&hl=en&rclk=1,Hotel Trupti,255,Indian,19.9881535,73.7272076,"Shop No 2, Near, Trambakeshwar Rd",https://lh5.googleusercontent.com/p/AF1QipNWwrJINWhxPpUnSVgh4irJP3UiYkWqly1KLgpG=w163-h92-k-no,,5,4,146,trambakeshwar road
748,https://www.google.com/maps/place/%E0%A4%B9%E0%A5%89%E0%A4%9F%E0%A5%87%E0%A4%B2+%E0%A4%96%E0%A4%BE%E0%A4%8A%E0%A4%97%E0%A4%B2%E0%A5%8D%E0%A4%B2%E0%A5%80+%E0%A4%A2%E0%A4%BE%E0%A4%AC%E0%A4%BE+%E0%A4%B8%E0%A4%BE%E0%A4%A4%E0%A4%AA%E0%A5%82%E0%A4%B0+Hotel+Khaugalli+dhaba+Satpur/data=!4m7!3m6!1s0x3bdded02348db773:0xab88e9c5e3be7669!8m2!3d19.9906258!4d73.7333771!16s%2Fg%2F11g0km313x!19sChIJc7eNNALt3TsRaXa-48XpiKs?authuser=0&hl=en&rclk=1,हॉटेल खाऊगल्ली ढाबा सातपूर Hotel Khaugalli dhaba Satpur,255,Dhaba,19.9906258,73.7333771,,https://lh5.googleusercontent.com/p/AF1QipNeJJ73F-osx6yz0qLy4Mp1krHVkGpX5l2gVZ6p=w80-h106-k-no,,4.6,8,106,satpur
749,https://www.google.com/maps/place/Hotel+New+Sai+Palace/data=!4m10!3m9!1s0x3bddec894bc0d569:0x9fdbb5962f82b0c8!5m2!4m1!1i2!8m2!3d19.9902159!4d73.7313524!16s%2Fg%2F11b6t2s802!19sChIJadXAS4ns3TsRyLCCL5a1258?authuser=0&hl=en&rclk=1,Hotel New Sai Palace,255,Restaurant,19.9902159,73.7313524,,https://lh5.googleusercontent.com/p/AF1QipNP7LZg6Pk8jz9sLBwufOnBEW3I3zujuBvJhVWq=w80-h106-k-no,,4,175,99,satpur
750,https://www.google.com/maps/place/Hotel+Shri+Niwas/data=!4m7!3m6!1s0x3bddec5a611b8731:0xa92081bcfbd73f55!8m2!3d20.002516!4d73.7137429!16s%2Fg%2F11b76lbs_6!19sChIJMYcbYVrs3TsRVT_X-7yBIKk?authuser=0&hl=en&rclk=1,Hotel Shri Niwas,255,Family-friendly,20.002516,73.7137429,"2P37+2F5, Satpur MIDC Rd, near Karbon Naka",https://lh5.googleusercontent.com/p/AF1QipMoqpLhZ5SEBIdLazEv7zPJ4zhBrY82ovhsYQZd=w122-h92-k-no,,4.1,16,36,satpur
751,https://www.google.com/maps/place/Balaji+Dakshin+Davangiri+Loni+Sponge+Dosa/data=!4m7!3m6!1s0x3bdded007d9b5c3b:0xc2aeac84d34b0085!8m2!3d19.9919442!4d73.7121248!16s%2Fg%2F11w7w5m_hy!19sChIJO1ybfQDt3TsRhQBL04SsrsI?authuser=0&hl=en&rclk=1,Balaji Dakshin Davangiri Loni Sponge Dosa,255,South Indian,19.9919442,73.7121248,XPR6+QRH,https://lh5.googleusercontent.com/p/AF1QipMQzRT3s7Y5wAECW8wvyurS1qlKPvy12qR_m1rM=w163-h92-k-no,,5,1,49,ashok nagar
752,https://www.google.com/maps/place/Greenfield%27s+Krishna+Veg+D%27lite/data=!4m7!3m6!1s0x3bddeb8599778d7b:0x920c17063abf0147!8m2!3d20.0085156!4d73.7560243!16s%2Fg%2F124yj54_6!19sChIJe413mYXr3TsRRwG_OgYXDJI?authuser=0&hl=en&rclk=1,Greenfield's Krishna Veg D'lite,255,Fast Food,20.0085156,73.7560243,·,https://lh5.googleusercontent.com/p/AF1QipNLrv6dXbzXfNOJdhaExc7L3k2LMTqTHit2Nmp-=w80-h106-k-no,,3.9,2373,49,college road
753,https://www.google.com/maps/place/Ayyanar+Dosa+Point2/data=!4m7!3m6!1s0x3bddebfb23b3c9bb:0x37668c941dde29b!8m2!3d19.9938535!4d73.7525873!16s%2Fg%2F11st9zzj01!19sChIJu8mzI_vr3TsRm-LdQclodgM?authuser=0&hl=en&rclk=1,Ayyanar Dosa Point2,255,South Indian,19.9938535,73.7525873,XQV3+G2W,https://lh5.googleusercontent.com/p/AF1QipOYabL5I4e6r6SeQUA0CDDrGrDiYzLKEmblYYZu=w204-h92-k-no,,3.7,29,98,mahatma nagar
754,https://www.google.com/maps/place/LAVANG+FOOD%27S/data=!4m7!3m6!1s0x3bddeb25dfacb11f:0xf6012cc2828bc3ec!8m2!3d20.0066024!4d73.758506!16s%2Fg%2F11sqxj2lsh!19sChIJH7Gs3yXr3TsR7MOLgsIsAfY?authuser=0&hl=en&rclk=1,LAVANG FOOD'S,255,Non Vegetarian Restaurant,20.0066024,73.758506,·,https://lh5.googleusercontent.com/p/AF1QipNft30vYM9wwwqwxyl1DYzoTbu_xalsDBIHqywE=w138-h92-k-no,,4.7,18,21,college road
755,https://www.google.com/maps/place/Vinayka+veg+%26+non-+veg/data=!4m7!3m6!1s0x3bddec77b1ee5523:0x64a0a47177a27099!8m2!3d20.0113022!4d73.745712!16s%2Fg%2F11fzf5h2ll!19sChIJI1XusXfs3TsRmXCid3GkoGQ?authuser=0&hl=en&rclk=1,Vinayka veg & non- veg,255,Restaurant,20.0113022,73.745712,Swargiya Sitamai Savaliram Kale Marg,https://lh5.googleusercontent.com/p/AF1QipM6GbA8rFw-9WXYPqovz4Wdx6CJCmHkCymPeJo=w80-h106-k-no,,3.9,1937,86,mahatma nagar
756,https://www.google.com/maps/place/Biryani+Center/data=!4m7!3m6!1s0x3bddedb1625e499b:0x2429f9c7c94ce8b2!8m2!3d20.005023!4d73.7406213!16s%2Fg%2F11sd50qvpc!19sChIJm0leYrHt3TsRsuhMycf5KSQ?authuser=0&hl=en&rclk=1,Biryani Center,255,Biryani,20.005023,73.7406213,"Shop No 1, Satpur MIDC Main Rd, near Realince Petrol Pump",https://lh5.googleusercontent.com/p/AF1QipMC13heiIOwb-IDDHQQzpHqV1_XmMzzQwudWo0=w80-h159-k-no,,5,1,10,satpur
757,https://www.google.com/maps/place/Nashik+Swad+Cafe+And+Restaurant/data=!4m7!3m6!1s0x3bddedac9d1aec8d:0x1cf2d3bfe7457535!8m2!3d19.98462!4d73.7360175!16s%2Fg%2F11y28_mlb1!19sChIJjewanazt3TsRNXVF57_T8hw?authuser=0&hl=en&rclk=1,Nashik Swad Cafe And Restaurant,255,Restaurant,19.98462,73.7360175,"Shop no. 27 28, Indira Gandhi, Vinayak Sankul Rd, opposite Six sigma Hospital",https://lh5.googleusercontent.com/p/AF1QipNX9GVS18OLdiplEZlJ3ZVeVCRO0CPADeb8ng5z=w80-h106-k-no,,5,1,125,mahatma nagar
758,https://www.google.com/maps/place/Greenyard+Family+Diner/data=!4m7!3m6!1s0x3bdded0fedc49db3:0x65e288bd30270831!8m2!3d20.0122623!4d73.7271748!16s%2Fg%2F11fjy4npfg!19sChIJs53E7Q_t3TsRMQgnML2I4mU?authuser=0&hl=en&rclk=1,Greenyard Family Diner,255,Family-friendly,20.0122623,73.7271748,"· https://www.google.com/maps/reserve/v/dine/c/IpUfRv17vbQ?source=pa&opi=79508299&hl=en-IN&gei=1D-wZ5H1B9GhnesPy7rxiQU&sourceurl=https://www.google.com/search?tbm%3Dmap%26hl%3Den%26gl%3Din%26authuser%3D0%26pb%3D!4m12!1m3!1d3392.9313396042207!2d73.72798507468767!3d19.995450422466618!2m3!1f0!2f0!3f0!3m2!1i1536!2i695!4f13.1!7i20!8i60!10b1!12m23!1m3!18b1!30b1!34e1!2m3!5m1!6e2!20e3!4b0!10b1!12b1!13b1!16b1!17m1!3e1!20m4!5e2!6b1!8b1!14b1!46m1!1b0!96b1!19m4!2m3!1i360!2i120!4i8!20m48!2m2!1i203!2i100!3m2!2i4!5b1!6m6!1m2!1i86!2i86!1m2!1i408!2i240!7m33!1m3!1e1!2b0!3e3!1m3!1e2!2b1!3e2!1m3!1e2!2b0!3e3!1m3!1e8!2b0!3e3!1m3!1e10!2b0!3e3!1m3!1e10!2b1!3e2!1m3!1e10!2b0!3e4!1m3!1e9!2b1!3e2!2b1!9b0!22m5!1sCTawZ4DPIcOOseMP0rKXuQU:1894!2s1i:0,t:246204,p:CTawZ4DPIcOOseMP0rKXuQU:1894!7e81!12e22!17sCTawZ4DPIcOOseMP0rKXuQU:1895!24m108!1m32!13m9!2b1!3b1!4b1!6i1!8b1!9b1!14b1!20b1!25b1!18m21!3b1!4b1!5b1!6b1!9b1!12b1!13b1!14b1!17b1!20b1!21b1!22b1!25b1!27m1!1b0!28b0!32b1!33m1!1b1!34b0!36e1!10m1!8e3!11m1!3e1!14m1!3b1!17b1!20m2!1e3!1e6!24b1!25b1!26b1!29b1!30m1!2b1!36b1!39m3!2m2!2i1!3i1!43b1!52b1!54m1!1b1!55b1!56m1!1b1!65m5!3m4!1m3!1m2!1i224!2i298!71b1!72m22!1m8!2b1!5b1!7b1!12m4!1b1!2b1!4m1!1e1!4b1!8m10!1m6!4m1!1e1!4m1!1e3!4m1!1e4!3sother_user_google_reviews!6m1!1e1!9b1!89b1!98m3!1b1!2b1!3b1!103b1!113b1!114m3!1b1!2m1!1b1!117b1!122m1!1b1!125b0!126b1!127b1!26m4!2m3!1i80!2i92!4i8!27m5!2sSatpur%2BMIDC%2BRd!3s0x3bddec8be381b89d:0x64c1d604c37e9e01!4m2!3d19.995445399999998!4d73.73056!30m28!1m6!1m2!1i0!2i0!2m2!1i530!2i695!1m6!1m2!1i1486!2i0!2m2!1i1536!2i695!1m6!1m2!1i0!2i0!2m2!1i1536!2i20!1m6!1m2!1i0!2i675!2m2!1i1536!2i695!34m18!2b1!3b1!4b1!6b1!8m6!1b1!3b1!4b1!5b1!6b1!7b1!9b1!12b1!14b1!20b1!23b1!25b1!26b1!37m1!1e81!42b1!46m1!1e9!47m0!49m10!3b1!6m2!1b1!2b1!7m2!1e3!2b1!8b1!9b1!10e2!50m124!1m119!2m7!1u3!4sOpen%2Bnow!5e1!9s0ahUKEwj1xMzKkcWLAxUcUGcHHTsLIhcQ_KkBCKoGKBY!10m2!3m1!1e1!2m7!1u5!4sVegetarian!5e1!9s0ahUKEwj1xMzKkcWLAxUcUGcHHTsLIhcQ_KkBCKsGKBc!10m2!5m1!1sgcid:vegetarian_restaurant!2m7!1u5!4sNorth%2BIndian!5e1!9s0ahUKEwj1xMzKkcWLAxUcUGcHHTsLIhcQ_KkBCKwGKBg!10m2!5m1!1sgcid:north_indian_restaurant!2m7!1u2!4sTop-rated!5e1!9s0ahUKEwj1xMzKkcWLAxUcUGcHHTsLIhcQ_KkBCK0GKBk!10m2!2m1!1e1!3m1!1u3!3m1!1u2!3m81!1u5!2m7!1m2!5m1!1sgcid:buffet_restaurant!2sBuffet!3m2!2m1!1shttps://ssl.gstatic.com/local/refinements/cuisineicons/restaurant.png!2m7!1m2!5m1!1sgcid:chinese_restaurant!2sChinese!3m2!2m1!1shttps://ssl.gstatic.com/local/refinements/cuisineicons/chinese.png!2m7!1m2!5m1!1sgcid:european_restaurant!2sEuropean!3m2!2m1!1shttps://ssl.gstatic.com/local/refinements/cuisineicons/indian.png!2m7!1m2!5m1!1sgcid:fast_food_restaurant!2sFast%2BFood!3m2!2m1!1shttps://ssl.gstatic.com/local/refinements/cuisineicons/restaurant.png!2m7!1m2!5m1!1sgcid:italian_restaurant!2sItalian!3m2!2m1!1shttps://ssl.gstatic.com/local/refinements/cuisineicons/italian.png!2m7!1m2!5m1!1sgcid:north_indian_restaurant!2sNorth%2BIndian!3m2!2m1!1shttps://ssl.gstatic.com/local/refinements/cuisineicons/indian.png!2m7!1m2!5m1!1sgcid:pizza_restaurant!2sPizza!3m2!2m1!1shttps://ssl.gstatic.com/local/refinements/cuisineicons/pizza.png!2m7!1m2!5m1!1sgcid:seafood_restaurant!2sSeafood!3m2!2m1!1shttps://ssl.gstatic.com/local/refinements/cuisineicons/seafood.png!2m7!1m2!5m1!1sgcid:south_indian_restaurant!2sSouth%2BIndian!3m2!2m1!1shttps://ssl.gstatic.com/local/refinements/cuisineicons/indian.png!2m7!1m2!5m1!1sgcid:vegetarian_restaurant!2sVegetarian!3m2!2m1!1shttps://ssl.gstatic.com/local/refinements/cuisineicons/restaurant.png!4BIAEqAklO!2e2!3m2!1b1!3b1!59BQ2dBd0Fn!61b1!67m2!7b1!10b1!69i720%26q%3DRestaurants%26ech%3D27%26psi%3DCTawZ4DPIcOOseMP0rKXuQU.1739601419167.1",https://lh5.googleusercontent.com/p/AF1QipP_q0GsaVGKLD-Myj1BzM5Q4wrnMO7biL3qJr0q=w137-h92-k-no,,4.1,966,22,gangapur road
759,https://www.google.com/maps/place/Nasik+Tiffin%27s/data=!4m7!3m6!1s0x3bddec6e33ac8363:0x9b07d7a7407cfd3a!8m2!3d20.0102855!4d73.7350479!16s%2Fg%2F11b_3fv9x7!19sChIJY4OsM27s3TsROv18QKfXB5s?authuser=0&hl=en&rclk=1,Nasik Tiffin's,255,Restaurant,20.0102855,73.7350479,·,https://lh5.googleusercontent.com/p/AF1QipP4MPuUznY9mBeE3FlHO9xzHgyW8ebp3hRFLruA=w137-h92-k-no,,3.9,10,59,gangapur road
760,https://www.google.com/maps/place/Hotel+Cafe+Raigad/data=!4m7!3m6!1s0x3bddec7bb91a26d5:0x793d1fc41666b6ce!8m2!3d20.0042655!4d73.7402754!16s%2Fg%2F11b6t24qxc!19sChIJ1SYauXvs3TsRzrZmFsQfPXk?authuser=0&hl=en&rclk=1,Hotel Cafe Raigad,255,Fast Food,20.0042655,73.7402754,Swargiya Sitamai Savaliram Kale Marg,https://lh5.googleusercontent.com/p/AF1QipP75dF7JwqvgDGJMcthzc0ZxrLcPqJbpoLp7TUp=w80-h122-k-no,,3.6,7,138,satpur
761,https://www.google.com/maps/place/Hotel+Swami+Veg+Non+Veg/data=!4m7!3m6!1s0x3bdded99eb181bcd:0xacfc985a85c3ba44!8m2!3d19.9916279!4d73.7118817!16s%2Fg%2F11sbjw39sw!19sChIJzRsY65nt3TsRRLrDhVqY_Kw?authuser=0&hl=en&rclk=1,Hotel Swami Veg Non Veg,255,Indian,19.9916279,73.7118817,XPR6+MQ2,https://lh5.googleusercontent.com/p/AF1QipPU489-gMguLNvHTIDqh6SWDUUmf2RflMV5gFtx=w80-h106-k-no,,4.1,16,22,shivaji nagar
762,https://www.google.com/maps/place/Hotel+Swad+NX+Family+Restaurant/data=!4m7!3m6!1s0x3bdded2755545e97:0xd9c199baf67e9044!8m2!3d20.0133319!4d73.7413075!16s%2Fg%2F11wc3gng6m!19sChIJl15UVSft3TsRRJB-9rqZwdk?authuser=0&hl=en&rclk=1,Hotel Swad NX Family Restaurant,255,Restaurant,20.0133319,73.7413075,Gangapur Rd,https://lh5.googleusercontent.com/p/AF1QipOHZqYoxniocjiT0sN4_YYvh5DHJB6yno0CKsXQ=w122-h92-k-no,,4.1,42,23,gangapur road
763,https://www.google.com/maps/place/Baracco+Multi-cuisine+Restaurant/data=!4m7!3m6!1s0x3bdded7cfa246de1:0x2a9be533cf5aad23!8m2!3d20.0125887!4d73.6987023!16s%2Fg%2F11fsk07d2x!19sChIJ4W0k-nzt3TsRI61azzPlmyo?authuser=0&hl=en&rclk=1,Baracco Multi-cuisine Restaurant,255,Restaurant,20.0125887,73.6987023,·,https://lh5.googleusercontent.com/p/AF1QipPgcpznxQSX1PO_8Bu83GwZwNdQiWk0pKy3IEE5=w194-h92-k-no,,4.3,1456,6,gangapur road
764,https://www.google.com/maps/place/Skyline+X+-+Rooftop+Restaurant/data=!4m7!3m6!1s0x3bddebf1b0cfcd89:0x7c15d2fe7030ad43!8m2!3d20.0102853!4d73.7581834!16s%2Fg%2F11vwpn0trl!19sChIJic3PsPHr3TsRQ60wcP7SFXw?authuser=0&hl=en&rclk=1,Skyline X - Rooftop Restaurant,255,Restaurant,20.0102853,73.7581834,"6 & 7th floor, The Business Park, College Road https://www.google.com/maps/reserve/v/dine/c/oipDHOvqRhw?source=pa&opi=79508299&hl=en-IN&gei=1D-wZ5H1B9GhnesPy7rxiQU&sourceurl=https://www.google.com/search?tbm%3Dmap%26hl%3Den%26gl%3Din%26authuser%3D0%26pb%3D!4m12!1m3!1d3392.9313396042207!2d73.72798507468767!3d19.995450422466618!2m3!1f0!2f0!3f0!3m2!1i1536!2i695!4f13.1!7i20!8i60!10b1!12m23!1m3!18b1!30b1!34e1!2m3!5m1!6e2!20e3!4b0!10b1!12b1!13b1!16b1!17m1!3e1!20m4!5e2!6b1!8b1!14b1!46m1!1b0!96b1!19m4!2m3!1i360!2i120!4i8!20m48!2m2!1i203!2i100!3m2!2i4!5b1!6m6!1m2!1i86!2i86!1m2!1i408!2i240!7m33!1m3!1e1!2b0!3e3!1m3!1e2!2b1!3e2!1m3!1e2!2b0!3e3!1m3!1e8!2b0!3e3!1m3!1e10!2b0!3e3!1m3!1e10!2b1!3e2!1m3!1e10!2b0!3e4!1m3!1e9!2b1!3e2!2b1!9b0!22m5!1sCTawZ4DPIcOOseMP0rKXuQU:1894!2s1i:0,t:246204,p:CTawZ4DPIcOOseMP0rKXuQU:1894!7e81!12e22!17sCTawZ4DPIcOOseMP0rKXuQU:1895!24m108!1m32!13m9!2b1!3b1!4b1!6i1!8b1!9b1!14b1!20b1!25b1!18m21!3b1!4b1!5b1!6b1!9b1!12b1!13b1!14b1!17b1!20b1!21b1!22b1!25b1!27m1!1b0!28b0!32b1!33m1!1b1!34b0!36e1!10m1!8e3!11m1!3e1!14m1!3b1!17b1!20m2!1e3!1e6!24b1!25b1!26b1!29b1!30m1!2b1!36b1!39m3!2m2!2i1!3i1!43b1!52b1!54m1!1b1!55b1!56m1!1b1!65m5!3m4!1m3!1m2!1i224!2i298!71b1!72m22!1m8!2b1!5b1!7b1!12m4!1b1!2b1!4m1!1e1!4b1!8m10!1m6!4m1!1e1!4m1!1e3!4m1!1e4!3sother_user_google_reviews!6m1!1e1!9b1!89b1!98m3!1b1!2b1!3b1!103b1!113b1!114m3!1b1!2m1!1b1!117b1!122m1!1b1!125b0!126b1!127b1!26m4!2m3!1i80!2i92!4i8!27m5!2sSatpur%2BMIDC%2BRd!3s0x3bddec8be381b89d:0x64c1d604c37e9e01!4m2!3d19.995445399999998!4d73.73056!30m28!1m6!1m2!1i0!2i0!2m2!1i530!2i695!1m6!1m2!1i1486!2i0!2m2!1i1536!2i695!1m6!1m2!1i0!2i0!2m2!1i1536!2i20!1m6!1m2!1i0!2i675!2m2!1i1536!2i695!34m18!2b1!3b1!4b1!6b1!8m6!1b1!3b1!4b1!5b1!6b1!7b1!9b1!12b1!14b1!20b1!23b1!25b1!26b1!37m1!1e81!42b1!46m1!1e9!47m0!49m10!3b1!6m2!1b1!2b1!7m2!1e3!2b1!8b1!9b1!10e2!50m124!1m119!2m7!1u3!4sOpen%2Bnow!5e1!9s0ahUKEwj1xMzKkcWLAxUcUGcHHTsLIhcQ_KkBCKoGKBY!10m2!3m1!1e1!2m7!1u5!4sVegetarian!5e1!9s0ahUKEwj1xMzKkcWLAxUcUGcHHTsLIhcQ_KkBCKsGKBc!10m2!5m1!1sgcid:vegetarian_restaurant!2m7!1u5!4sNorth%2BIndian!5e1!9s0ahUKEwj1xMzKkcWLAxUcUGcHHTsLIhcQ_KkBCKwGKBg!10m2!5m1!1sgcid:north_indian_restaurant!2m7!1u2!4sTop-rated!5e1!9s0ahUKEwj1xMzKkcWLAxUcUGcHHTsLIhcQ_KkBCK0GKBk!10m2!2m1!1e1!3m1!1u3!3m1!1u2!3m81!1u5!2m7!1m2!5m1!1sgcid:buffet_restaurant!2sBuffet!3m2!2m1!1shttps://ssl.gstatic.com/local/refinements/cuisineicons/restaurant.png!2m7!1m2!5m1!1sgcid:chinese_restaurant!2sChinese!3m2!2m1!1shttps://ssl.gstatic.com/local/refinements/cuisineicons/chinese.png!2m7!1m2!5m1!1sgcid:european_restaurant!2sEuropean!3m2!2m1!1shttps://ssl.gstatic.com/local/refinements/cuisineicons/indian.png!2m7!1m2!5m1!1sgcid:fast_food_restaurant!2sFast%2BFood!3m2!2m1!1shttps://ssl.gstatic.com/local/refinements/cuisineicons/restaurant.png!2m7!1m2!5m1!1sgcid:italian_restaurant!2sItalian!3m2!2m1!1shttps://ssl.gstatic.com/local/refinements/cuisineicons/italian.png!2m7!1m2!5m1!1sgcid:north_indian_restaurant!2sNorth%2BIndian!3m2!2m1!1shttps://ssl.gstatic.com/local/refinements/cuisineicons/indian.png!2m7!1m2!5m1!1sgcid:pizza_restaurant!2sPizza!3m2!2m1!1shttps://ssl.gstatic.com/local/refinements/cuisineicons/pizza.png!2m7!1m2!5m1!1sgcid:seafood_restaurant!2sSeafood!3m2!2m1!1shttps://ssl.gstatic.com/local/refinements/cuisineicons/seafood.png!2m7!1m2!5m1!1sgcid:south_indian_restaurant!2sSouth%2BIndian!3m2!2m1!1shttps://ssl.gstatic.com/local/refinements/cuisineicons/indian.png!2m7!1m2!5m1!1sgcid:vegetarian_restaurant!2sVegetarian!3m2!2m1!1shttps://ssl.gstatic.com/local/refinements/cuisineicons/restaurant.png!4BIAEqAklO!2e2!3m2!1b1!3b1!59BQ2dBd0Fn!61b1!67m2!7b1!10b1!69i720%26q%3DRestaurants%26ech%3D27%26psi%3DCTawZ4DPIcOOseMP0rKXuQU.1739601419167.1",https://lh5.googleusercontent.com/p/AF1QipOXQ2ZrtAjOlmjyf8rW608i1ht7VATe3i5hUaQO=w138-h92-k-no,,4,16,92,college road
765,https://www.google.com/maps/place/Jitus+anda+bhurji/data=!4m7!3m6!1s0x3bddedaa9e161fb1:0x90d8f8c3f11c6dd9!8m2!3d19.9888259!4d73.7139243!16s%2Fg%2F11m9zv75g4!19sChIJsR8Wnqrt3TsR2W0c8cP42JA?authuser=0&hl=en&rclk=1,Jitus anda bhurji,255,Fast Food,19.9888259,73.7139243,,https://lh5.googleusercontent.com/p/AF1QipM2eIex0SkbAoaRKG1wGKZnScgXcSc3XmrPd8kG=w196-h92-k-no,,5,10,18,ashok nagar
766,https://www.google.com/maps/place/Hotel+Blue+Leaf/data=!4m7!3m6!1s0x3bddec76edcce0f5:0x76cdcb86ba33f4b0!8m2!3d20.014969!4d73.737234!16s%2Fg%2F11cn67qv_n!19sChIJ9eDM7Xbs3TsRsPQzuobLzXY?authuser=0&hl=en&rclk=1,Hotel Blue Leaf,255,Grill,20.014969,73.737234,·,https://lh5.googleusercontent.com/p/AF1QipOWDtOn_JMGUzo9OLRwPlNnxUBXn7FtqEFZ610b=w122-h92-k-no,,3.9,2573,1,gangapur road
767,https://www.google.com/maps/place/Namak+Shamak+Swadanusaar/data=!4m7!3m6!1s0x3bddebb4559944f9:0x67d8bbfa3374ead3!8m2!3d20.0080288!4d73.757144!16s%2Fg%2F11fl07x_xr!19sChIJ-USZVbTr3TsR0-p0M_q72Gc?authuser=0&hl=en&rclk=1,Namak Shamak Swadanusaar,255,Restaurant,20.0080288,73.757144,,https://lh5.googleusercontent.com/p/AF1QipO9vlDjd6ISBO7Ch6ONZyvNZlULy424NgveSxlG=w122-h92-k-no,,4.1,133,25,college road
768,"https://www.google.com/maps/place/Domino%27s+Pizza+%7C+Satpur,+Nashik/data=!4m7!3m6!1s0x3bdded6376778927:0x8e0f224bca62d3d9!8m2!3d19.9911033!4d73.7128347!16s%2Fg%2F11rv3w_5hs!19sChIJJ4l3dmPt3TsR2dNiyksiD44?authuser=0&hl=en&rclk=1","Domino's Pizza | Satpur, Nashik",255,Pizza,19.9911033,73.7128347,·,https://lh5.googleusercontent.com/p/AF1QipPHassdv12t8JvO_-VmTvH1YzOGVxyu7r6nIN4K=w294-h92-k-no,,3.5,179,97,ashok nagar
769,https://www.google.com/maps/place/Saptshrugi+Khanawal+%26+Restaurant/data=!4m7!3m6!1s0x3bddec5000048c89:0x1e574f1686009a42!8m2!3d20.0055172!4d73.7124376!16s%2Fg%2F11b6s_jznm!19sChIJiYwEAFDs3TsRQpoAhhZPVx4?authuser=0&hl=en&rclk=1,Saptshrugi Khanawal & Restaurant,255,Restaurant,20.0055172,73.7124376,"Shop No.7, Sai Sharddha Apartment",https://lh5.googleusercontent.com/p/AF1QipN6DvTyEiF1QpPZHRL_CWbwH9NahqHQSHubm4Xt=w80-h177-k-no,,3.4,20,52,shivaji nagar
770,https://www.google.com/maps/place/KABILA+DARBAR+RESTAURANT/data=!4m7!3m6!1s0x3bddeb5e38b9ab0f:0x15246d258ea0c563!8m2!3d19.9703392!4d73.7301608!16s%2Fg%2F11sh4c5d04!19sChIJD6u5OF7r3TsRY8WgjiVtJBU?authuser=0&hl=en&rclk=1,KABILA DARBAR RESTAURANT,255,Restaurant,19.9703392,73.7301608,"Shop no 3 Choudhary complex, ambad link road",https://lh5.googleusercontent.com/p/AF1QipMy5bFS8GU3o3R8ZRdRo3-uh-TfYRZEDbHjn9PY=w163-h92-k-no,,4,126,21,ambad
771,https://www.google.com/maps/place/Saucy+Grills/data=!4m7!3m6!1s0x3bdded3d4d55e8c9:0x2b4676938f442e9f!8m2!3d19.9997872!4d73.7419883!16s%2Fg%2F11k4xt2b4q!19sChIJyehVTT3t3TsRny5Ej5N2Ris?authuser=0&hl=en&rclk=1,Saucy Grills,255,Restaurant,19.9997872,73.7419883,"P-72, Satpur MIDC Main Rd",https://lh5.googleusercontent.com/p/AF1QipO2Vv2PUyZHzRstLUPMPqhH4b34AmrVkGiNEyjs=w80-h106-k-no,,4.3,53,19,satpur
772,https://www.google.com/maps/place/Aai+Saheb+restaurant/data=!4m7!3m6!1s0x3bdded70e46c6483:0xebb49a0a98e3dc7f!8m2!3d19.9821858!4d73.7153777!16s%2Fg%2F11j8_jstf3!19sChIJg2Rs5HDt3TsRf9zjmAqatOs?authuser=0&hl=en&rclk=1,Aai Saheb restaurant,255,Restaurant,19.9821858,73.7153777,"XPJ7+VW3, Trambakeshwar Rd",https://lh5.googleusercontent.com/p/AF1QipOZx5Up7mpB3dMjFBmk-UdivtVJxleDyw4OmtQo=w92-h92-k-no,,3.8,766,141,trimbakeshwar
773,https://www.google.com/maps/place/Ranga%27s+Kolhapuri+Family+Restaurant/data=!4m7!3m6!1s0x3bddedef88c3aead:0x4647fce6fba318b0!8m2!3d20.0084856!4d73.6871498!16s%2Fg%2F11q_476kl_!19sChIJra7DiO_t3TsRsBij--b8R0Y?authuser=0&hl=en&rclk=1,Ranga's Kolhapuri Family Restaurant,255,Restaurant,20.0084856,73.6871498,"Next to Sula Vineyards, Sawargaon Road Govardhan https://www.google.com/maps/reserve/v/dine/c/2kWT4pg-CDc?source=pa&opi=79508299&hl=en-IN&gei=3j-wZ7TgFqbhseMPgrmO8AE&sourceurl=https://www.google.com/search?tbm%3Dmap%26hl%3Den%26gl%3Din%26authuser%3D0%26pb%3D!4m12!1m3!1d3392.9313396042207!2d73.72798507468767!3d19.995450422466618!2m3!1f0!2f0!3f0!3m2!1i1536!2i695!4f13.1!7i20!8i80!10b1!12m23!1m3!18b1!30b1!34e1!2m3!5m1!6e2!20e3!4b0!10b1!12b1!13b1!16b1!17m1!3e1!20m4!5e2!6b1!8b1!14b1!46m1!1b0!96b1!19m4!2m3!1i360!2i120!4i8!20m48!2m2!1i203!2i100!3m2!2i4!5b1!6m6!1m2!1i86!2i86!1m2!1i408!2i240!7m33!1m3!1e1!2b0!3e3!1m3!1e2!2b1!3e2!1m3!1e2!2b0!3e3!1m3!1e8!2b0!3e3!1m3!1e10!2b0!3e3!1m3!1e10!2b1!3e2!1m3!1e10!2b0!3e4!1m3!1e9!2b1!3e2!2b1!9b0!22m5!1sCTawZ4DPIcOOseMP0rKXuQU:1947!2s1i:0,t:246204,p:CTawZ4DPIcOOseMP0rKXuQU:1947!7e81!12e22!17sCTawZ4DPIcOOseMP0rKXuQU:1948!24m108!1m32!13m9!2b1!3b1!4b1!6i1!8b1!9b1!14b1!20b1!25b1!18m21!3b1!4b1!5b1!6b1!9b1!12b1!13b1!14b1!17b1!20b1!21b1!22b1!25b1!27m1!1b0!28b0!32b1!33m1!1b1!34b0!36e1!10m1!8e3!11m1!3e1!14m1!3b1!17b1!20m2!1e3!1e6!24b1!25b1!26b1!29b1!30m1!2b1!36b1!39m3!2m2!2i1!3i1!43b1!52b1!54m1!1b1!55b1!56m1!1b1!65m5!3m4!1m3!1m2!1i224!2i298!71b1!72m22!1m8!2b1!5b1!7b1!12m4!1b1!2b1!4m1!1e1!4b1!8m10!1m6!4m1!1e1!4m1!1e3!4m1!1e4!3sother_user_google_reviews!6m1!1e1!9b1!89b1!98m3!1b1!2b1!3b1!103b1!113b1!114m3!1b1!2m1!1b1!117b1!122m1!1b1!125b0!126b1!127b1!26m4!2m3!1i80!2i92!4i8!27m5!2sSatpur%2BMIDC%2BRd!3s0x3bddec8be381b89d:0x64c1d604c37e9e01!4m2!3d19.995445399999998!4d73.73056!30m28!1m6!1m2!1i0!2i0!2m2!1i530!2i695!1m6!1m2!1i1486!2i0!2m2!1i1536!2i695!1m6!1m2!1i0!2i0!2m2!1i1536!2i20!1m6!1m2!1i0!2i675!2m2!1i1536!2i695!34m18!2b1!3b1!4b1!6b1!8m6!1b1!3b1!4b1!5b1!6b1!7b1!9b1!12b1!14b1!20b1!23b1!25b1!26b1!37m1!1e81!42b1!46m1!1e9!47m0!49m10!3b1!6m2!1b1!2b1!7m2!1e3!2b1!8b1!9b1!10e2!50m124!1m119!2m7!1u3!4sOpen%2Bnow!5e1!9s0ahUKEwiRr8rPkcWLAxXRUGcHHUtdPFEQ_KkBCKYGKBY!10m2!3m1!1e1!2m7!1u5!4sVegetarian!5e1!9s0ahUKEwiRr8rPkcWLAxXRUGcHHUtdPFEQ_KkBCKcGKBc!10m2!5m1!1sgcid:vegetarian_restaurant!2m7!1u5!4sNorth%2BIndian!5e1!9s0ahUKEwiRr8rPkcWLAxXRUGcHHUtdPFEQ_KkBCKgGKBg!10m2!5m1!1sgcid:north_indian_restaurant!2m7!1u2!4sTop-rated!5e1!9s0ahUKEwiRr8rPkcWLAxXRUGcHHUtdPFEQ_KkBCKkGKBk!10m2!2m1!1e1!3m1!1u3!3m1!1u2!3m81!1u5!2m7!1m2!5m1!1sgcid:buffet_restaurant!2sBuffet!3m2!2m1!1shttps://ssl.gstatic.com/local/refinements/cuisineicons/restaurant.png!2m7!1m2!5m1!1sgcid:chinese_restaurant!2sChinese!3m2!2m1!1shttps://ssl.gstatic.com/local/refinements/cuisineicons/chinese.png!2m7!1m2!5m1!1sgcid:european_restaurant!2sEuropean!3m2!2m1!1shttps://ssl.gstatic.com/local/refinements/cuisineicons/indian.png!2m7!1m2!5m1!1sgcid:fast_food_restaurant!2sFast%2BFood!3m2!2m1!1shttps://ssl.gstatic.com/local/refinements/cuisineicons/restaurant.png!2m7!1m2!5m1!1sgcid:italian_restaurant!2sItalian!3m2!2m1!1shttps://ssl.gstatic.com/local/refinements/cuisineicons/italian.png!2m7!1m2!5m1!1sgcid:north_indian_restaurant!2sNorth%2BIndian!3m2!2m1!1shttps://ssl.gstatic.com/local/refinements/cuisineicons/indian.png!2m7!1m2!5m1!1sgcid:pizza_restaurant!2sPizza!3m2!2m1!1shttps://ssl.gstatic.com/local/refinements/cuisineicons/pizza.png!2m7!1m2!5m1!1sgcid:seafood_restaurant!2sSeafood!3m2!2m1!1shttps://ssl.gstatic.com/local/refinements/cuisineicons/seafood.png!2m7!1m2!5m1!1sgcid:south_indian_restaurant!2sSouth%2BIndian!3m2!2m1!1shttps://ssl.gstatic.com/local/refinements/cuisineicons/indian.png!2m7!1m2!5m1!1sgcid:vegetarian_restaurant!2sVegetarian!3m2!2m1!1shttps://ssl.gstatic.com/local/refinements/cuisineicons/restaurant.png!4BIAEqAklO!2e2!3m2!1b1!3b1!59BQ2dBd0Fn!61b1!67m2!7b1!10b1!69i720%26q%3DRestaurants%26ech%3D28%26psi%3DCTawZ4DPIcOOseMP0rKXuQU.1739601419167.1",https://lh5.googleusercontent.com/p/AF1QipOu-EjP7560B2DNMvoaifumZ4mMOouIvbyyPeB3=w122-h92-k-no,,4.5,125,33,gangapur gaon
774,https://www.google.com/maps/place/Hotel+Gurukrupa/data=!4m10!3m9!1s0x3bddede7a35c53d5:0x5ac75814976d09fc!5m2!4m1!1i2!8m2!3d19.9851788!4d73.7216038!16s%2Fg%2F11q4d1_gqt!19sChIJ1VNco-ft3TsR_AltlxRYx1o?authuser=0&hl=en&rclk=1,Hotel Gurukrupa,255,Family-friendly,19.9851788,73.7216038,,https://lh5.googleusercontent.com/p/AF1QipNYvfXtTLe5533seQx866u3W6bQIdPn_gElEcQf=w80-h106-k-no,,3.4,212,101,satpur
775,https://www.google.com/maps/place/Hotel+VP%27s+Family+restaurant/data=!4m7!3m6!1s0x3bdded007f7c5d37:0x29af445d53e0e57b!8m2!3d20.0120917!4d73.7451933!16s%2Fg%2F11wxpq8yyk!19sChIJN118fwDt3TsRe-XgU11Eryk?authuser=0&hl=en&rclk=1,Hotel VP's Family restaurant,255,Indian,20.0120917,73.7451933,"Anandvalli, pipeline, corner, Gangapur Rd",https://lh5.googleusercontent.com/p/AF1QipNQw24GahPLj1hm1idtSZtBYDP4fn9tbGTcuEir=w163-h92-k-no,,3.6,482,110,gangapur road
776,https://www.google.com/maps/place/HANFRY/data=!4m7!3m6!1s0x3bdded092711c1a3:0x973a62f2bd1b854f!8m2!3d20.0087153!4d73.7297778!16s%2Fg%2F11vymrq0q2!19sChIJo8ERJwnt3TsRT4UbvfJiOpc?authuser=0&hl=en&rclk=1,HANFRY,255,Fast Food,20.0087153,73.7297778,"Shop No, 20, Shree Tirumala Omkar, Right Canal Rd",https://lh5.googleusercontent.com/p/AF1QipO2UrGPJ1f65Bg09Sbh9nBZiyooSZSrKQqhEGzC=w80-h106-k-no,,4.7,3,122,satpur
777,https://www.google.com/maps/place/Hari+om+dhaba/data=!4m7!3m6!1s0x3bdded0fd95e2efd:0x5698a1a8c775c24!8m2!3d20.0192125!4d73.7312985!16s%2Fg%2F11nnvv7nt3!19sChIJ_S5e2Q_t3TsRJFx3jBqKaQU?authuser=0&hl=en&rclk=1,Hari om dhaba,255,Dhaba,20.0192125,73.7312985,·,https://lh5.googleusercontent.com/p/AF1QipMOqYgQ6s1Mjbxt7TsZO4XFmQl4AFL1iuZ8E40j=w122-h92-k-no,,3.9,2463,95,gangapur road
778,https://www.google.com/maps/place/BAPPI+CHINESE+CORNER+Bappikumar+LaljiRam/data=!4m7!3m6!1s0x3bdded160cd587ad:0xf2ae1100067d3c8d!8m2!3d19.9925994!4d73.7114126!16s%2Fg%2F11ld8mff11!19sChIJrYfVDBbt3TsRjTx9BgARrvI?authuser=0&hl=en&rclk=1,BAPPI CHINESE CORNER Bappikumar LaljiRam,255,Fast Food,19.9925994,73.7114126,"Shop No 1, Shivaji Nagar Road, near Pragati Textile Market",https://streetviewpixels-pa.googleapis.com/v1/thumbnail?panoid=Il9C7jGohgfgFB0pEtnIeA&cb_client=search.gws-prod.gps&w=80&h=92&yaw=242.10333&pitch=0&thumbfov=100,,3,2,116,shivaji nagar
779,https://www.google.com/maps/place/Shiv+family+Chinese+restaurant/data=!4m7!3m6!1s0x3bddeda19d4968cf:0x1faae4dd70bbff07!8m2!3d19.9996992!4d73.7058045!16s%2Fg%2F11r8xpxqhf!19sChIJz2hJnaHt3TsRB_-7cN3kqh8?authuser=0&hl=en&rclk=1,Shiv family Chinese restaurant,255,Chinese,19.9996992,73.7058045,P-10/6,https://lh5.googleusercontent.com/p/AF1QipOz_P-Df1LwUUmqijQqr_IcqALP4Osx29WTQbuZ=w122-h92-k-no,,5,2,118,shivaji nagar
780,https://www.google.com/maps/place/Non+Veg+Non+Veg+Restaurant/data=!4m7!3m6!1s0x3bddeb8511016f2d:0x251403a1f9173c6e!8m2!3d20.0078324!4d73.7576212!16s%2Fg%2F11rhx0rmgr!19sChIJLW8BEYXr3TsRbjwX-aEDFCU?authuser=0&hl=en&rclk=1,Non Veg Non Veg Restaurant,255,Restaurant,20.0078324,73.7576212,"2Q55+42Q, College Road",https://lh5.googleusercontent.com/p/AF1QipNfqW-N1QxVjXVJWSA6MAyEiijree-M8gjkcaD8=w80-h120-k-no,,5,1,149,college road
781,https://www.google.com/maps/place/The+Machan%27s+Nature%27s+Bliss+%7C+Veg+%2F+Non-Veg+Restaurant+in+Nashik+%7C+Famous+restaurants+in+Nashik/data=!4m7!3m6!1s0x3bddedd8c5ebab2d:0xf34edfd4dccb9a2f!8m2!3d20.0179633!4d73.7196529!16s%2Fg%2F11r2qw_rcs!19sChIJLavrxdjt3TsRL5rL3NTfTvM?authuser=0&hl=en&rclk=1,The Machan's Nature's Bliss | Veg / Non-Veg Restaurant in Nashik | Famous restaurants in Nashik,255,Maharashtrian Restaurant,20.0179633,73.7196529,"· https://www.google.com/maps/reserve/v/dine/c/GZZjZCdqqJ8?source=pa&opi=79508299&hl=en-IN&gei=6D-wZ_KKL9aQseMP2ZLPoQI&sourceurl=https://www.google.com/search?tbm%3Dmap%26hl%3Den%26gl%3Din%26authuser%3D0%26pb%3D!4m12!1m3!1d3392.9313396042207!2d73.72798507468767!3d19.995450422466618!2m3!1f0!2f0!3f0!3m2!1i1536!2i695!4f13.1!7i20!8i100!10b1!12m23!1m3!18b1!30b1!34e1!2m3!5m1!6e2!20e3!4b0!10b1!12b1!13b1!16b1!17m1!3e1!20m4!5e2!6b1!8b1!14b1!46m1!1b0!96b1!19m4!2m3!1i360!2i120!4i8!20m48!2m2!1i203!2i100!3m2!2i4!5b1!6m6!1m2!1i86!2i86!1m2!1i408!2i240!7m33!1m3!1e1!2b0!3e3!1m3!1e2!2b1!3e2!1m3!1e2!2b0!3e3!1m3!1e8!2b0!3e3!1m3!1e10!2b0!3e3!1m3!1e10!2b1!3e2!1m3!1e10!2b0!3e4!1m3!1e9!2b1!3e2!2b1!9b0!22m5!1sCTawZ4DPIcOOseMP0rKXuQU:2002!2s1i:0,t:246204,p:CTawZ4DPIcOOseMP0rKXuQU:2002!7e81!12e22!17sCTawZ4DPIcOOseMP0rKXuQU:2003!24m108!1m32!13m9!2b1!3b1!4b1!6i1!8b1!9b1!14b1!20b1!25b1!18m21!3b1!4b1!5b1!6b1!9b1!12b1!13b1!14b1!17b1!20b1!21b1!22b1!25b1!27m1!1b0!28b0!32b1!33m1!1b1!34b0!36e1!10m1!8e3!11m1!3e1!14m1!3b1!17b1!20m2!1e3!1e6!24b1!25b1!26b1!29b1!30m1!2b1!36b1!39m3!2m2!2i1!3i1!43b1!52b1!54m1!1b1!55b1!56m1!1b1!65m5!3m4!1m3!1m2!1i224!2i298!71b1!72m22!1m8!2b1!5b1!7b1!12m4!1b1!2b1!4m1!1e1!4b1!8m10!1m6!4m1!1e1!4m1!1e3!4m1!1e4!3sother_user_google_reviews!6m1!1e1!9b1!89b1!98m3!1b1!2b1!3b1!103b1!113b1!114m3!1b1!2m1!1b1!117b1!122m1!1b1!125b0!126b1!127b1!26m4!2m3!1i80!2i92!4i8!27m5!2sSatpur%2BMIDC%2BRd!3s0x3bddec8be381b89d:0x64c1d604c37e9e01!4m2!3d19.995445399999998!4d73.73056!30m28!1m6!1m2!1i0!2i0!2m2!1i530!2i695!1m6!1m2!1i1486!2i0!2m2!1i1536!2i695!1m6!1m2!1i0!2i0!2m2!1i1536!2i20!1m6!1m2!1i0!2i675!2m2!1i1536!2i695!34m18!2b1!3b1!4b1!6b1!8m6!1b1!3b1!4b1!5b1!6b1!7b1!9b1!12b1!14b1!20b1!23b1!25b1!26b1!37m1!1e81!42b1!46m1!1e9!47m0!49m10!3b1!6m2!1b1!2b1!7m2!1e3!2b1!8b1!9b1!10e2!50m124!1m119!2m7!1u3!4sOpen%2Bnow!5e1!9s0ahUKEwi0x7vUkcWLAxWmcGwGHYKcAx4Q_KkBCLsGKBY!10m2!3m1!1e1!2m7!1u5!4sVegetarian!5e1!9s0ahUKEwi0x7vUkcWLAxWmcGwGHYKcAx4Q_KkBCLwGKBc!10m2!5m1!1sgcid:vegetarian_restaurant!2m7!1u5!4sNorth%2BIndian!5e1!9s0ahUKEwi0x7vUkcWLAxWmcGwGHYKcAx4Q_KkBCL0GKBg!10m2!5m1!1sgcid:north_indian_restaurant!2m7!1u2!4sTop-rated!5e1!9s0ahUKEwi0x7vUkcWLAxWmcGwGHYKcAx4Q_KkBCL4GKBk!10m2!2m1!1e1!3m1!1u3!3m1!1u2!3m81!1u5!2m7!1m2!5m1!1sgcid:buffet_restaurant!2sBuffet!3m2!2m1!1shttps://ssl.gstatic.com/local/refinements/cuisineicons/restaurant.png!2m7!1m2!5m1!1sgcid:chinese_restaurant!2sChinese!3m2!2m1!1shttps://ssl.gstatic.com/local/refinements/cuisineicons/chinese.png!2m7!1m2!5m1!1sgcid:european_restaurant!2sEuropean!3m2!2m1!1shttps://ssl.gstatic.com/local/refinements/cuisineicons/indian.png!2m7!1m2!5m1!1sgcid:fast_food_restaurant!2sFast%2BFood!3m2!2m1!1shttps://ssl.gstatic.com/local/refinements/cuisineicons/restaurant.png!2m7!1m2!5m1!1sgcid:italian_restaurant!2sItalian!3m2!2m1!1shttps://ssl.gstatic.com/local/refinements/cuisineicons/italian.png!2m7!1m2!5m1!1sgcid:north_indian_restaurant!2sNorth%2BIndian!3m2!2m1!1shttps://ssl.gstatic.com/local/refinements/cuisineicons/indian.png!2m7!1m2!5m1!1sgcid:pizza_restaurant!2sPizza!3m2!2m1!1shttps://ssl.gstatic.com/local/refinements/cuisineicons/pizza.png!2m7!1m2!5m1!1sgcid:seafood_restaurant!2sSeafood!3m2!2m1!1shttps://ssl.gstatic.com/local/refinements/cuisineicons/seafood.png!2m7!1m2!5m1!1sgcid:south_indian_restaurant!2sSouth%2BIndian!3m2!2m1!1shttps://ssl.gstatic.com/local/refinements/cuisineicons/indian.png!2m7!1m2!5m1!1sgcid:vegetarian_restaurant!2sVegetarian!3m2!2m1!1shttps://ssl.gstatic.com/local/refinements/cuisineicons/restaurant.png!4BIAEqAklO!2e2!3m2!1b1!3b1!59BQ2dBd0Fn!61b1!67m2!7b1!10b1!69i720%26q%3DRestaurants%26ech%3D29%26psi%3DCTawZ4DPIcOOseMP0rKXuQU.1739601419167.1",https://lh5.googleusercontent.com/p/AF1QipNaIShtri3TdyFDzV6kNseTmHcptS9foT17Vt5h=w137-h92-k-no,,4,250,102,satpur
782,https://www.google.co.in/maps/place/Mughal+Darbar/data=!4m7!3m6!1s0x3bddeb00c4b6e747:0x58a3788d19d85e80!8m2!3d19.9994998!4d73.789585!16s%2Fg%2F11b77npn08!19sChIJR-e2xADr3TsRgF7YGY14o1g?authuser=0&hl=en&rclk=1,Mughal Darbar,300,Non Vegetarian Restaurant,19.9994998,73.789585,,https://lh5.googleusercontent.com/p/AF1QipPaGl5QHjosfwjuU1uGno9pVvlx6hPgnZRQzIku=w122-h92-k-no,,4.2,4957,109,panchvati
783,https://www.google.co.in/maps/place/Shilpa+Dining+Hall/data=!4m7!3m6!1s0x3bddeba91d46305f:0x689406a9dcc2a005!8m2!3d20.0045135!4d73.7861345!16s%2Fg%2F124ymjrpj!19sChIJXzBGHanr3TsRBaDC3KkGlGg?authuser=0&hl=en&rclk=1,Shilpa Dining Hall,100,Gujarati,20.0045135,73.7861345,·,https://lh5.googleusercontent.com/p/AF1QipMcDTPVKZvPrXdaoofz2X2KyQvfkn589etMwXgF=w80-h106-k-no,,4.2,3874,122,ashok stambh
784,https://www.google.co.in/maps/place/Chetana+Dining+Hall+old+C.B.S/data=!4m7!3m6!1s0x3bddeba8081842b7:0x99349b11182fd1d2!8m2!3d20.0009525!4d73.7830717!16s%2Fg%2F1hm2snzvt!19sChIJt0IYCKjr3TsR0tEvGBGbNJk?authuser=0&hl=en&rclk=1,Chetana Dining Hall old C.B.S,100,Gujarati,20.0009525,73.7830717,·,https://lh5.googleusercontent.com/p/AF1QipOjZN-YvQEf_TDlUt--YPD51ww3k1ZkgYDIey8X=w122-h92-k-no,,4.3,2387,124,shalimar
785,https://www.google.co.in/maps/place/Udupi+Restaurant/data=!4m7!3m6!1s0x3bddebaa37c5afa1:0x26f2e7867148dd45!8m2!3d20.003597!4d73.790378!16s%2Fg%2F11b75mr5z0!19sChIJoa_FN6rr3TsRRd1IcYbn8iY?authuser=0&hl=en&rclk=1,Udupi Restaurant,100,Indian,20.003597,73.790378,·,https://lh5.googleusercontent.com/p/AF1QipNSkkMaag66zvd7cDBryZetWyWrUuOceRt9SsjM=w122-h92-k-no,,4,389,122,panchvati
786,https://www.google.co.in/maps/place/Annapoorna+hotel/data=!4m7!3m6!1s0x3bddeba8e94d6a3d:0x529a9c46f899d874!8m2!3d20.0047678!4d73.7849343!16s%2Fg%2F1tcw6n5h!19sChIJPWpN6ajr3TsRdNiZ-EacmlI?authuser=0&hl=en&rclk=1,Annapoorna hotel,100,South Indian,20.0047678,73.7849343,"Annapoorna hotel, Stadium Complex, Mahatma Gandhi Rd",https://lh5.googleusercontent.com/p/AF1QipMKvx0On31IrHg6c5lpzuFuGxLF88r-HcYZxf0v=w122-h92-k-no,,4,2080,96,ashok stambh
787,https://www.google.co.in/maps/place/Ganesh+Lunch+Home/data=!4m10!3m9!1s0x3bddeb07c2fe9209:0xdd032cfe5dac25e4!5m2!4m1!1i2!8m2!3d19.9991699!4d73.7837361!16s%2Fg%2F11bwfhyrsy!19sChIJCZL-wgfr3TsR5CWsXf4sA90?authuser=0&hl=en&rclk=1,Ganesh Lunch Home,100,Restaurant,19.9991699,73.7837361,,https://lh5.googleusercontent.com/p/AF1QipNbxvrjocHXyIX0AiuXJkj0FfNMNBpokwleaNI1=w163-h92-k-no,,4.4,375,105,shalimar
788,https://www.google.co.in/maps/place/SaladO/data=!4m7!3m6!1s0x3bddeb4450a65c0d:0x4d25451691115d2b!8m2!3d20.0004208!4d73.7763646!16s%2Fg%2F11pyc16dfw!19sChIJDVymUETr3TsRK10RkRZFJU0?authuser=0&hl=en&rclk=1,SaladO,255,Restaurant,20.0004208,73.7763646,"Basement shop No. L12&13, Tilakwadi Corner, SaladO Head Office, Near, Rajiv Gandhi Bhavan Rd, below MI service center",https://lh5.googleusercontent.com/p/AF1QipNbnWeqnuoTpgp67eioHZqafIXqzZehliuvI-RY=w80-h93-k-no,,4.9,261,125,canada corner
789,https://www.google.co.in/maps/place/Shafi+Pahelwan%27s+Chote+Miya/data=!4m7!3m6!1s0x3bddeb00cfd651c7:0x641974cd6181f0e3!8m2!3d19.9990158!4d73.7896025!16s%2Fg%2F11b775vq6p!19sChIJx1HWzwDr3TsR4_CBYc10GWQ?authuser=0&hl=en&rclk=1,Shafi Pahelwan's Chote Miya,300,Biryani,19.9990158,73.7896025,"XQXQ+JR5, Behind Razzaque Manzil",https://lh5.googleusercontent.com/p/AF1QipOfN6cjexPAWGJ7yewr7w-hkDXkNGYba6KlzqFv=w80-h106-k-no,,4.1,216,109,panchvati
790,https://www.google.co.in/maps/place/Pangat+Thali/data=!4m7!3m6!1s0x3bddeba8da1b846d:0x7663f88abaa0f452!8m2!3d20.0056783!4d73.7857857!16s%2Fg%2F11gd9vh28b!19sChIJbYQb2qjr3TsRUvSguor4Y3Y?authuser=0&hl=en&rclk=1,Pangat Thali,300,Gujarati,20.0056783,73.7857857,"430, Vakil Wadi",https://lh5.googleusercontent.com/p/AF1QipM8lsQCShD23KuzTi3xwcdpYpP1rzXRDO9lBzbA=w122-h92-k-no,,4.1,329,108,ashok stambh
791,https://www.google.co.in/maps/place/HOTEL+SURUCHI/data=!4m7!3m6!1s0x3bddeb8d3b76a6c7:0x305b2fc7c9286f70!8m2!3d20.0010177!4d73.7834253!16s%2Fg%2F11q2qlml7r!19sChIJx6Z2O43r3TsRcG8oyccvWzA?authuser=0&hl=en&rclk=1,HOTEL SURUCHI,100,South Indian,20.0010177,73.7834253,"2Q2M+C93, Chatrapati Shivaji Maharaj Rd",https://lh5.googleusercontent.com/p/AF1QipO2hJTQQNmxkNQfOgtQ0gHHiqq72Rp1UHpO-2Jb=w122-h92-k-no,,4,363,116,shalimar
792,https://www.google.co.in/maps/place/Hotel+Priya/data=!4m7!3m6!1s0x3bddeba7e28ab1e7:0x56bd94dcd3aea86e!8m2!3d20.0013999!4d73.7829657!16s%2Fg%2F1vhlwn03!19sChIJ57GK4qfr3TsRbqiu09yUvVY?authuser=0&hl=en&rclk=1,Hotel Priya,100,Vegetarian,20.0013999,73.7829657,"2Q2M+H54, Opposite Old C.B.S.",https://lh5.googleusercontent.com/p/AF1QipObSWgNDo9HrgR2ZnmImDBHogXAFLfS6VXjbxI=w80-h142-k-no,,4,682,151,shalimar
793,https://www.google.co.in/maps/place/Sitara+Gokul+Restaurant+And+Bar/data=!4m7!3m6!1s0x3bddeba80586dbc5:0xfbada83339a66fe0!8m2!3d20.0013382!4d73.783611!16s%2Fg%2F11b741lnkw!19sChIJxduGBajr3TsR4G-mOTOorfs?authuser=0&hl=en&rclk=1,Sitara Gokul Restaurant And Bar,100,Vegetarian,20.0013382,73.783611,"2Q2M+GCQ, Shivaji Road, CBS Rd",https://lh3.googleusercontent.com/gps-proxy/ALd4DhEgP5K--3b9j0vp-dG7S6nhLBzfPuSJDn0biVUxhI6rvWMxbYHGruSAczXqnwlUxipOuMFkPRKZN60Ym9K_pMskMABgIyJ0w5fDrfUl_WZ7l39Zh8foReMfl8HixtaC3r9gHD6wOgGmrFdVbs3aHUUE8A3J_sP5idus59pApS_1vjEIZPYay1JOpRO0aXGxE_UNgw=w80-h106-k-no,,4,80,134,cbs
794,https://www.google.co.in/maps/place/SAYANTARA/data=!4m7!3m6!1s0x3bddebaa0dd793c3:0x6385195a7c1a502d!8m2!3d20.0018027!4d73.790008!16s%2Fg%2F11b764phx_!19sChIJw5PXDarr3TsRLVAafFoZhWM?authuser=0&hl=en&rclk=1,SAYANTARA,100,Fast Food,20.0018027,73.790008,·,https://lh5.googleusercontent.com/p/AF1QipOoJ6zkI-lBgy-keGp0P4jEZH74_zqcZjyLC6LH=w163-h92-k-no,,4.3,5307,127,panchvati
795,https://www.google.co.in/maps/place/Hotel+Jannat/data=!4m7!3m6!1s0x3bddeb3e79a38f15:0xabd2b2cc160d5e7!8m2!3d19.9991699!4d73.7882599!16s%2Fg%2F11sr6ks01c!19sChIJFY-jeT7r3TsR59VgwSwrvQo?authuser=0&hl=en&rclk=1,Hotel Jannat,255,Restaurant,19.9991699,73.7882599,·,https://lh5.googleusercontent.com/p/AF1QipPPlqDYhkvtfbfGyCOYi5FdM0P4f4x1cwy2omn0=w122-h92-k-no,,4.1,118,136,shalimar
796,https://www.google.co.in/maps/place/Rajendra+Maratha+Khanaval/data=!4m7!3m6!1s0x3bddeba7fc6a8e8d:0xa1a4d55afac65f56!8m2!3d20.0010954!4d73.7828244!16s%2Fg%2F1z44qtt5c!19sChIJjY5q_Kfr3TsRVl_G-lrVpKE?authuser=0&hl=en&rclk=1,Rajendra Maratha Khanaval,255,Maharashtrian Restaurant,20.0010954,73.7828244,"Shop No 2, Old, near Meghdoot Shopping Center",https://lh5.googleusercontent.com/p/AF1QipNm5bVbhP-t7KZ8P7I36vJfXVKYlEr-C8cfwmoD=w137-h92-k-no,,3.8,666,161,shalimar
797,https://www.google.co.in/maps/place/Kulkarni%27s+Pav+Bhaji/data=!4m7!3m6!1s0x3bddeba904fd9593:0xdb479f611157173f!8m2!3d20.0044016!4d73.7866231!16s%2Fg%2F11bc7nb5cy!19sChIJk5X9BKnr3TsRPxdXEWGfR9s?authuser=0&hl=en&rclk=1,Kulkarni's Pav Bhaji,100,Fast Food,20.0044016,73.7866231,·,https://lh5.googleusercontent.com/p/AF1QipMv7N95uPoFiSvy_huP37890xaowAIMtxRAsmxh=w122-h92-k-no,,3.9,1223,120,panchvati
798,https://www.google.co.in/maps/place/Royal+foods+restaurant/data=!4m7!3m6!1s0x3bddeb3298ae2b65:0x9ed6551c42b3d2d1!8m2!3d20.0025196!4d73.7870099!16s%2Fg%2F11fl8_nnsm!19sChIJZSuumDLr3TsR0dKzQhxV1p4?authuser=0&hl=en&rclk=1,Royal foods restaurant,100,Fast Food,20.0025196,73.7870099,·,https://lh5.googleusercontent.com/p/AF1QipOKxMr1qs7g_Q9ZQjZfZq11ySB-JHkM_1Aetp0k=w163-h92-k-no,,4.2,10,106,shalimar
799,https://www.google.co.in/maps/place/Vimal+Restaurant/data=!4m7!3m6!1s0x3bddeb00326fc4d3:0x2c28813404f323ab!8m2!3d19.9997049!4d73.7838891!16s%2Fg%2F11y45k2832!19sChIJ08RvMgDr3TsRqyPzBDSBKCw?authuser=0&hl=en&rclk=1,Vimal Restaurant,255,Indian,19.9997049,73.7838891,"7 CBC, Chatrapati Shivaji Maharaj Rd",https://lh5.googleusercontent.com/p/AF1QipMOAGdF0eqqPZWlV8paGf60-RC2kAXNcA7W4Lk=w80-h142-k-no,,4.5,2,125,shalimar
800,https://www.google.co.in/maps/place/Swami+Fast+Food+%26+Restaurant/data=!4m7!3m6!1s0x3bddebf7f7278359:0x23132341b166fbbf!8m2!3d20.0057225!4d73.7760725!16s%2Fg%2F11sh739xs9!19sChIJWYMn9_fr3TsRv_tmsUEjEyM?authuser=0&hl=en&rclk=1,Swami Fast Food & Restaurant,100,Fast Food,20.0057225,73.7760725,2Q4G+7CP,https://lh5.googleusercontent.com/p/AF1QipNkpqD3LPP8p5zogFB8vdBcvenUVIikDDM7W2wC=w163-h92-k-no,,3.8,38,147,college road
801,https://www.google.co.in/maps/place/Banjo%27s+The+Food+Chain+-+KTHM+College+%7C+Best+fast+food+in+nashik+%7C+Pizza+%7C+Burger+%7C+Sandwich+%7C+Momos+%7CCold+Coffee/data=!4m7!3m6!1s0x3bddeb7b8c5abed1:0x4f91f388d2eb9032!8m2!3d20.004379!4d73.7776885!16s%2Fg%2F11j99k3jf9!19sChIJ0b5ajHvr3TsRMpDr0ojzkU8?authuser=0&hl=en&rclk=1,Banjo's The Food Chain - KTHM College | Best fast food in nashik | Pizza | Burger | Sandwich | Momos |Cold Coffee,100,Cafe,20.004379,73.7776885,Pandit Colony Rd,https://lh5.googleusercontent.com/p/AF1QipOE5Ya68CbB_x6W9Ovls-hTtbf7boDjv9Vo3yra=w137-h92-k-no,,4.2,53,172,college road
803,https://www.google.co.in/maps/place/Padma+Restaurant/data=!4m7!3m6!1s0x3bddeba0a894bc4b:0xf179ec44ff0409b6!8m2!3d20.0005341!4d73.7815055!16s%2Fg%2F1tfcrpd9!19sChIJS7yUqKDr3TsRtgkE_0TsefE?authuser=0&hl=en&rclk=1,Padma Restaurant,255,Restaurant,20.0005341,73.7815055,"2Q2J+6J6, Sharanpur Road, opposite New CBS (नवीन बस स्थानक)",https://lh5.googleusercontent.com/p/AF1QipOoOMONMVLC1ZrsPPsPzTlzmM5Zu0tXyq3yFet3=w80-h106-k-no,,3.8,12,66,sharanpur road
804,https://www.google.co.in/maps/place/Anna+Idli/data=!4m7!3m6!1s0x3bddeb5cc52fa86b:0x29ac4064bce24747!8m2!3d20.004665!4d73.7685275!16s%2Fg%2F11kqg6d3gf!19sChIJa6gvxVzr3TsRR0fivGRArCk?authuser=0&hl=en&rclk=1,Anna Idli,300,South Indian,20.004665,73.7685275,·,https://lh5.googleusercontent.com/p/AF1QipNDKEbyJVEC7Qx8RIGemsV6HkkOOPs73zusLDXm=w126-h92-k-no,,4.3,1130,107,college road
805,https://www.google.co.in/maps/place/Rudra+Restaurant+%26+Cafe/data=!4m7!3m6!1s0x3bddebf4f98a601d:0x7ac53fc2af3c8157!8m2!3d20.0061768!4d73.7836807!16s%2Fg%2F11jzw4lmyl!19sChIJHWCK-fTr3TsRV4E8r8I_xXo?authuser=0&hl=en&rclk=1,Rudra Restaurant & Cafe,255,Restaurant,20.0061768,73.7836807,·,https://lh5.googleusercontent.com/p/AF1QipMcEDZjgtyjcm6U-By08X6iSoeLOetgn32CkLws=w122-h92-k-no,,4.3,9,170,ashok stambh
806,https://www.google.co.in/maps/place/Zamzam+Restaurant/data=!4m7!3m6!1s0x3bddeb0120fbf627:0x38684675f1d97a81!8m2!3d19.998203!4d73.7902313!16s%2Fg%2F11b75gv0hy!19sChIJJ_b7IAHr3TsRgXrZ8XVGaDg?authuser=0&hl=en&rclk=1,Zamzam Restaurant,255,Non Vegetarian Restaurant,19.998203,73.7902313,"XQXR+73Q, Doodh Bazar Rd",https://lh3.googleusercontent.com/gps-proxy/ALd4DhGa93Y_2kbUcGmnZ0ggRJvFWH9rngOpVl-W_24pNootSCXGVTPmIdQnFDzxYmJQzyO6RolwVu1PoSf684qtwawIt8rrBZS1LsiqUTx-OP9eUT8c2OU2eNagVoz_cmPSWZB3GOLScX89xYhkUNxUhPW4o3C1Wzem9m3yMM1dLwd1oLztqk0CqcV7UdLGvyHS3sk9BJ8=w163-h92-k-no,,4.3,4,96,panchvati
807,https://www.google.co.in/maps/place/Hotel+Vishwa+Point/data=!4m7!3m6!1s0x3bddeba8bd567bff:0xb1a7527ada075758!8m2!3d20.0050058!4d73.7838153!16s%2Fg%2F11b70bmn4m!19sChIJ_3tWvajr3TsRWFcH2npSp7E?authuser=0&hl=en&rclk=1,Hotel Vishwa Point,100,Breakfast,20.0050058,73.7838153,Radha Niwas,https://lh5.googleusercontent.com/p/AF1QipNL1XUKK6euYG0WbmzRnCIf-Y5_6AHsOviK51Tf=w122-h92-k-no,,4.2,36,147,panchvati
808,https://www.google.co.in/maps/place/Faasos+Sharanpur+Road/data=!4m7!3m6!1s0x3bddeb421116ae6b:0x5f7744606ed4c1d8!8m2!3d20.0014827!4d73.7760562!16s%2Fg%2F11j4m61ck4!19sChIJa64WEULr3TsR2MHUbmBEd18?authuser=0&hl=en&rclk=1,Faasos Sharanpur Road,300,Restaurant,20.0014827,73.7760562,"F 19, Utility Centre, Opp. Rajiv Gandhi Bhavan, Sharanpur Road, near ICICI Bank",https://lh5.googleusercontent.com/p/AF1QipOYW2hI2ouZAY4WcDibKih9zhBvCdTcysVoSZYW=w138-h92-k-no,,3.6,95,111,sharanpur road
809,https://www.google.co.in/maps/place/Hotel+Jay+Durga+Restaurant+-Best+non+veg+restaurant+in+Nashik+%7C+Oldest+Restaurant+in+Nashik+%7C+Top+restaurant+in+Nashik/data=!4m7!3m6!1s0x3bddeb9f70945315:0xed0c632266885b03!8m2!3d20.0027443!4d73.7704337!16s%2Fg%2F11ckqhtdwz!19sChIJFVOUcJ_r3TsRA1uIZiJjDO0?authuser=0&hl=en&rclk=1,Hotel Jay Durga Restaurant -Best non veg restaurant in Nashik | Oldest Restaurant in Nashik | Top restaurant in Nashik,100,Non Vegetarian Restaurant,20.0027443,73.7704337,"shop no 16, Canada Corner, Viraj Corner, Sharanpur Road",https://lh5.googleusercontent.com/p/AF1QipNvRTJX4ANduUgFw7tC1wPejLYAjZ5F_1Xi5sse=w137-h92-k-no,,4.3,621,118,canada corner
810,https://www.google.co.in/maps/place/Oven+Story/data=!4m7!3m6!1s0x3bddebadda743f0d:0xcdaecd5c4558b84f!8m2!3d20.0015194!4d73.7761032!16s%2Fg%2F11j9ddwkxg!19sChIJDT902q3r3TsRT7hYRVzNrs0?authuser=0&hl=en&rclk=1,Oven Story,300,Pizza,20.0015194,73.7761032,"F -19 Utility Centre Opp. Rajiv Gandhi Bhavan Tilakwadi, Sharanpur Road, near ICICI Bank",https://lh5.googleusercontent.com/p/AF1QipOGZ1htYjIxYJoxaT4nOpkOCBPY74a_ni2jCfUF=w92-h92-k-no,,3.2,83,108,college road
811,https://www.google.co.in/maps/place/Shree+Ambika+Restaurant-Misal+Pav/data=!4m7!3m6!1s0x3bddeb70664b1845:0x1f303842a785de6a!8m2!3d20.0092186!4d73.7949075!16s%2Fg%2F11j23j2vff!19sChIJRRhLZnDr3TsRat6Fp0I4MB8?authuser=0&hl=en&rclk=1,Shree Ambika Restaurant-Misal Pav,100,Restaurant,20.0092186,73.7949075,"Shop-5, Dalwala Arcade",https://lh5.googleusercontent.com/p/AF1QipO5_blu4KGsx20-LtEf_Q9CinDjOZSF83bJrf9z=w122-h92-k-no,,4.2,1051,128,panchvati
812,https://www.google.co.in/maps/place/Delhi+Tadka/data=!4m7!3m6!1s0x3bddebdde5513fd1:0xfdba10b8f25e6924!8m2!3d20.0014349!4d73.7874359!16s%2Fg%2F11j7dfpjl3!19sChIJ0T9R5d3r3TsRJGle8rgQuv0?authuser=0&hl=en&rclk=1,Delhi Tadka,100,Vegetarian,20.0014349,73.7874359,"1, 2, Shalimar Rd",https://lh5.googleusercontent.com/p/AF1QipM9rk948uMEcM4uBFzmbB2y4aavSpkdXCuNWyQm=w163-h92-k-no,,2.7,18,67,shalimar
813,https://www.google.co.in/maps/place/Indie+Kitch/data=!4m7!3m6!1s0x3bddeb10085cb59b:0x29cb99323a85c99b!8m2!3d20.0008225!4d73.7697113!16s%2Fg%2F11t6n7r_cq!19sChIJm7VcCBDr3TsRm8mFOjKZyyk?authuser=0&hl=en&rclk=1,Indie Kitch,255,South Indian,20.0008225,73.7697113,"Shop No. 4&5, Margaret Tower, near Business Square, near Panasonic Showroom",https://lh5.googleusercontent.com/p/AF1QipNARAF0PYMxse34IUD-80B5on_tOhto5WfYXUMC=w80-h106-k-no,,4.7,15,122,canada corner
814,https://www.google.co.in/maps/place/Chirag+biryani+%28R.k%29/data=!4m7!3m6!1s0x3bddeb41210e3c43:0xaf15cca7b3f4d824!8m2!3d20.0069372!4d73.7890368!16s%2Fg%2F11q8wjk596!19sChIJQzwOIUHr3TsRJNj0s6fMFa8?authuser=0&hl=en&rclk=1,Chirag biryani (R.k),100,Biryani,20.0069372,73.7890368,2Q4Q+QJF,https://lh5.googleusercontent.com/p/AF1QipO3u6ps1xjnnZaPPVii_q3PjjYJcjoMIbp9GDgH=w122-h92-k-no,,4,496,157,panchvati
815,https://www.google.co.in/maps/place/Behrouz+Biryani+Sharanpur+Road/data=!4m7!3m6!1s0x3bddeb054eefb387:0x481a02c905767c20!8m2!3d20.0015496!4d73.7761895!16s%2Fg%2F11rg9yr_wt!19sChIJh7PvTgXr3TsRIHx2BckCGkg?authuser=0&hl=en&rclk=1,Behrouz Biryani Sharanpur Road,300,Restaurant,20.0015496,73.7761895,"Shop F-19, Utility center, opposite Rajiv Gandhi Bhavan Road, near ICICI Bank",https://lh5.googleusercontent.com/p/AF1QipPYdmuCZXvxPnUnlC2zjj3fkwEKAD8PYmGcTlg0=w164-h92-k-no,,3.3,43,149,college road
816,https://www.google.co.in/maps/place/Hotel+Panchavati+Yatri/data=!4m10!3m9!1s0x3bdd9557f1d75fbb:0x6f01bdeaf0aaf934!5m2!4m1!1i2!8m2!3d20.0056771!4d73.7855302!16s%2Fg%2F11b70kqz6j!19sChIJu1_X8VeV3TsRNPmq8Oq9AW8?authuser=0&hl=en&rclk=1,Hotel Panchavati Yatri,255,2-star hotel,20.0056771,73.7855302,,https://lh5.googleusercontent.com/p/AF1QipM_AyjtMaLeUxse5tUDrdsH4FdCRpplJyOF1-bA=w137-h92-k-no,,4,10185,155,panchvati
817,https://www.google.co.in/maps/place/Hotel+SM+Imperial/data=!4m10!3m9!1s0x3bddeb03c282422b:0x665db0a29b468ec1!5m2!4m1!1i2!8m2!3d19.9946327!4d73.7904649!16s%2Fg%2F11cjj8dl75!19sChIJK0KCwgPr3TsRwY5Gm6KwXWY?authuser=0&hl=en&rclk=1,Hotel SM Imperial,255,Restaurant,19.9946327,73.7904649,,https://lh5.googleusercontent.com/p/AF1QipPZPfRiPYX595uOZWpQoQoNiiD3kMvrGvu97hOz=w80-h92-k-no,,4.1,5123,102,dwarka
818,https://www.google.co.in/maps/place/Bappa%27s+Pavbhaji/data=!4m7!3m6!1s0x3bddeba90e53b86f:0x703a67e575cfb349!8m2!3d20.0047392!4d73.7870771!16s%2Fg%2F125_wgtcz!19sChIJb7hTDqnr3TsRSbPPdeVnOnA?authuser=0&hl=en&rclk=1,Bappa's Pavbhaji,100,Fast Food,20.0047392,73.7870771,·,https://lh5.googleusercontent.com/p/AF1QipMGeWNNS3vdfDIqkEL1E-Tilo8nGkaD3bHyQJgX=w122-h92-k-no,,4.1,1203,147,panchvati
819,https://www.google.co.in/maps/place/Hotel+Rajmahal/data=!4m10!3m9!1s0x3bddeba7f671e88d:0x53655b0a8dad63d0!5m2!4m1!1i2!8m2!3d20.0005203!4d73.782017!16s%2Fg%2F1vgw72r0!19sChIJjehx9qfr3TsR0GOtjQpbZVM?authuser=0&hl=en&rclk=1,Hotel Rajmahal,255,2-star hotel,20.0005203,73.782017,,https://lh3.googleusercontent.com/gps-proxy/ALd4DhFjK2buhLF7k4eDiPGWp4pAGcIFI5xg0iPLt3KYD_upXyY5uaeb3tzDl287jyyAxUI_epfnRhG0PF5Qr5wp-KYqTanAJMW5w0gF5YgbG7eK8XKOHtYL_b2w6466uUF0pfS4ACU-dthfuf7xTTKbK_j5VibafIuia3Ku-Ayk-m6dQeEJYBINtTCT=w122-h92-k-no,,3.8,556,94,sharanpur road
820,https://www.google.co.in/maps/place/Manas+restaurant/data=!4m7!3m6!1s0x3bddeb013af2e74b:0xe655777d66bc2777!8m2!3d20.0101626!4d73564!16s%2Fg%2F1tf6q7jp!19sChIJS-fyOgHr3TsRdye8Zn13VeY?authuser=0&hl=en&rclk=1,Manas restaurant,100,Vegetarian,20.0101626,73.7953564,·,https://lh5.googleusercontent.com/p/AF1QipN1aIJa9uqCeiI-_wfRlHxZ3_f3gIDgbZ_EYERb=w138-h92-k-no,,3.6,578,59,panchvati
821,https://www.google.co.in/maps/place/Shital+Restaurant/data=!4m7!3m6!1s0x3bddebed294edff1:0xd67d7a3a4d855d32!8m2!3d20.0015234!4d73.78372!16s%2Fg%2F11l6qbffnv!19sChIJ8d9OKe3r3TsRMl2FTTp6fdY?authuser=0&hl=en&rclk=1,Shital Restaurant,255,Fast Food,20.0015234,73.78372,"Shop No 11, Near, Old",https://streetviewpixels-pa.googleapis.com/v1/thumbnail?panoid=nWwB4cu0oOfORui3S-GNaA&cb_client=search.gws-prod.gps&w=80&h=92&yaw=9.593174&pitch=0&thumbfov=100,,4.1,524,125,shalimar
822,https://www.google.co.in/maps/place/Bhagwati+Chaat+Bhandar/data=!4m7!3m6!1s0x3bddeba0f17e5ca9:0xb3403d9791cae1b1!8m2!3d20.0016896!4d73.7747623!16s%2Fg%2F1262g4_45!19sChIJqVx-8aDr3TsRseHKkZc9QLM?authuser=0&hl=en&rclk=1,Bhagwati Chaat Bhandar,100,Fast Food,20.0016896,73.7747623,"Shop No. 3, Saptshree Complex, Sharanpur Road, below Patang hotel",https://lh5.googleusercontent.com/p/AF1QipP-gT6fvl1ZzukHQvTU3i_IZ58OZUVoksBPI4_m=w80-h106-k-no,,3.9,781,121,sharanpur road
823,https://www.google.co.in/maps/place/Karmveer+Amruttulya+Cafe+Pandit+Colony+Nashik/data=!4m7!3m6!1s0x3bddeba15cd0d977:0x659bb44d7cb95c37!8m2!3d20.004964!4d73.775945!16s%2Fg%2F11f4qkqzt6!19sChIJd9nQXKHr3TsRN1y5fE20m2U?authuser=0&hl=en&rclk=1,Karmveer Amruttulya Cafe Pandit Colony Nashik,100,Coffee shop,20.004964,73.775945,·,https://lh5.googleusercontent.com/p/AF1QipNUwTVziUhHG87tv3AIidMRrdc7KMgIG2ZNvPm3=w122-h92-k-no,,4.4,1066,146,college road
824,https://www.google.co.in/maps/place/LIAT+Restaurant/data=!4m7!3m6!1s0x3bddeb003d9630e3:0x330bbf497b2cbe7a!8m2!3d20.0059212!4d73.7663412!16s%2Fg%2F11vwkp68gw!19sChIJ4zCWPQDr3TsRer4se0m_CzM?authuser=0&hl=en&rclk=1,LIAT Restaurant,300,Family-friendly,20.0059212,73.7663412,"Shop no. 1&2, Gangalila Apartment, Lane no 5, Opposite Maharashtra bhandar , Behind McDonalds, College Road, Dist",https://lh5.googleusercontent.com/p/AF1QipPuuO1SeyABsVu9GSwE5falIHEdFnqrRgkzX-1n=w163-h92-k-no,,4,12,80,college road
825,https://www.google.co.in/maps/place/SACHIN+FOODS+AND+BHELBHATTA/data=!4m7!3m6!1s0x3bddeb4b75421d39:0x61e1e5adb6b4e4ab!8m2!3d20.0054441!4d73.787749!16s%2Fg%2F11s8mbsjzx!19sChIJOR1CdUvr3TsRq-S0tq3l4WE?authuser=0&hl=en&rclk=1,SACHIN FOODS AND BHELBHATTA,255,Food manufacturer,20.0054441,73.787749,"Meman Shopping centre Opp Bus Stop ,Tilak Path, 1, near Nandini Agarbatti",https://lh5.googleusercontent.com/p/AF1QipNoZ5MafmqfTfcli5bpg0FutYCbbXVciDYo4h9v=w189-h92-k-no,,5,2,156,shalimar
826,https://www.google.co.in/maps/place/Firangi+Bake_Sharanpur+Road/data=!4m7!3m6!1s0x3bddeb012cb5704f:0x674f166698a0fa6f!8m2!3d20.0014953!4d73.7760267!16s%2Fg%2F11rfrn1fq7!19sChIJT3C1LAHr3TsRb_qgmGYWT2c?authuser=0&hl=en&rclk=1,Firangi Bake_Sharanpur Road,255,Meal delivery,20.0014953,73.7760267,"F -19 Utility Centre Opp. Rajiv Gandhi Bhavan Tilakwadi, Sharanpur Road, near ICICI Bank",https://lh5.googleusercontent.com/p/AF1QipPOgiqpkKZPrrITHkmVZoeM3HYzpz19RmC11Dm_=w122-h92-k-no,,3.3,3,153,college road
827,https://www.google.co.in/maps/place/Hotel+Famous/data=!4m7!3m6!1s0x3bddeba8b3f2cfa1:0xe080422c4af4026b!8m2!3d19.9945656!4d73.7973389!16s%2Fg%2F11fg4p327n!19sChIJoc_ys6jr3TsRawL0SixCgOA?authuser=0&hl=en&rclk=1,Hotel Famous,255,Fast Food,19.9945656,73.7973389,"dwarka Cir, near Ujjwal Force",https://lh5.googleusercontent.com/p/AF1QipNXjrixxPzJB6ab2WrGLic7tbAfgsTokKpmf_y4=w122-h92-k-no,,4,7,160,dwarka
828,https://www.google.co.in/maps/place/Durga+Chinese+Restaurant/data=!4m7!3m6!1s0x3bddeb1898b03499:0xe06983d482cf254c!8m2!3d20.0128625!4d73.7931947!16s%2Fg%2F11w3j2t729!19sChIJmTSwmBjr3TsRTCXPgtSDaeA?authuser=0&hl=en&rclk=1,Durga Chinese Restaurant,100,Fast Food,20.0128625,73.7931947,near Bhakti Dham,https://lh5.googleusercontent.com/p/AF1QipP8hvfq4gCxO44lnyEcweBOnsMt7EGqhtyEWeuG=w80-h173-k-no,,4.8,20,145,panchvati
829,https://www.google.co.in/maps/place/Hotel+Vaishali/data=!4m7!3m6!1s0x3bddeba8a6aaaaab:0xe5f0b8d50e765285!8m2!3d20.0046489!4d73.7832237!16s%2Fg%2F1vqtf7s0!19sChIJq6qqpqjr3TsRhVJ2DtW48OU?authuser=0&hl=en&rclk=1,Hotel Vaishali,255,2-star hotel,20.0046489,73.7832237,"Landmark Maher signal, 480-k",,,3.7,793,141,panchvati
830,https://www.google.co.in/maps/place/Ramji%27s+Residency+The+Business+Hotel/data=!4m7!3m6!1s0x3bddeba8a84ad37b:0xd0c616ecfb8ef068!8m2!3d20.0057438!4d73.7831812!16s%2Fg%2F11f4wt_4cv!19sChIJe9NKqKjr3TsRaPCO--wWxtA?authuser=0&hl=en&rclk=1,Ramji's Residency The Business Hotel,255,3-star hotel,20.0057438,73.7831812,,https://lh3.googleusercontent.com/gps-proxy/ALd4DhFbcbFIuC8kENDV4_mhExevIcldpDV2XupGssbGc4bgGIHDbLkkOpUgBWL47QnwI8HHXCo9DaF-KY30FTRsHH_lfMO3t56ez0kXzcCrcPc-sMwpssPyIXVPzy9Rd5LU39_phCMrph9q1ZO4PhP4fidYUg3Moh7isG21wY4NDCjjUglHwwc-LeMDFw=w138-h92-k-no,,4,1319,162,panchvati
831,https://www.google.co.in/maps/place/Hotel+Padmalaxmi/data=!4m7!3m6!1s0x3bddeb08544f57af:0x3833e87257a115da!8m2!3d19.9977607!4d73.7800488!16s%2Fg%2F11b73m1b58!19sChIJr1dPVAjr3TsR2hWhV3LoMzg?authuser=0&hl=en&rclk=1,Hotel Padmalaxmi,255,2-star hotel,19.9977607,73.7800488,"Thakkar's Bazzar, New CBS, Trambakeshwar Rd",https://lh5.googleusercontent.com/p/AF1QipPzl_ptj_a1YqFlmnCt-DR4zog3ZRAIzuX-1Age=w122-h92-k-no,,3.8,180,149,cbs
832,https://www.google.co.in/maps/place/KFC/data=!4m7!3m6!1s0x3bddeb9bb6bf694b:0x36392e7bbf781719!8m2!3d20.0072082!4d73.7637993!16s%2Fg%2F1tp8yg0v!19sChIJS2m_tpvr3TsRGRd4v3suOTY?authuser=0&hl=en&rclk=1,KFC,255,Restaurant,20.0072082,73.7637993,"SN 1, GF, Metro 99, Commercial Complex PN 456, Gangapur Link Road, College Road",https://lh5.googleusercontent.com/p/AF1QipO3-rtXRXa4ICz0ZDdhzZEgWMvFdAIxv9v-GyR3=w122-h92-k-no,,4,1665,156,college road
833,https://www.google.co.in/maps/place/Hotel+New+Punjab+Lodging%26Boarding/data=!4m7!3m6!1s0x3bddeb013af2e74b:0x98922330de478a69!8m2!3d20.009452!4d73.792729!16s%2Fg%2F1hm1_nhm4!19sChIJS-fyOgHr3TsRaYpH3jAjkpg?authuser=0&hl=en&rclk=1,Hotel New Punjab Lodging&Boarding,255,3-star hotel,20.009452,73.792729,"Siddhi Tower, opposite Palijja Petrol Pump",https://lh3.googleusercontent.com/gps-proxy/ALd4DhEGOOUCOnB3A2mxhcdLRVcGfor_FPnKvO4plH22ySPp4d4uswl87t3mtgo6mQbr_Iz_0BHJNC7tvtZ6WqFqQTDCSMQct9c4r5DY-HEbDEW2QgulNdZUGojN7VR_cyzobrWZNeHMbrRnQesl5W_3iCFIc1Ies-Y3erKfx5Q8ESl_c0PzrY0Uqcr7Sg=w138-h92-k-no,,3.4,148,142,panchvati
834,https://www.google.co.in/maps/place/Al+Arabian+Express+%28+College+Road%29/data=!4m7!3m6!1s0x3bddeb9c1978c757:0xf5a954d2741c2149!8m2!3d20.0034762!4d73.7649411!16s%2Fg%2F11bwptmkt1!19sChIJV8d4GZzr3TsRSSEcdNJUqfU?authuser=0&hl=en&rclk=1,Al Arabian Express ( College Road),400,Non Vegetarian Restaurant,20.0034762,73.7649411,Pumping Station Rd,Open,,4.4,5586,141,college road
835,https://www.google.co.in/maps/place/Curry+Leaves+Bhavan/data=!4m7!3m6!1s0x3bddeb99d3535d17:0x866aa046ecf8fe66!8m2!3d20.0039222!4d73.75823!16s%2Fg%2F11mwzf4rmv!19sChIJF11T05nr3TsRZv747EagaoY?authuser=0&hl=en&rclk=1,Curry Leaves Bhavan,300,South Indian,20.0039222,73.75823,"Curry Leaves Bhavan, Near Cycle Circle, College Road",Open,,4.1,938,140,college road
836,https://www.google.co.in/maps/place/Ayyanar+Dosa+Point/data=!4m7!3m6!1s0x3bddeb76f1520525:0x8b31b0b9f0a12e79!8m2!3d19.9954223!4d73.7636022!16s%2Fg%2F11c6v6_vb_!19sChIJJQVS8Xbr3TsReS6h8LmwMYs?authuser=0&hl=en&rclk=1,Ayyanar Dosa Point,100,South Indian,19.9954223,73.7636022,XQW7+5C9,Open,,4.2,1709,156,mahatma nagar
837,https://www.google.co.in/maps/place/Hakka+Tikka/data=!4m7!3m6!1s0x3bddeb64101e621f:0x28fa668bd4f4d84d!8m2!3d20.0071078!4d73.7659154!16s%2Fg%2F11lgrnjc87!19sChIJH2IeEGTr3TsRTdj01Itm-ig?authuser=0&hl=en&rclk=1,Hakka Tikka,300,North Indian,20.0071078,73.7659154,"Shop No. 1 & 2, Regent Plaza, Patil Lane, 3, College Road, opposite Nirman Group Real Estate Developers",Open,,4.2,269,142,college road
838,https://www.google.co.in/maps/place/Jasper%27s+Soulfood+Project/data=!4m7!3m6!1s0x3bddebc2033940fd:0x69a258c96ba8d7ba!8m2!3d20.0071261!4d73.7618669!16s%2Fg%2F11qpx42qsx!19sChIJ_UA5A8Lr3TsRuteoa8lYomk?authuser=0&hl=en&rclk=1,Jasper's Soulfood Project,500,Hamburger,20.0071261,73.7618669,·,Open,,4.5,123,157,college road
839,https://www.google.co.in/maps/place/Tushar+FoodHub/data=!4m7!3m6!1s0x3bddebdbe7f304a9:0xae22c9bd5d7a947!8m2!3d20.0050812!4d73.7682187!16s%2Fg%2F11f64gkht_!19sChIJqQTz59vr3TsRR6nX1Zss4go?authuser=0&hl=en&rclk=1,Tushar FoodHub,100,Fast Food,20.0050812,73.7682187,"1, 3, College Road",Open,,3.9,3095,145,college road
840,https://www.google.co.in/maps/place/The+Woodfired+Eatery/data=!4m7!3m6!1s0x3bddebac32ac7edf:0x66270005e9bb3b7b!8m2!3d20.0046953!4d73.7582742!16s%2Fg%2F11hd_h7_f4!19sChIJ336sMqzr3TsRezu76QUAJ2Y?authuser=0&hl=en&rclk=1,The Woodfired Eatery,700,Pizza,20.0046953,73.7582742,"Shop no. 4 Gargi Pradhan park, krishi nagar lane, College Road",Open,,4.3,244,148,college road
841,https://www.google.co.in/maps/place/Chote+Miya+Restaurant+College+Road/data=!4m7!3m6!1s0x3bddeb006df9ee71:0x948301a17cbaef92!8m2!3d20.0033998!4d73.7649613!16s%2Fg%2F11vr1mz6z9!19sChIJce75bQDr3TsRku-6fKEBg5Q?authuser=0&hl=en&rclk=1,Chote Miya Restaurant College Road,255,Family-friendly,20.0033998,73.7649613,"2Q37+9X4, Keshavrao More Marg",Open now,,4.5,44,171,college road
842,https://www.google.co.in/maps/place/Pick+And+Eat/data=!4m7!3m6!1s0x3bddeb851021038d:0xa0ff95f05edc9ac7!8m2!3d20.0076876!4d73.7572034!16s%2Fg%2F11fx_3h22y!19sChIJjQMhEIXr3TsRx5rcXvCV_6A?authuser=0&hl=en&rclk=1,Pick And Eat,100,Maharashtrian Restaurant,20.0076876,73.7572034,"2Q54+3VG, College Road",Open,,4,43,121,college road
843,https://www.google.co.in/maps/place/Veggie+grill/data=!4m7!3m6!1s0x3bddeb6a28aa3fd3:0x194c9bae00b06cea!8m2!3d20.006211!4d73.7625081!16s%2Fg%2F11r0j1j8gb!19sChIJ0z-qKGrr3TsR6mywAK6bTBk?authuser=0&hl=en&rclk=1,Veggie grill,100,Vegetarian,20.006211,73.7625081,College Road,Open,,4.2,194,145,college road
844,"https://www.google.co.in/maps/place/Farmaish+Restaurant,+Open+Deck+Bar+Boutique/data=!4m7!3m6!1s0x3bddeb8513f5effb:0x7f4cac3ea970bcc8!8m2!3d20.0080367!4d73.7576457!16s%2Fg%2F1263nsyx6!19sChIJ--_1E4Xr3TsRyLxwqT6sTH8?authuser=0&hl=en&rclk=1","Farmaish Restaurant, Open Deck Bar Boutique",255,Restaurant,20.0080367,73.7576457,Old D'souza Colony Rd,Open,,3.8,181,156,college road
845,https://www.google.co.in/maps/place/Garam+Masala/data=!4m7!3m6!1s0x3bddeb41fd4c7a83:0x64a344eda70b363!8m2!3d20.0033206!4d73.7649091!16s%2Fg%2F11txy3sfk8!19sChIJg3pM_UHr3TsRY7Nw2k40SgY?authuser=0&hl=en&rclk=1,Garam Masala,255,Restaurant,20.0033206,73.7649091,"Keshavrao More Marg, near Boys Town School",Open,,4.8,16,150,college road
846,https://www.google.co.in/maps/place/Banjo%27s+The+Food+Chain+-+College+Road+%7C+Best+fast+food+in+nashik+%7C+Pizza+%7C+Burger+%7C+Sandwich+%7C+Momos+%7CCold+Coffee/data=!4m7!3m6!1s0x3bddeb850e7fbda1:0x8d83140ba0f07594!8m2!3d20.0077075!4d73.7571231!16s%2Fg%2F11c75_q4zp!19sChIJob1_DoXr3TsRlHXwoAsUg40?authuser=0&hl=en&rclk=1,Banjo's The Food Chain - College Road | Best fast food in nashik | Pizza | Burger | Sandwich | Momos |Cold Coffee,100,Fast Food,20.0077075,73.7571231,College Road,Open,,4,602,102,college road
847,https://www.google.co.in/maps/place/Nashik+Coffee+House/data=!4m7!3m6!1s0x3bddeb76ef425179:0x27ddd2cc7783622!8m2!3d19.994839!4d73.76329!16s%2Fg%2F11b768wp03!19sChIJeVFC73br3TsRIjZ4xyzdfQI?authuser=0&hl=en&rclk=1,Nashik Coffee House,255,Vegetarian,19.994839,73.76329,·,Open,,3.9,127,149,panchvati
848,https://www.google.co.in/maps/place/Healthy+bites+soya+chaap/data=!4m7!3m6!1s0x3bddeb995f29686b:0x41096a4fc8029f6!8m2!3d20.0055728!4d73.7643123!16s%2Fg%2F11c606f8zq!19sChIJa2gpX5nr3TsR9imA_KSWEAQ?authuser=0&hl=en&rclk=1,Healthy bites soya chaap,100,Barbecue,20.0055728,73.7643123,"College Road, opp. Dairy Don ice cream",,,4.5,270,124,college road
849,https://www.google.co.in/maps/place/McDonald%27s/data=!4m7!3m6!1s0x3bddeb9945acd64f:0xcedd4f0d0a4aa6c4!8m2!3d20.0056677!4d73.7664161!16s%2Fg%2F1thsdcy3!19sChIJT9asRZnr3TsRxKZKCg1P3c4?authuser=0&hl=en&rclk=1,McDonald's,300,Fast Food,20.0056677,73.7664161,·,Open,,4.3,4875,148,college road
850,https://www.google.co.in/maps/place/Mi+Marathi/data=!4m7!3m6!1s0x3bddeb988f078b33:0x8900e720dc9b61ed!8m2!3d20.007569!4d73.770383!16s%2Fg%2F11b6_r7xdp!19sChIJM4sHj5jr3TsR7WGb3CDnAIk?authuser=0&hl=en&rclk=1,Mi Marathi,100,Maharashtrian Restaurant,20.007569,73.770383,·,Open,,3.8,195,110,gangapur road
851,https://www.google.co.in/maps/place/Cafe+Bollywood/data=!4m7!3m6!1s0x3bddeb994f1657bd:0xae5d9b21f0d9577!8m2!3d20.0052926!4d73.7663708!16s%2Fg%2F12626kg3g!19sChIJvVcWT5nr3TsRd5UNH7LZ5Qo?authuser=0&hl=en&rclk=1,Cafe Bollywood,300,Fast Food,20.0052926,73.7663708,·,Open,,3.6,158,74,college road
852,"https://www.google.co.in/maps/place/Lucky+Chinese+center,+nashik/data=!4m7!3m6!1s0x3bddeb759a0ce78b:0xfbcc70a44c93c5bb!8m2!3d19.9980523!4d73.7675347!16s%2Fg%2F11b7073bf1!19sChIJi-cMmnXr3TsRu8WTTKRwzPs?authuser=0&hl=en&rclk=1","Lucky Chinese center, nashik",200,Chinese,19.9980523,73.7675347,"Tibetian Market, Sharanpur Road",Open,,3.4,29,70,sharanpur road
853,https://www.google.co.in/maps/place/Brotein+Bistro+%28Best+Healthy+Food+Restaurant+In+Nashik%29/data=!4m7!3m6!1s0x3bddeb207349b67f:0x198e4953e544c7e2!8m2!3d20.0107314!4d73.7609585!16s%2Fg%2F11vrd3b20g!19sChIJf7ZJcyDr3TsR4sdE5VNJjhk?authuser=0&hl=en&rclk=1,Brotein Bistro (Best Healthy Food Restaurant In Nashik),300,Health Food,20.0107314,73.7609585,·,Open,,4.7,75,108,gangapur road
854,https://www.google.co.in/maps/place/Godwa+Thali/data=!4m7!3m6!1s0x3bddebe302ea7ae5:0xfb91bfe8d7b7c1a3!8m2!3d20.0087017!4d73.7686363!16s%2Fg%2F11n0xzs5nj!19sChIJ5XrqAuPr3TsRo8G31-i_kfs?authuser=0&hl=en&rclk=1,Godwa Thali,100,Vegetarian,20.0087017,73.7686363,"Gangapur Rd, near Mahindra Show Room",Open,,4.1,246,81,gangapur road
855,https://www.google.co.in/maps/place/MTB+Cafe/data=!4m7!3m6!1s0x3bddebee714a47b7:0xfa58f590d7440828!8m2!3d20.0037035!4d73.7663815!16s%2Fg%2F11ll7cwdv2!19sChIJt0dKce7r3TsRKAhE15D1WPo?authuser=0&hl=en&rclk=1,MTB Cafe,255,Fast Food,20.0037035,73.7663815,,Open,,4.3,9,77,canada corner
856,https://www.google.co.in/maps/place/SP+Food+Court/data=!4m7!3m6!1s0x3bddeb5d54591307:0x6afe30e10382e1ca!8m2!3d20.0050359!4d73.7576692!16s%2Fg%2F11p492jvkp!19sChIJBxNZVF3r3TsRyuGCA-Ew_mo?authuser=0&hl=en&rclk=1,SP Food Court,255,Restaurant,20.0050359,73.7576692,"2Q45+23Q, SP Food Court, Krishi Nagar, Near Cycle Circle, College Road",,,3.8,203,96,college road
857,https://www.google.co.in/maps/place/Veg+Aroma/data=!4m7!3m6!1s0x3bddec764bca5f9b:0xb1212fdff79c12ef!8m2!3d20.0120574!4d73.7461884!16s%2Fg%2F1pv19trsn!19sChIJm1_KS3bs3TsR7xKc998vIbE?authuser=0&hl=en&rclk=1,Veg Aroma,300,Vegetarian,20.0120574,73.7461884,·,Open,,4,6432,76,gangapur road
858,https://www.google.co.in/maps/place/THE+MOMOS+HUB+RESTAURANT/data=!4m7!3m6!1s0x3bddeb966d2ee85d:0x1989f851cb841f08!8m2!3d20.0045059!4d73.7632871!16s%2Fg%2F11y3tccfst!19sChIJXegubZbr3TsRCB-Ey1H4iRk?authuser=0&hl=en&rclk=1,THE MOMOS HUB RESTAURANT,255,Fast Food,20.0045059,73.7632871,"SHOP NO G-44 A, BE SIDE SALIM TEA STALL, S K OPEN MALL, College Road, near Shraddha Petrol Pump",Opens soon,,5,1,101,college road
859,https://www.google.co.in/maps/place/Vinaya+pure+veg+restaurant+%26+Cafe+Durga/data=!4m7!3m6!1s0x3bddeb0008948753:0x1f16c7624ddf4a0b!8m2!3d20.0094712!4d73.7656051!16s%2Fg%2F11wtgy_902!19sChIJU4eUCADr3TsRC0rfTWLHFh8?authuser=0&hl=en&rclk=1,Vinaya pure veg restaurant & Cafe Durga,255,Vegetarian,20.0094712,73.7656051,"Rushiraj Regency, Vidya Vikas Cir, near Axis & Ujjivan Bank",Open,,3.8,6,114,gangapur road
860,https://www.google.co.in/maps/place/The+Momos+Hub+food+truck/data=!4m7!3m6!1s0x3bddeb5fa8b2792f:0xab37fb550a4355de!8m2!3d20.004115!4d73.7628741!16s%2Fg%2F11b6rx10z5!19sChIJL3myqF_r3TsR3lVDClX7N6s?authuser=0&hl=en&rclk=1,The Momos Hub food truck,100,Momo restaurant,20.004115,73.7628741,·,Closed,,4.1,158,81,college road
861,https://www.google.co.in/maps/place/Lollipop+Family+Restaurant/data=!4m7!3m6!1s0x3bddeb4635721585:0x6d12b53f1d5d1487!8m2!3d19.9658508!4d73.768242!16s%2Fg%2F11b6qcw7x5!19sChIJhRVyNUbr3TsRhxRdHT-1Em0?authuser=0&hl=en&rclk=1,Lollipop Family Restaurant,255,Family-friendly,19.9658508,73.768242,"Praveen Manzil, near Bhagawati Gas Agency",Drive-through,,3.8,673,82,rane nagar
862,https://www.google.co.in/maps/place/Udupi+Tadka+The+Marion+Pure+Veg+Restaurant/data=!4m7!3m6!1s0x3bddeb4da81b7685:0xdb828581e5014902!8m2!3d19.9553118!4d73.7617702!16s%2Fg%2F11vr_9rdmf!19sChIJhXYbqE3r3TsRAkkB5YGFgts?authuser=0&hl=en&rclk=1,Udupi Tadka The Marion Pure Veg Restaurant,255,North Indian,19.9553118,73.7617702,,Drive-through,,4.6,438,79,pathardi phata
863,https://www.google.co.in/maps/place/Moti+Mahal/data=!4m7!3m6!1s0x3bddeb53a3806c57:0x5aaad983f15628cb!8m2!3d19.9549566!4d73.7557837!16s%2Fg%2F11d_w4xg2k!19sChIJV2yAo1Pr3TsRyyhW8YPZqlo?authuser=0&hl=en&rclk=1,Moti Mahal,255,North Indian,19.9549566,73.7557837,B-88,Takeaway,,3.9,282,92,ambad
864,https://www.google.co.in/maps/place/Noodle+Shoodle+Chinese+Family+Restaurant/data=!4m7!3m6!1s0x3bddebdb037462c5:0x850cb49786762c4b!8m2!3d19.9647986!4d73.7716846!16s%2Fg%2F11g_y_33s3!19sChIJxWJ0A9vr3TsRSyx2hpe0DIU?authuser=0&hl=en&rclk=1,Noodle Shoodle Chinese Family Restaurant,255,Chinese,19.9647986,73.7716846,Nagarkar Ln,Takeaway,,3.9,100,106,rane nagar
865,https://www.google.co.in/maps/place/Umiya+Lunch+home/data=!4m7!3m6!1s0x3bddeb598b2771a9:0xdfa0cba9c565e218!8m2!3d19.9644183!4d73.7537259!16s%2Fg%2F11b6rw8443!19sChIJqXEni1nr3TsRGOJlxanLoN8?authuser=0&hl=en&rclk=1,Umiya Lunch home,255,Restaurant,19.9644183,73.7537259,"Ambad-Uttam Nagar Road, opp. to GP Parsik bank",Takeaway,,4.4,259,86,ambad
866,https://www.google.co.in/maps/place/Hotel+Shiv+Sagar/data=!4m7!3m6!1s0x3bddeb51f89bcb61:0x69442e3d955bc202!8m2!3d19.95792!4d73.7590725!16s%2Fg%2F1td1hf_l!19sChIJYcub-FHr3TsRAsJblT0uRGk?authuser=0&hl=en&rclk=1,Hotel Shiv Sagar,255,Vegetarian,19.95792,73.7590725,·,Takeaway,,4.1,3612,93,ashwin nagar
867,https://www.google.co.in/maps/place/Hoy+Maharaja+Family+Restaurant/data=!4m7!3m6!1s0x3bddebe03833acbb:0x53aceb0590ca209!8m2!3d19.9623028!4d73.7640006!16s%2Fg%2F11kq4lrty2!19sChIJu6wzOODr3TsRCaIMWbDOOgU?authuser=0&hl=en&rclk=1,Hoy Maharaja Family Restaurant,255,Family-friendly,19.9623028,73.7640006,"Ashwin nagar, Mumbai - Agra Rd, opposite Ashok lealand",,,4.7,29,80,pathardi phata
868,https://www.google.co.in/maps/place/Hare+Krishna+Fast+Food/data=!4m7!3m6!1s0x3bddeb5178314925:0x7114aa577c19281f!8m2!3d19.9582439!4d73.7565409!16s%2Fg%2F11gb416f83!19sChIJJUkxeFHr3TsRHygZfFeqFHE?authuser=0&hl=en&rclk=1,Hare Krishna Fast Food,255,Fast Food,19.9582439,73.7565409,"XQ54+7JV, Pathardi to Ambad Rd",Drive-through,,4.3,1012,88,ambad
869,https://www.google.co.in/maps/place/Narayani+Pure+Veg+Restaurant/data=!4m7!3m6!1s0x3bddebd4de1b30a3:0x28236ad7bf322fc4!8m2!3d19.9716002!4d73.7719974!16s%2Fg%2F11rqgh27qg!19sChIJozAb3tTr3TsRxC8yv9dqIyg?authuser=0&hl=en&rclk=1,Narayani Pure Veg Restaurant,255,Vegetarian,19.9716002,73.7719974,"Plot No, 24, Mumbai - Agra Rd, opp. State Bank of India",Drive-through,,4.2,195,109,lekha nagar
870,https://www.google.co.in/maps/place/Papa%27s+Kitchen+Veg+Non-Veg+Family+Restaurant/data=!4m7!3m6!1s0x3bddeb415ffb1273:0x8d54692c89686361!8m2!3d19.9699226!4d73.7701266!16s%2Fg%2F11wy1b_s56!19sChIJcxL7X0Hr3TsRYWNoiSxpVI0?authuser=0&hl=en&rclk=1,Papa's Kitchen Veg Non-Veg Family Restaurant,255,Family-friendly,19.9699226,73.7701266,"Besides Bhagwati Hospital, 11/104",Takeaway,,4.8,43,84,cidco
871,https://www.google.co.in/maps/place/Quarter+Pillar+Bar+and+Restaurant/data=!4m7!3m6!1s0x3bddeb5eb9363ec1:0xca4c094fa269e16a!8m2!3d19.9707301!4d73.7842864!16s%2Fg%2F11sx35s1kg!19sChIJwT42uV7r3TsRauFpok8JTMo?authuser=0&hl=en&rclk=1,Quarter Pillar Bar and Restaurant,255,Grill,19.9707301,73.7842864,"Plot no 27, Ghandharv Nagari, behind Bank Of Maharashtra and Patanjali Stores, above Sadichha Grand",Drive-through,,4.4,42,72,indira nagar
872,https://www.google.co.in/maps/place/FANNITO+PIZZA/data=!4m7!3m6!1s0x3bddeb3a8919507b:0x60e3e82b6757a06d!8m2!3d19.9665705!4d73.7803532!16s%2Fg%2F11byxdwt6n!19sChIJe1AZiTrr3TsRbaBXZyvo42A?authuser=0&hl=en&rclk=1,FANNITO PIZZA,255,Pizza,19.9665705,73.7803532,·,Drive-through,,4,1141,82,indira nagar
873,https://www.google.co.in/maps/place/Hotel+Naivedyam/data=!4m7!3m6!1s0x3bdd94b56b1d275f:0xdc4047fea35d805e!8m2!3d19.9547401!4d73.770316!16s%2Fg%2F11byxdjqp6!19sChIJXycda7WU3TsRXoBdo_5HQNw?authuser=0&hl=en&rclk=1,Hotel Naivedyam,255,Vegetarian,19.9547401,73.770316,,Drive-through,,3.8,983,76,pathardi phata
874,https://www.google.co.in/maps/place/Shreeji+Family+Restaurant/data=!4m7!3m6!1s0x3bddeb921f1649b3:0x8c3fb3fe864df0ae!8m2!3d19.9723124!4d73.7541933!16s%2Fg%2F11vkl1l7xc!19sChIJs0kWH5Lr3TsRrvBNhv6zP4w?authuser=0&hl=en&rclk=1,Shreeji Family Restaurant,255,Restaurant,19.9723124,73.7541933,"Ambad CIDCO Link Road Mhsoba Nagar, Modkeshwar Nagar",Drive-through,,4.5,13,108,cidco
875,https://www.google.co.in/maps/place/KERALA+HOTEL/data=!4m7!3m6!1s0x3bddeb460f211683:0xc42f0465c754ef95!8m2!3d19.9652211!4d73.7658348!16s%2Fg%2F11clvxvm26!19sChIJgxYhD0br3TsRle9Ux2UEL8Q?authuser=0&hl=en&rclk=1,KERALA HOTEL,255,South Indian,19.9652211,73.7658348,·,Drive-through,,4.1,181,72,ambad
876,https://www.google.co.in/maps/place/Jai+Gajanan+Food+Corner/data=!4m7!3m6!1s0x3bddeb3aea32ea35:0xf86e5d01baf37eea!8m2!3d19.967507!4d73.781438!16s%2Fg%2F11b6xh_nk0!19sChIJNeoy6jrr3TsR6n7zugFdbvg?authuser=0&hl=en&rclk=1,Jai Gajanan Food Corner,255,Fast Food,19.967507,73.781438,·,Drive-through,,3.9,1076,100,indira nagar
877,https://www.google.co.in/maps/place/Sonali+Mutton+Bhakri/data=!4m7!3m6!1s0x3bddeb4eff140807:0x4d9799001e85f9fe!8m2!3d19.9613436!4d73.763121!16s%2Fg%2F11b70dhj6x!19sChIJBwgU_07r3TsR_vmFHgCZl00?authuser=0&hl=en&rclk=1,Sonali Mutton Bhakri,255,Maharashtrian Restaurant,19.9613436,73.763121,·,Takeaway,,3.9,3802,67,indira nagar
878,https://www.google.co.in/maps/place/Shree+Balaji+Idli+Dosa+Centre/data=!4m7!3m6!1s0x3bddeb334bd3ceff:0xce356d979fc9062e!8m2!3d19.9716905!4d73.7843003!16s%2Fg%2F11tsd94n8d!19sChIJ_87TSzPr3TsRLgbJn5dtNc4?authuser=0&hl=en&rclk=1,Shree Balaji Idli Dosa Centre,255,South Indian,19.9716905,73.7843003,"Yashwant Complex, near Savarkar chowk",Kerbside pickup,,4.3,388,60,indira nagar
879,https://www.google.co.in/maps/place/ATITHYA+SOUTH+INDIAN+RESTAURANT/data=!4m7!3m6!1s0x3bddeb00759a2b0b:0x5ae153db0cc316cb!8m2!3d19.9726521!4d73.7816462!16s%2Fg%2F11ldc_ljxz!19sChIJCyuadQDr3TsRyxbDDNtT4Vo?authuser=0&hl=en&rclk=1,ATITHYA SOUTH INDIAN RESTAURANT,255,Restaurant,19.9726521,73.7816462,"shop no 1, behind union Bank of India",Takeaway,,4.5,25,112,indira nagar
880,https://www.google.co.in/maps/place/Royal+mithila+family+resturant/data=!4m7!3m6!1s0x3bddebad691ee555:0xdb9ed7ce2988eec9!8m2!3d19.9660954!4d73.7682004!16s%2Fg%2F11kqd82nkh!19sChIJVeUeaa3r3TsRye6IKc7Xnts?authuser=0&hl=en&rclk=1,Royal mithila family resturant,255,Family-friendly,19.9660954,73.7682004,,Drive-through,,4.5,15,60,rane nagar
881,https://www.google.co.in/maps/place/Mai%27s+Food+Station/data=!4m7!3m6!1s0x3bddeb80604e9087:0x4e27e8a6781ced59!8m2!3d19.95623!4d73.7691399!16s%2Fg%2F11sf5n0899!19sChIJh5BOYIDr3TsRWe0ceKboJ04?authuser=0&hl=en&rclk=1,Mai's Food Station,255,Restaurant,19.95623,73.7691399,near Mauli Nagari,Drive-through,,5,12,119,pathardi phata
882,https://www.google.co.in/maps/place/The+Grill+Restaurant+-+Gateway+Nashik/data=!4m7!3m6!1s0x3bddeb51585d2c35:0x7cbd5f5d14ac2ff7!8m2!3d19.957561!4d73.754544!16s%2Fg%2F11g87bdr3d!19sChIJNSxdWFHr3TsR9y-sFF1fvXw?authuser=0&hl=en&rclk=1,The Grill Restaurant - Gateway Nashik,255,European,19.957561,73.754544,"The Gateway Hotel- Ambad, P 17, Mumbai Agra Road,, P-17, Mumbai - Agra Rd",Takeaway,,4.5,2,85,ambad
883,https://www.google.co.in/maps/place/Purnabramha+Pure+Veg+Family+Restaurant/data=!4m7!3m6!1s0x3bddeb30a0c8740d:0xfc79193a3550629d!8m2!3d19.9665063!4d73.7803393!16s%2Fg%2F11v3j0t3bc!19sChIJDXTIoDDr3TsRnWJQNToZefw?authuser=0&hl=en&rclk=1,Purnabramha Pure Veg Family Restaurant,255,Restaurant,19.9665063,73.7803393,"Shop 4, shreeji krupa apartment, Wadala - Pathardi Rd",Drive-through,,4.5,24,69,indira nagar
884,https://www.google.co.in/maps/place/Lavanya%27s+Pure+Veg/data=!4m7!3m6!1s0x3bddeba3672d2c21:0x6be13c696690a444!8m2!3d19.956231!4d73.758001!16s%2Fg%2F11pkkv3g7t!19sChIJISwtZ6Pr3TsRRKSQZmk84Ws?authuser=0&hl=en&rclk=1,Lavanya's Pure Veg,255,Indian,19.956231,73.758001,Ambad MIDC Service Rd,Takeaway,,4.4,17,101,ambad
885,https://www.google.co.in/maps/place/Hotel+Aditya/data=!4m7!3m6!1s0x3bddeb3ba0586035:0xdfc8476368d852e8!8m2!3d19.9650834!4d73.7664097!16s%2Fg%2F11b6xbg8qb!19sChIJNWBYoDvr3TsR6FLYaGNHyN8?authuser=0&hl=en&rclk=1,Hotel Aditya,255,Non Vegetarian Restaurant,19.9650834,73.7664097,,Takeaway,,3.9,890,83,cidco
886,https://www.google.co.in/maps/place/Citrine+Restaurant+-+Gateway+Nashik/data=!4m7!3m6!1s0x3bddeb5158218399:0x42b0b7d11fec1106!8m2!3d19.9575698!4d73.7545691!16s%2Fg%2F11g87cdr4h!19sChIJmYMhWFHr3TsRBhHsH9G3sEI?authuser=0&hl=en&rclk=1,Citrine Restaurant - Gateway Nashik,255,Continental restaurant,19.9575698,73.7545691,·,Takeaway,,3.8,61,113,ambad
887,https://www.google.co.in/maps/place/Atithi+Parcel+Point/data=!4m7!3m6!1s0x3bddeb156a2195a5:0x95e337a337abc6aa!8m2!3d19.964095!4d73.7646214!16s%2Fg%2F11h_6pkn5j!19sChIJpZUhahXr3TsRqsarN6M345U?authuser=0&hl=en&rclk=1,Atithi Parcel Point,255,North Indian,19.964095,73.7646214,"Atithi Parcel Point, Telephone Exchange Rd",Takeaway,,4.7,69,93,ashwin nagar
888,https://www.google.co.in/maps/place/Hotel+Spicy+Tadkaa/data=!4m7!3m6!1s0x3bdd9509d05ce6af:0x7ffe95d0fd814466!8m2!3d19.9519407!4d73.7683187!16s%2Fg%2F11rt7d5m37!19sChIJr-Zc0AmV3TsRZkSB_dCV_n8?authuser=0&hl=en&rclk=1,Hotel Spicy Tadkaa,255,North Indian,19.9519407,73.7683187,·,Drive-through,,3.9,699,79,pathardi phata
889,https://www.google.co.in/maps/place/Roll+Katta/data=!4m7!3m6!1s0x3bddede420ed82e3:0x5a83f1a9b3f113cc!8m2!3d19.9723917!4d73.7473247!16s%2Fg%2F11ny057q5p!19sChIJ44LtIOTt3TsRzBPxs6nxg1o?authuser=0&hl=en&rclk=1,Roll Katta,255,Fast Food,19.9723917,73.7473247,"House No. 94, 02, near Mauli Lawns",Takeaway,,4.8,56,96,cidco
890,https://www.google.co.in/maps/place/MADHURAM+FOODS/data=!4m7!3m6!1s0x3bddebd9c49f1def:0x6dc0e4e2e6c38f87!8m2!3d19.9662186!4d73.7672857!16s%2Fg%2F11l6ydgb43!19sChIJ7x2fxNnr3TsRh4_D5uLkwG0?authuser=0&hl=en&rclk=1,MADHURAM FOODS,255,Maharashtrian Restaurant,19.9662186,73.7672857,"Shop No 1, Bus Stop, near Chandrlok Hotel Rane Nagar",Takeaway,,4.5,10,90,rane nagar
891,https://www.google.co.in/maps/place/Water+Vibes+bar+and+restaurant/data=!4m7!3m6!1s0x3bdd954dbcbfb217:0xc64320d06bb37869!8m2!3d19.9503931!4d73.7705143!16s%2Fg%2F11s9nl7g2b!19sChIJF7K_vE2V3TsRaXiza9AgQ8Y?authuser=0&hl=en&rclk=1,Water Vibes bar and restaurant,255,Restaurant,19.9503931,73.7705143,Pathardi Deolali Link Rd,Kerbside pickup,,3.7,423,77,pathardi phata
892,https://www.google.co.in/maps/place/Divya%27s+Dosa+Corner/data=!4m7!3m6!1s0x3bddeb4703c087d5:0x402fe12da7414afc!8m2!3d19.967896!4d73.768642!16s%2Fg%2F11b76gbsbw!19sChIJ1YfAA0fr3TsR_EpBpy3hL0A?authuser=0&hl=en&rclk=1,Divya's Dosa Corner,255,Fast Food,19.967896,73.768642,"State Bank, Rane Nagar Chopati, Mumbai - Agra Rd",Drive-through,,3.9,359,106,rane nagar
893,https://www.google.co.in/maps/place/Matka+Chatka/data=!4m7!3m6!1s0x3bddeb040a640905:0x55dcf3089d5c5a74!8m2!3d19.9600605!4d73.7617379!16s%2Fg%2F11txnk1s5s!19sChIJBQlkCgTr3TsRdFpcnQjz3FU?authuser=0&hl=en&rclk=1,Matka Chatka,255,Non Vegetarian Restaurant,19.9600605,73.7617379,"ASM-52, Mumbai - Nashik Expy",Drive-through,,4.1,127,74,ashwin nagar
894,https://www.google.co.in/maps/place/Purnbramha+Food+Hub/data=!4m7!3m6!1s0x3bddeb17315ae743:0xdd068842d898b33a!8m2!3d19.9586244!4d73.7770935!16s%2Fg%2F11gbxf9k24!19sChIJQ-daMRfr3TsROrOY2EKIBt0?authuser=0&hl=en&rclk=1,Purnbramha Food Hub,255,Maharashtrian Restaurant,19.9586244,73.7770935,"Chintamani Pride, Wadala - Pathardi Rd",Drive-through,,3.9,148,77,pathardi phata
895,https://www.google.co.in/maps/place/Hotel+Sachin/data=!4m10!3m9!1s0x3bddeb3f43dccc97:0xf21a159149fa638e!5m2!4m1!1i2!8m2!3d19.971875!4d73.7723776!16s%2Fg%2F1hjg_03n_!19sChIJl8zcQz_r3TsRjmP6SZEVGvI?authuser=0&hl=en&rclk=1,Hotel Sachin,255,North Indian,19.971875,73.7723776,,Drive-through,,3.8,231,86,lekha nagar
896,https://www.google.co.in/maps/place/Asoda+Mutton+bhakari/data=!4m7!3m6!1s0x3bddebcacb9b50c7:0x412b034bebb5a0ae!8m2!3d19.9597515!4d73.7614449!16s%2Fg%2F11n769czv7!19sChIJx1Cby8rr3TsRrqC160sDK0E?authuser=0&hl=en&rclk=1,Asoda Mutton bhakari,255,Family-friendly,19.9597515,73.7614449,"XQ56+WH4, Mumbai - Nashik Expy",Takeaway,,3.7,102,52,ashwin nagar
897,https://www.google.co.in/maps/place/Hotel+om+sai+om+and+restaurant/data=!4m7!3m6!1s0x3bddebf8d3bdcdd3:0x56555d770d487855!8m2!3d19.9683577!4d73.7604153!16s%2Fg%2F11p5pjx0bg!19sChIJ08290_jr3TsRVXhIDXddVVY?authuser=0&hl=en&rclk=1,Hotel om sai om and restaurant,255,Chinese,19.9683577,73.7604153,"N31, A-1-25-12",Takeaway,,4.1,10,121,cidco
898,https://www.google.co.in/maps/place/Nazrana+The+Resto+Bar/data=!4m7!3m6!1s0x3bddeb4ee0d17dfb:0x403f68fadbe4a96a!8m2!3d19.9608465!4d73.7636739!16s%2Fg%2F11b75ht34t!19sChIJ-33R4E7r3TsRaqnk2_poP0A?authuser=0&hl=en&rclk=1,Nazrana The Resto Bar,255,Grill,19.9608465,73.7636739,"904, Mumbai - Agra Rd",Takeaway,,3.4,49,80,pathardi phata
899,https://www.google.co.in/maps/place/Cowboys+Cafe/data=!4m7!3m6!1s0x3bddeb4e7400b229:0xf50bca0529833239!8m2!3d19.9584708!4d73.7615296!16s%2Fg%2F11c5bhz700!19sChIJKbIAdE7r3TsROTKDKQXKC_U?authuser=0&hl=en&rclk=1,Cowboys Cafe,255,Restaurant,19.9584708,73.7615296,Mumbai - Agra Rd,Takeaway,,3.6,86,72,pathardi phata
900,https://www.google.co.in/maps/place/Flavoury+%28Homemade%29+Biryani+Parcel+Point/data=!4m7!3m6!1s0x3bddeba26535f7dd:0x835cef1ac6771ff2!8m2!3d19.9711875!4d73.754863!16s%2Fg%2F11jmxsp26m!19sChIJ3fc1ZaLr3TsR8h93xhrvXIM?authuser=0&hl=en&rclk=1,Flavoury (Homemade) Biryani Parcel Point,255,Biryani,19.9711875,73.754863,"N-53/AJ-3/2/1, near Pawan Nagar",,,4.8,74,76,parab nagar
901,https://www.google.co.in/maps/place/Woody+Foody/data=!4m7!3m6!1s0x3bddebbfb7ed2df5:0xa77080f1d068fd2c!8m2!3d19.9601051!4d73.7727042!16s%2Fg%2F11rn4nddn5!19sChIJ9S3tt7_r3TsRLP1o0PGAcKc?authuser=0&hl=en&rclk=1,Woody Foody,255,Fast Food,19.9601051,73.7727042,"Plot no 40 avhad mala, near guru govind singh collage",Drive-through,,4.2,28,64,indira nagar
902,https://www.google.co.in/maps/place/Bapuj+%7B+Family+chinese+centre+%7D/data=!4m7!3m6!1s0x3bddebd778acd79b:0xb727eeb97ee006fd!8m2!3d19.9622074!4d73.7541198!16s%2Fg%2F11r3l96sm9!19sChIJm9eseNfr3TsR_QbgfrnuJ7c?authuser=0&hl=en&rclk=1,Bapuj { Family chinese centre },255,Chinese,19.9622074,73.7541198,XQ63+VJQ,Takeaway,,4.5,4,76,ambad
903,https://www.google.co.in/maps/place/Snehit+Bar+%26+Restaurant/data=!4m7!3m6!1s0x3bddeb460181be8d:0x1d54488b2cc04b94!8m2!3d19.964465!4d73.765788!16s%2Fg%2F11b6qglzhf!19sChIJjb6BAUbr3TsRlEvALItIVB0?authuser=0&hl=en&rclk=1,Snehit Bar & Restaurant,255,Restaurant,19.964465,73.765788,"Jay Plaza, Mumbai - Agra Rd, Near Ambad Police Station",Takeaway,,3.8,59,116,pathardi phata
904,https://www.google.co.in/maps/place/Vedika+Pure+Veg+Family+Restaurant/data=!4m7!3m6!1s0x3bddeb9428994dc5:0x470851fb6d90b0d6!8m2!3d19.9598057!4d73.7538548!16s%2Fg%2F11y8t18d93!19sChIJxU2ZKJTr3TsR1rCQbftRCEc?authuser=0&hl=en&rclk=1,Vedika Pure Veg Family Restaurant,255,Vegetarian,19.9598057,73.7538548,"Shop no. 08, Vidya heights, Ambad Link Rd, near indoline furniture",Takeaway,,3.9,7,71,pathardi phata
905,https://www.google.co.in/maps/place/KFC/data=!4m7!3m6!1s0x3bddeb0043b590a5:0x2f7cf475bd59c21f!8m2!3d19.956245!4d73.758111!16s%2Fg%2F11vx3lypn_!19sChIJpZC1QwDr3TsRH8JZvXX0fC8?authuser=0&hl=en&rclk=1,KFC,255,Restaurant,19.956245,73.758111,"Shop No 1, 2 & 3, Pashan Pushpa, Mumbai - Agra Rd",Takeaway,,4.4,138,82,pathardi phata
906,https://www.google.co.in/maps/place/Shree+Swad+Thali+Restaurant/data=!4m7!3m6!1s0x3bddeb5f7d9862eb:0x5db08dbde96afd30!8m2!3d19.9566515!4d73.7589277!16s%2Fg%2F11vj_044q2!19sChIJ62KYfV_r3TsRMP1q6b2NsF0?authuser=0&hl=en&rclk=1,Shree Swad Thali Restaurant,255,Restaurant,19.9566515,73.7589277,above Mac Donalds,No-contact delivery,,3,52,81,pathardi phata
907,https://www.google.co.in/maps/place/HOTEL+SAI+PRASAD/data=!4m7!3m6!1s0x3bddeb52178e7e15:0x1caf68d630af16a7!8m2!3d19.9570466!4d73.7581983!16s%2Fg%2F11b6_d_vv6!19sChIJFX6OF1Lr3TsRpxavMNZorxw?authuser=0&hl=en&rclk=1,HOTEL SAI PRASAD,255,Fast Food,19.9570466,73.7581983,"XQ45+R78, Mumbai - Agra Rd",Takeaway,,4,225,82,ashwin nagar
908,https://www.google.co.in/maps/place/Nashik+Darbar/data=!4m7!3m6!1s0x3bddebf6fa281373:0xdd24629e5a5855e4!8m2!3d19.9642913!4d73.7558452!16s%2Fg%2F11ll5v72yg!19sChIJcxMo-vbr3TsR5FVYWp5iJN0?authuser=0&hl=en&rclk=1,Nashik Darbar,255,Biryani,19.9642913,73.7558452,XQ74+P89,Takeaway,,4.3,7,75,uttam nagar
909,https://www.google.co.in/maps/place/New+Hari+Om+Dhaba+Nashik/data=!4m7!3m6!1s0x3bdd959675a43007:0x2412383e30a3f738!8m2!3d19.9493814!4d73.7561285!16s%2Fg%2F11pkdqtvbb!19sChIJBzCkdZaV3TsROPejMD44EiQ?authuser=0&hl=en&rclk=1,New Hari Om Dhaba Nashik,255,Maharashtrian Restaurant,19.9493814,73.7561285,behind Express Inn Hotel,Drive-through,,4,297,81,pathardi phata
910,https://www.google.co.in/maps/place/Shree+Krishna+Veg+Thali/data=!4m7!3m6!1s0x3bddeb471637c76b:0x2974ca5226c1e070!8m2!3d19.9688719!4d73.769336!16s%2Fg%2F11b6s3v0fv!19sChIJa8c3Fkfr3TsRcODBJlLKdCk?authuser=0&hl=en&rclk=1,Shree Krishna Veg Thali,255,Vegetarian,19.9688719,73.769336,XQ99+GPW,Takeaway,,4.1,8,55,indira nagar
911,https://www.google.co.in/maps/place/%E0%A4%AE%E0%A4%B9%E0%A4%BE%E0%A4%A6%E0%A5%87%E0%A4%B5+%E0%A4%AB%E0%A5%82%E0%A4%A1/data=!4m7!3m6!1s0x3bddeba50b0177b3:0x49bc1f290411ac98!8m2!3d19.9555574!4d73.7675334!16s%2Fg%2F11y3m_5t20!19sChIJs3cBC6Xr3TsRmKwRBCkfvEk?authuser=0&hl=en&rclk=1,महादेव फूड,255,Takeout restaurant,19.9555574,73.7675334,,No dine-in,,5,1,78,pathardi phata
912,https://www.google.co.in/maps/place/Hotel+Changla+Chungla/data=!4m7!3m6!1s0x3bddeb4d693b10dd:0x33aae7a8195e3de!8m2!3d19.9539485!4d73.7605414!16s%2Fg%2F11b6qllnxn!19sChIJ3RA7aU3r3TsR3uOVgXquOgM?authuser=0&hl=en&rclk=1,Hotel Changla Chungla,255,Restaurant,19.9539485,73.7605414,"Survey No. 319, XQ35+FWG",Drive-through,,3.5,451,95,pathardi phata
913,https://www.google.co.in/maps/place/data=!4m7!3m6!1s0x3bddeb1f00749ca1:0xc6c3d606e7d86599!8m2!3d19.962074!4d73.754015!16s%2Fg%2F11jpwg4d8d!19sChIJoZx0AB_r3TsRmWXY5wbWw8Y?authuser=0&hl=en&rclk=1,.,255,Restaurant,19.962074,73.754015,"Shop no 1, vandana apartment, Ambad Link Rd",Takeaway,,4.4,9,77,indira nagar
914,https://www.google.co.in/maps/place/Swami%27s+Pavbhaji+%26+Tawapulav/data=!4m7!3m6!1s0x3bddeb4b5e2f656b:0x3f84a9fcb0000000!8m2!3d19.9543501!4d73.7759968!16s%2Fg%2F11s0fh6h4k!19sChIJa2UvXkvr3TsRAAAAsPyphD8?authuser=0&hl=en&rclk=1,Swami's Pavbhaji & Tawapulav,255,Restaurant,19.9543501,73.7759968,"Wadala - Pathardi Rd, near Jagannath Chowk Bus Stop",Drive-through,,5,79,66,pathardi phata
915,https://www.google.co.in/maps/place/Shree+Ganesh+Restaurant/data=!4m7!3m6!1s0x3bddeb4d83dccc49:0xa244f3251f1ab061!8m2!3d19.9553349!4d73.7599659!16s%2Fg%2F11b6qgdymx!19sChIJSczcg03r3TsRYbAaHyXzRKI?authuser=0&hl=en&rclk=1,Shree Ganesh Restaurant,255,Fast Food,19.9553349,73.7599659,"Kenstar Society, Besides Changal Chungal Hotel",Takeaway,,3.7,7,116,pathardi phata
916,https://www.google.co.in/maps/place/Hotel+Jay+Jawan+mutton+bhakri/data=!4m7!3m6!1s0x3bddebc2d82cd2cd:0x98e5dbd4648c4e4f!8m2!3d19.9738083!4d73.7591902!16s%2Fg%2F11g0w3kn4t!19sChIJzdIs2MLr3TsRT06MZNTb5Zg?authuser=0&hl=en&rclk=1,Hotel Jay Jawan mutton bhakri,255,Maharashtrian Restaurant,19.9738083,73.7591902,·,Drive-through,,4.5,208,68,cidco
917,https://www.google.co.in/maps/place/Solterra+Bar+-+Gateway+Nashik/data=!4m7!3m6!1s0x3bddeb446a2f8031:0x755b8cfe18c65234!8m2!3d19.957525!4d73.754462!16s%2Fg%2F11ddzqswv9!19sChIJMYAvakTr3TsRNFLGGP6MW3U?authuser=0&hl=en&rclk=1,Solterra Bar - Gateway Nashik,255,Restaurant,19.957525,73.754462,·,Takeaway,,4.1,7,109,pathardi phata
918,https://www.google.co.in/maps/place/Hotel+Disha%27s+veg+non+veg+restaurant../data=!4m7!3m6!1s0x3bddebc0bb4ae78f:0x9fe4f9da3d8c1c86!8m2!3d19.9693081!4d73.7836503!16s%2Fg%2F11tx6tpbrn!19sChIJj-dKu8Dr3TsRhhyMPdr55J8?authuser=0&hl=en&rclk=1,Hotel Disha's veg non veg restaurant..,255,Restaurant,19.9693081,73.7836503,"Shop No 3, Blue Sapphire Appt, Wadala Rd",Drive-through,,5,1,90,indira nagar
919,https://www.google.co.in/maps/place/NOODLE+SHOODLE+FAMILY+RESTAURANT/data=!4m7!3m6!1s0x3bddeb7c55cd06ed:0x8c0699f17e17e4fd!8m2!3d19.9660178!4d73.78052!16s%2Fg%2F11pkzmlnd6!19sChIJ7QbNVXzr3TsR_eQXfvGZBow?authuser=0&hl=en&rclk=1,NOODLE SHOODLE FAMILY RESTAURANT,255,Chinese,19.9660178,73.78052,"Shop No 6, Mahalaxmi Enclave, Vadala Pathardi Link Road",Drive-through,,3.3,4,81,pathardi phata
920,https://www.google.co.in/maps/place/Banjo%27s+The+Food+Chain+%7C+Best+fast+food+in+nashik+%7C+Pizza+%7C+Burger+%7C+Sandwich+%7C+Momos+%7CCold+Coffee/data=!4m7!3m6!1s0x3bddeb82e027d883:0xbe0d917d22df1382!8m2!3d19.9665379!4d73.7803475!16s%2Fg%2F11sht0x2r7!19sChIJg9gn4ILr3TsRghPfIn2RDb4?authuser=0&hl=en&rclk=1,Banjo's The Food Chain | Best fast food in nashik | Pizza | Burger | Sandwich | Momos |Cold Coffee,255,Cafe,19.9665379,73.7803475,,Drive-through,,2.7,21,113,indira nagar
921,https://www.google.co.in/maps/place/Daddy%27s+china%27s+Corner/data=!4m7!3m6!1s0x3bddeb22e9b90155:0x78710f6ec5919528!8m2!3d19.9595581!4d73.7548051!16s%2Fg%2F11tc6qc3m6!19sChIJVQG56SLr3TsRKJWRxW4PcXg?authuser=0&hl=en&rclk=1,Daddy's china's Corner,255,Restaurant,19.9595581,73.7548051,"Shop No.2, Shantai Apartment, Ambad-Trimurti Chowk Link Rd, near SCHC Bank",Takeaway,,3.7,6,103,cidco
922,https://www.google.co.in/maps/place/Somras+Bar/data=!4m7!3m6!1s0x3bddecac57e4c1a5:0xa7abc6df358a634b!8m2!3d19.959254!4d73.758764!16s%2Fg%2F11b7fh6_lh!19sChIJpcHkV6zs3TsRS2OKNd_Gq6c?authuser=0&hl=en&rclk=1,Somras Bar,255,Restaurant,19.959254,73.758764,·,Takeaway,,2.5,2,70,pathardi phata
923,https://www.google.co.in/maps/place/Royal+Family+Restaurant/data=!4m7!3m6!1s0x3bddeb0db6fffd1d:0x5641057d9e3aee48!8m2!3d19.9497825!4d73.7566978!16s%2Fg%2F11t2tz823h!19sChIJHf3_tg3r3TsRSO46nn0FQVY?authuser=0&hl=en&rclk=1,Royal Family Restaurant,255,Chinese,19.9497825,73.7566978,"Plot No 9, Near, Sales Tax Office Rd, opp. Galaxy Super Market",Drive-through,,5,8,47,pathardi phata
924,https://www.google.co.in/maps/place/NYK%E2%80%99s+Udupi+snacks/data=!4m7!3m6!1s0x3bddebedc6f95811:0x11791fa9fa27c0cf!8m2!3d19.9545954!4d73.7693853!16s%2Fg%2F11vsvlq5_b!19sChIJEVj5xu3r3TsRz8An-qkfeRE?authuser=0&hl=en&rclk=1,NYK’s Udupi snacks,255,South Indian,19.9545954,73.7693853,opposite Maruti sweets,Drive-through,,4.7,19,109,pathardi phata
925,https://www.google.co.in/maps/place/Just+Tadka/data=!4m7!3m6!1s0x3bddeb157f5c1b85:0xeb77146db3e57aa7!8m2!3d19.9615973!4d73.7641807!16s%2Fg%2F11rgh75wjd!19sChIJhRtcfxXr3TsRp3rls20Ud-s?authuser=0&hl=en&rclk=1,Just Tadka,255,Restaurant,19.9615973,73.7641807,"3/2, Mumbai - Agra Rd",Takeaway,,1.6,29,31,indira nagar
926,https://www.google.co.in/maps/place/Tasty+Elements+fast+food+%26+chinese+restaurant/data=!4m7!3m6!1s0x3bddeb36100e2417:0x66b58e703a667a6c!8m2!3d19.9617012!4d73.7544934!16s%2Fg%2F11lj53fkr3!19sChIJFyQOEDbr3TsRbHpmOnCOtWY?authuser=0&hl=en&rclk=1,Tasty Elements fast food & chinese restaurant,255,Fast Food,19.9617012,73.7544934,"Dharma Bhakti Complex, Ambad Link Rd, near HDFC BANK",Drive-through,,5,8,118,cidco
927,https://www.google.co.in/maps/place/FINE+DINE/data=!4m7!3m6!1s0x3bddeb34bed2a45f:0xd8dd4dcd209d899f!8m2!3d19.9547707!4d73.7759601!16s%2Fg%2F11l295t252!19sChIJX6TSvjTr3TsRn4mdIM1N3dg?authuser=0&hl=en&rclk=1,FINE DINE,255,Restaurant,19.9547707,73.7759601,,Takeaway,,4.1,524,2,cidco
928,https://www.google.co.in/maps/place/Foodie%27s+Delight/data=!4m7!3m6!1s0x3bddeb87a96ad147:0xb621ee51d3e262d0!8m2!3d19.9673295!4d73.7685169!16s%2Fg%2F11sjz5gqdj!19sChIJR9FqqYfr3TsR0GLi01HuIbY?authuser=0&hl=en&rclk=1,Foodie's Delight,255,Restaurant,19.9673295,73.7685169,near State Bank Chaupati,Takeaway,,5,3,129,rane nagar
929,https://www.google.co.in/maps/place/Hotel+Gopal+Restaurant/data=!4m7!3m6!1s0x3bddeb5f55efb817:0x4ab841edb697547!8m2!3d19.9521783!4d73.7593488!16s%2Fg%2F11spwc0z8c!19sChIJF7jvVV_r3TsRR3Vp2x6EqwQ?authuser=0&hl=en&rclk=1,Hotel Gopal Restaurant,255,Fast Food,19.9521783,73.7593488,"bus stop, Shree Gajanan tower, Vanvaibhav, Pathardi Rd",Takeaway,,2,2,6,pathardi phata
930,https://www.google.co.in/maps/place/Kashish+Palace/data=!4m10!3m9!1s0x3bddeb48a1343c6d:0xac1bf20c3601e4c4!5m2!4m1!1i2!8m2!3d19.9640823!4d73.7666661!16s%2Fg%2F119tkwbz9!19sChIJbTw0oUjr3TsRxOQBNgzyG6w?authuser=0&hl=en&rclk=1,Kashish Palace,255,2-star hotel,19.9640823,73.7666661,,Drive-through,,3.9,302,5,rane nagar
931,https://www.google.co.in/maps/place/Hotel+Celebration+Inn/data=!4m10!3m9!1s0x3bddeb3e15cd34e1:0x4206f38c6a3ff7ee!5m2!4m1!1i2!8m2!3d19.9730431!4d73.7741067!16s%2Fg%2F11c2pwwd_g!19sChIJ4TTNFT7r3TsR7vc_aozzBkI?authuser=0&hl=en&rclk=1,Hotel Celebration Inn,255,Restaurant,19.9730431,73.7741067,,Drive-through,,4,144,31,cidco
932,https://www.google.co.in/maps/place/Banjo%27s+The+Food+Chain+-+Cidco+%7C+Best+fast+food+in+Cidco+%7C+Pizza+%7C+Burger+%7C+Sandwich+%7C+Momos+%7CCold+Coffee/data=!4m7!3m6!1s0x3bddebb6a5ccb11d:0xff13dd974c4f302!8m2!3d19.9650078!4d73.7533606!16s%2Fg%2F11lz60jp71!19sChIJHbHMpbbr3TsRAvPEdNk98Q8?authuser=0&hl=en&rclk=1,Banjo's The Food Chain - Cidco | Best fast food in Cidco | Pizza | Burger | Sandwich | Momos |Cold Coffee,255,Cafe,19.9650078,73.7533606,"B-square, Ambad CIDCO Link Rd, Nashik, Maharashtra 422010, opposite atul dairy",Takeaway,,4.1,524,92,cidco
933,https://www.google.co.in/maps/place/Samarth+Parcel+Point/data=!4m7!3m6!1s0x3bddeb2e0b8ae43b:0x4eb1fb484c34282d!8m2!3d19.9664449!4d73.766911!16s%2Fg%2F11k4m101nv!19sChIJO-SKCy7r3TsRLSg0TEj7sU4?authuser=0&hl=en&rclk=1,Samarth Parcel Point,255,North Indian,19.9664449,73.766911,near Pragati Medical,Drive-through,,2.4,5,40,rane nagar
934,https://www.google.co.in/maps/place/Shree+Ram+Dairy+%26+Fast+Food/data=!4m7!3m6!1s0x3bddeb3815805a2d:0xa63b967db3f4b182!8m2!3d19.9661603!4d73.7726905!16s%2Fg%2F11b6q82rhm!19sChIJLVqAFTjr3TsRgrH0s32WO6Y?authuser=0&hl=en&rclk=1,Shree Ram Dairy & Fast Food,255,Dairy store,19.9661603,73.7726905,"Shop No. 6, Shevanta Park, behind Jaju High School",,,4,9,40,rane nagar
935,https://www.google.co.in/maps/place/Chinese+Centre/data=!4m7!3m6!1s0x3bddeb52ee26911d:0xd7cd546a23f33d53!8m2!3d19.9541137!4d73.7575782!16s%2Fg%2F11hbnk9hx8!19sChIJHZEm7lLr3TsRUz3zI2pUzdc?authuser=0&hl=en&rclk=1,Chinese Centre,255,Chinese,19.9541137,73.7575782,5-D,Takeaway,,3.8,13,40,pathardi phata
936,https://www.google.co.in/maps/place/Green+Bakes+%26+Restaurant/data=!4m7!3m6!1s0x3bddeb0c3eee7fd1:0x4473c4d76ea83e35!8m2!3d19.9483725!4d73.7716281!16s%2Fg%2F11vc922j_5!19sChIJ0X_uPgzr3TsRNT6obtfEc0Q?authuser=0&hl=en&rclk=1,Green Bakes & Restaurant,255,Restaurant,19.9483725,73.7716281,·,Drive-through,,4.2,312,61,pathardi phata
937,https://www.google.co.in/maps/place/Kyriad+Hotel+Nashik/data=!4m7!3m6!1s0x3bddeb0a5f349859:0xa9841fb36f763008!8m2!3d19.9647396!4d73.7671381!16s%2Fg%2F11h2q3f14c!19sChIJWZg0Xwrr3TsRCDB2b7MfhKk?authuser=0&hl=en&rclk=1,Kyriad Hotel Nashik,255,3-star hotel,19.9647396,73.7671381,"Plot No. 21, Survey No. 903, Rane Nagar, Mumbai - Agra Rd",,,4.2,1071,43,rane nagar
938,https://www.google.co.in/maps/place/GPS+99+RESTAURANT/data=!4m7!3m6!1s0x3bddeb3c3157b277:0xb431f638e40f00ad!8m2!3d19.9687175!4d73.7999162!16s%2Fg%2F11n96k8tvd!19sChIJd7JXMTzr3TsRrQAP5Dj2MbQ?authuser=0&hl=en&rclk=1,GPS 99 RESTAURANT,255,Vegetarian,19.9687175,73.7999162,·,Takeaway,,4.1,838,40,wadala gaon
939,https://www.google.co.in/maps/place/Adarsh+Samosa/data=!4m7!3m6!1s0x3bddeb4701937b55:0x6e5295676a15065a!8m2!3d19.9679862!4d73.7685538!16s%2Fg%2F11b76lwl1t!19sChIJVXuTAUfr3TsRWgYVameVUm4?authuser=0&hl=en&rclk=1,Adarsh Samosa,255,Store,19.9679862,73.7685538,"State Bank, Mumbai - Agra Rd",,,4.2,483,71,rane nagar
940,https://www.google.co.in/maps/place/Shri+Sai+Radhakrishnan+Restaurant/data=!4m7!3m6!1s0x3bdd95a420f38d6b:0xaffbdbcab2b2aa07!8m2!3d19.9431902!4d73.7912936!16s%2Fg%2F11h3p14msk!19sChIJa43zIKSV3TsRB6qyssrb-68?authuser=0&hl=en&rclk=1,Shri Sai Radhakrishnan Restaurant,255,Restaurant,19.9431902,73.7912936,·,Drive-through,,4.1,150,45,pathardi phata
941,https://www.google.co.in/maps/place/Jayant+Samosa/data=!4m7!3m6!1s0x3bddeb3ff5242a25:0x59469f99d11dc7a0!8m2!3d19.9750428!4d73.7715337!16s%2Fg%2F11btwkbyb1!19sChIJJSok9T_r3TsRoMcd0ZmfRlk?authuser=0&hl=en&rclk=1,Jayant Samosa,255,Fast Food,19.9750428,73.7715337,·,Takeaway,,4.2,212,40,cidco
942,https://www.google.co.in/maps/place/New+India+Restaurant/data=!4m7!3m6!1s0x3bddecbdd651e59b:0xe74a4142ac16b912!8m2!3d19.9701359!4d73.7302438!16s%2Fg%2F11f3s442l5!19sChIJm-VR1r3s3TsRErkWrEJBSuc?authuser=0&hl=en&rclk=1,New India Restaurant,255,Restaurant,19.9701359,73.7302438,XPCJ+335,Drive-through,,3.9,89,38,ambad
943,https://www.google.co.in/maps/place/Al-+Madina+Indo-Chinese+Restaurant/data=!4m7!3m6!1s0x3bdd956c03bbd779:0x65994a3250b7f132!8m2!3d19.9508187!4d73.7918505!16s%2Fg%2F11srx_ngmp!19sChIJede7A2yV3TsRMvG3UDJKmWU?authuser=0&hl=en&rclk=1,Al- Madina Indo-Chinese Restaurant,255,Restaurant,19.9508187,73.7918505,,Takeaway,,5,3,72,wadala gaon
944,https://www.google.co.in/maps/place/KK+Cafe+%26+Restaurant/data=!4m7!3m6!1s0x3bddeb4ca8189111:0xf440c056d830d372!8m2!3d19.9683685!4d73.8002209!16s%2Fg%2F11shy3bbc7!19sChIJEZEYqEzr3TsRctMw2FbAQPQ?authuser=0&hl=en&rclk=1,KK Cafe & Restaurant,255,Restaurant,19.9683685,73.8002209,"Prabhu Business Center, Param Pujya Ravishankarji Marg",Drive-through,,5,9,59,nashik railway station
945,https://www.google.co.in/maps/place/Mangalya+Pure+Veg+Family+Restaurant+%26+Cafe/data=!4m7!3m6!1s0x3bddeb88181c1af3:0x2b27d5dc5eed9b3!8m2!3d19.9723249!4d73.7541531!16s%2Fg%2F11p5ljmm08!19sChIJ8xocGIjr3TsRs9nuxV19sgI?authuser=0&hl=en&rclk=1,Mangalya Pure Veg Family Restaurant & Cafe,255,Vegetarian,19.9723249,73.7541531,"Ambad CIDCO Link Road Mhsoba Nagar, Modkeshwar Nagar",,,4.3,209,38,cidco
946,https://www.google.com/maps/place/Red+Onion+Restaurant+and+Cafe/data=!4m7!3m6!1s0x3bdd95002a9f6c07:0xea58b239f7c06a93!8m2!3d19.9229943!4d73.8346339!16s%2Fg%2F11vjzrxwnv!19sChIJB2yfKgCV3TsRk2rA9zmyWOo?authuser=0&hl=en&rclk=1,Red Onion Restaurant and Cafe,300,Restaurant,19.9229943,73.8346339,"Red Onion, Mande Baug, Belatgavhan, Road, Lam Rd, near Mande Baug",Open,,4.8,48,40,deolali
947,https://www.google.com/maps/place/SHRI+KRISHNA+FAMILY+RESTAURANT/data=!4m7!3m6!1s0x3bdd95418ab3181f:0xb8f96e7a0e7d74b!8m2!3d19.9231584!4d73.8361636!16s%2Fg%2F11rzwxx74d!19sChIJHxizikGV3TsRS9fnoOeWjws?authuser=0&hl=en&rclk=1,SHRI KRISHNA FAMILY RESTAURANT,300,Maharashtrian Restaurant,19.9231584,73.8361636,"NEXT TO KAHAN NAGAR JAIN TEMPLE BELATGAON ROAD, Lam Rd, nr. RAILWAY GATE",Open,,4.3,63,37,deolali
948,https://www.google.com/maps/place/Curry+Leaves+Pure+veg+Lam+Road/data=!4m7!3m6!1s0x3bdd9527e463a889:0x17f1ef94dbfa9ca7!8m2!3d19.9233011!4d73.834937!16s%2Fg%2F11h0thgg5r!19sChIJiahj5CeV3TsRp5z625Tv8Rc?authuser=0&hl=en&rclk=1,Curry Leaves Pure veg Lam Road,300,Restaurant,19.9233011,73.834937,·,Open,,4,721,71,nashik railway station
949,https://www.google.com/maps/place/Ajmera%27s+Thali+%E0%AA%85%E0%AA%9C%E0%AA%AE%E0%AB%87%E0%AA%B0%E0%AA%BE+%E0%AA%A5%E0%AA%BE%E0%AA%B3%E0%AB%80+%E0%A4%85%E0%A4%9C%E0%A4%AE%E0%A5%87%E0%A4%B0%E0%A4%BE+%E0%A4%A5%E0%A4%BE%E0%A4%B3%E0%A5%80/data=!4m7!3m6!1s0x3bdd9551599322d1:0xd7630f0ee97d62fb!8m2!3d19.918815!4d73.8364221!16s%2Fg%2F11mvxqr7dp!19sChIJ0SKTWVGV3TsR-2J96Q4PY9c?authuser=0&hl=en&rclk=1,Ajmera's Thali અજમેરા થાળી अजमेरा थाळी,100,Indian,19.918815,73.8364221,Lam Rd,Open,,4.2,279,71,deolali
950,https://www.google.com/maps/place/Utsav+Kitchen/data=!4m7!3m6!1s0x3bdd9500bbbefd11:0x33a8bf4a7fc8a16e!8m2!3d19.9219726!4d73.8252667!16s%2Fg%2F11t3fqyyg1!19sChIJEf2-uwCV3TsRbqHIf0q_qDM?authuser=0&hl=en&rclk=1,Utsav Kitchen,100,Family-friendly,19.9219726,73.8252667,WRCG+RHG,Open,,4.5,21,71,deolali
951,https://www.google.com/maps/place/HOTEL+EXPRESS+RESTO+%26+BAR/data=!4m7!3m6!1s0x3bdd956e299e14c7:0x685d4bbb12f2f2ae!8m2!3d19.923765!4d73.826832!16s%2Fg%2F11f0l1v4zs!19sChIJxxSeKW6V3TsRrvLyErtLXWg?authuser=0&hl=en&rclk=1,HOTEL EXPRESS RESTO & BAR,255,Family-friendly,19.923765,73.826832,"Naka No.6 , Lam Road, Deolali, near Mande Lawns",Open,,4,398,34,deolali
952,https://www.google.com/maps/place/Hotel+Grape+Garden/data=!4m7!3m6!1s0x3bdd95208c5e7399:0xe8332143419baab!8m2!3d19.9140648!4d73.8303176!16s%2Fg%2F11tsn9b11k!19sChIJmXNejCCV3TsRq7oZNBQygw4?authuser=0&hl=en&rclk=1,Hotel Grape Garden,100,Vegetarian,19.9140648,73.8303176,"Godse Grape Garden, Lam Rd, opposite Nikki Sagar Hotel",Open,,4.8,26,63,deolali
953,https://www.google.com/maps/place/Poonam+Sweet+And+Farsan/data=!4m7!3m6!1s0x3bdd9542a0fa59a1:0xf7d14b2a2e64661!8m2!3d19.9219878!4d73.8310177!16s%2Fg%2F11rssk_l3b!19sChIJoVn6oEKV3TsRYUbmorIUfQ8?authuser=0&hl=en&rclk=1,Poonam Sweet And Farsan,100,Indian,19.9219878,73.8310177,"WRCH+MH6, Prince Bhojnalay, Shri. Devlali Jain Shwetambar Tirth Trust, Off, Balgruh Rd",Open,,4.2,358,59,deolali
954,https://www.google.com/maps/place/KesarWadi+%2F+KandaWadi+Bhojnalay/data=!4m7!3m6!1s0x3bdd950357c1b0b1:0xc1ff91218d183b09!8m2!3d19.9237514!4d73.8334414!16s%2Fg%2F11f6y57546!19sChIJsbDBVwOV3TsRCTsYjSGR_8E?authuser=0&hl=en&rclk=1,KesarWadi / KandaWadi Bhojnalay,100,Restaurant,19.9237514,73.8334414,Lam Rd,Open,,4.3,160,67,deolali
955,https://www.google.com/maps/place/Mande%27s+Mangotree+Elite+Pure+Veg/data=!4m7!3m6!1s0x3bdd95eec924c709:0x2b36f2fb35ddf40f!8m2!3d19.9260879!4d73.8317523!16s%2Fg%2F11h3g49w5m!19sChIJCcckye6V3TsRD_TdNfvyNis?authuser=0&hl=en&rclk=1,Mande's Mangotree Elite Pure Veg,255,Restaurant,19.9260879,73.8317523,"Mahalaxmi mandir road, naka, 6, Lam Rd",,,4.1,146,44,deolali
956,https://www.google.com/maps/place/MAHASAGAR+PURE+VEG+FAMILY+RESTAURENT/data=!4m7!3m6!1s0x3bdd9550b1212415:0x95734944709659fa!8m2!3d19.9182765!4d73.8330398!16s%2Fg%2F1tfzf6nf!19sChIJFSQhsVCV3TsR-lmWcERJc5U?authuser=0&hl=en&rclk=1,MAHASAGAR PURE VEG FAMILY RESTAURENT,300,North Indian,19.9182765,73.8330398,·,Open,,3.8,469,54,deolali
957,https://www.google.com/maps/place/Pranam+Misal+%E0%A4%AA%E0%A5%8D%E0%A4%B0%E0%A4%A3%E0%A4%BE%E0%A4%AE+%E0%A4%AE%E0%A4%BF%E0%A4%B8%E0%A4%B3+%E0%AA%AA%E0%AB%8D%E0%AA%B0%E0%AA%A3%E0%AA%BE%E0%AA%AE+%E0%AA%AE%E0%AA%BF%E0%AA%B8%E0%AA%B3/data=!4m7!3m6!1s0x3bdd95ca56ffcae3:0xc267792432168999!8m2!3d19.9189912!4d73.8365958!16s%2Fg%2F11p67mn2kx!19sChIJ48r_VsqV3TsRmYkWMiR5Z8I?authuser=0&hl=en&rclk=1,Pranam Misal प्रणाम मिसळ પ્રણામ મિસળ,200,Indian,19.9189912,73.8365958,,,,4.6,47,39,deolali
958,https://www.google.com/maps/place/New+Saheba+Veg+Non+Veg+Restaurant+%26+Bar/data=!4m7!3m6!1s0x3bdd9564c27669cb:0xb3b79b893a2667d!8m2!3d19.9256239!4d73.8341368!16s%2Fg%2F11b70gqx67!19sChIJy2l2wmSV3TsRfWaik7h5Ows?authuser=0&hl=en&rclk=1,New Saheba Veg Non Veg Restaurant & Bar,255,Non Vegetarian Restaurant,19.9256239,73.8341368,"Guruvandana Lam Rd Near 6 No. Naka, Nashik Road, Deolali",Open,,3.9,114,45,deolali
959,https://www.google.com/maps/place/Aamchi+Maati+Aamchi+Mansa/data=!4m7!3m6!1s0x3bdd955450ea44b5:0x7073278604e09d43!8m2!3d19.9231877!4d73.834827!16s%2Fg%2F11h0_rsb9t!19sChIJtUTqUFSV3TsRQ53gBIYnc3A?authuser=0&hl=en&rclk=1,Aamchi Maati Aamchi Mansa,255,Restaurant,19.9231877,73.834827,·,Open,,3.9,2480,44,nashik railway station
960,https://www.google.com/maps/place/South+Indian+Foods/data=!4m7!3m6!1s0x3bdd95060f25c551:0xf7591bd6ae3d7860!8m2!3d19.9274213!4d73.8337224!16s%2Fg%2F11smvbgb23!19sChIJUcUlDwaV3TsRYHg9rtYbWfc?authuser=0&hl=en&rclk=1,South Indian Foods,255,South Indian,19.9274213,73.8337224,"Shop No-1 Socnaka, No-6, Vastu Shilp",Open,,4.5,12,49,deolali
961,https://www.google.com/maps/place/HOTEL+SHAHAGAD/data=!4m7!3m6!1s0x3bdd959b3145b73d:0x76a96c5f2fbc3fcc!8m2!3d19.914619!4d73.8332745!16s%2Fg%2F11rycrhj62!19sChIJPbdFMZuV3TsRzD-8L19sqXY?authuser=0&hl=en&rclk=1,HOTEL SHAHAGAD,300,Fast Food,19.914619,73.8332745,"Hotel Shahagad, S.No 102/14, Lam Rd, near Nakshatra Society",Open,,4.5,74,44,deolali
962,https://www.google.com/maps/place/Surya+Hotel/data=!4m7!3m6!1s0x3bdd9578f8e9e269:0x64559025a9643091!8m2!3d19.9151848!4d73.8332478!16s%2Fg%2F11fxvm6g_r!19sChIJaeLp-HiV3TsRkTBkqSWQVWQ?authuser=0&hl=en&rclk=1,Surya Hotel,255,Restaurant,19.9151848,73.8332478,Lam Rd,Open,,4,66,62,deolali
963,https://www.google.com/maps/place/Niki+Sagar/data=!4m7!3m6!1s0x3bdd957889637cdd:0xa76bab7be0a81855!8m2!3d19.9138244!4d73.833307!16s%2Fg%2F1tf56bd2!19sChIJ3XxjiXiV3TsRVRio4Hura6c?authuser=0&hl=en&rclk=1,Niki Sagar,300,Vegetarian,19.9138244,73.833307,Lam Rd,Open,,3.8,137,44,deolali
964,https://www.google.com/maps/place/Grills+and+More/data=!4m7!3m6!1s0x3bdd9500365f36fd:0xf04fb5afd84148d3!8m2!3d19.8968817!4d73.817527!16s%2Fg%2F11y36y09rg!19sChIJ_TZfNgCV3TsR00hB2K-1T_A?authuser=0&hl=en&rclk=1,Grills and More,255,Family-friendly,19.8968817,73.817527,·,Open,,4.5,139,44,deolali
965,https://www.google.com/maps/place/Zaika+family+chinese/data=!4m7!3m6!1s0x3bdd95502ce2964b:0xf0ddb9a915e62fa!8m2!3d19.9071001!4d73.8322221!16s%2Fg%2F11fjstr2_1!19sChIJS5biLFCV3TsR-mJekZrbDQ8?authuser=0&hl=en&rclk=1,Zaika family chinese,255,Chinese,19.9071001,73.8322221,"WR4J+RVX, Anand Rd",Open,,4.3,10,45,deolali
966,https://www.google.com/maps/place/Kalapurnam+bhojnalaya/data=!4m7!3m6!1s0x3bdd9554444c1ceb:0x7b45f0b098b0d7b8!8m2!3d19.920363!4d73.8272801!16s%2Fg%2F11h0bbs8qc!19sChIJ6xxMRFSV3TsRuNewmLDwRXs?authuser=0&hl=en&rclk=1,Kalapurnam bhojnalaya,255,Restaurant,19.920363,73.8272801,"कलापुर्णम तीथंधाम बालगृह, रोड",Open,,4,3,47,deolali
967,https://www.google.com/maps/place/Zhalawadi+Bhojanalay/data=!4m7!3m6!1s0x3bdd95795799ade3:0x185065eec5a7d7f5!8m2!3d19.9185726!4d73.8356794!16s%2Fg%2F11c6004m3c!19sChIJ462ZV3mV3TsR9denxe5lUBg?authuser=0&hl=en&rclk=1,Zhalawadi Bhojanalay,255,Restaurant,19.9185726,73.8356794,WR9P+C7F,Closes soon,,3.8,13,72,deolali
968,https://www.google.com/maps/place/Maharaja+foods/data=!4m7!3m6!1s0x3bdd958a5cfb3c4d:0x55bdbb228e2dca34!8m2!3d19.9221806!4d73.8337791!16s%2Fg%2F11s4x2w_tx!19sChIJTTz7XIqV3TsRNMotjiK7vVU?authuser=0&hl=en&rclk=1,Maharaja foods,100,Fast Food,19.9221806,73.8337791,"Marathon Arcade, Opp. Devji Khetshi Sanitorium, Lam Rd",Open,,4.5,21,48,deolali
969,https://www.google.com/maps/place/M+Square+restaurant/data=!4m7!3m6!1s0x3bdd955a8690f2d1:0x4a21aed80cf71fee!8m2!3d19.9050327!4d73.8325302!16s%2Fg%2F11nmmjs2l6!19sChIJ0fKQhlqV3TsR7h_3DNiuIUo?authuser=0&hl=en&rclk=1,M Square restaurant,255,Indian,19.9050327,73.8325302,WR4M+226,,,4,4,49,deolali
970,https://www.google.com/maps/place/SK+family+restaurant+%26+lawns/data=!4m7!3m6!1s0x3bdd95d11e5c1053:0x293582f55ccb171b!8m2!3d19.9302021!4d73.8318535!16s%2Fg%2F11ptt385c9!19sChIJUxBcHtGV3TsRGxfLXPWCNSk?authuser=0&hl=en&rclk=1,SK family restaurant & lawns,300,Family-friendly,19.9302021,73.8318535,"Lam Rd, behind renuka gardan",,,4.5,50,7,deolali
971,https://www.google.com/maps/place/SK+family+restaurant+%26+lawns/data=!4m7!3m6!1s0x3bdd95d11e5c1053:0x293582f55ccb171b!8m2!3d19.9302021!4d73.8318535!16s%2Fg%2F11ptt385c9!19sChIJUxBcHtGV3TsRGxfLXPWCNSk?authuser=0&hl=en&rclk=1,Shanghai Restaurant,255,Indian,19.9021305,73.8280465,"587, Mithai St",Open,,4,324,71,deolali
972,https://www.google.com/maps/place/Hotel+Sagar/data=!4m7!3m6!1s0x3bdd957b1aeed239:0x7ad07fd2afe3ce57!8m2!3d19.9223277!4d73.8337274!16s%2Fg%2F11h9y4wk9j!19sChIJOdLuGnuV3TsRV87jr9J_0Ho?authuser=0&hl=en&rclk=1,Hotel Sagar,100,Restaurant,19.9223277,73.8337274,WRCM+WFQ,Open,,3.9,17,71,deolali
973,https://www.google.com/maps/place/Raj+Darbar+Family+Restaurant/data=!4m7!3m6!1s0x3bdd95851c4b3dfd:0x6c07d261793f268f!8m2!3d19.9037629!4d73.832005!16s%2Fg%2F126208z3q!19sChIJ_T1LHIWV3TsRjyY_eWHSB2w?authuser=0&hl=en&rclk=1,Raj Darbar Family Restaurant,255,Family-friendly,19.9037629,73.832005,"WR3J+GR2, Opposite Bharat Petrol Pump Howson Camp",Open,,3.6,64,49,deolali
974,https://www.google.com/maps/place/Flavour+station/data=!4m7!3m6!1s0x3bdd95bf8fa973eb:0xc01280b8e85b4fee!8m2!3d19.9223632!4d73.8324268!16s%2Fg%2F11wvkn44th!19sChIJ63Opj7-V3TsR7k9b6LiAEsA?authuser=0&hl=en&rclk=1,Flavour station,255,Fast Food,19.9223632,73.8324268,"Balgruh Rd, off Lam Road, opp. Devji Khetshi small gate",Open,,5,4,49,deolali
975,https://www.google.com/maps/place/Noor+Sanatorium/data=!4m7!3m6!1s0x3bdd95848f714b5d:0xce9ed7eaff4dfce8!8m2!3d19.9061512!4d73.8325563!16s%2Fg%2F11c0rn4x4m!19sChIJXUtxj4SV3TsR6PxN_-rXns4?authuser=0&hl=en&rclk=1,Noor Sanatorium,255,Fast Food,19.9061512,73.8325563,WR4M+F27,Open,,4.3,79,37,deolali
976,https://www.google.com/maps/place/Hotel+Navratna/data=!4m7!3m6!1s0x3bdd954c47ff2f6d:0x28b89bfeead21a7c!8m2!3d19.9013916!4d73.8288572!16s%2Fg%2F11fk1k6t50!19sChIJbS__R0yV3TsRfBrS6v6buCg?authuser=0&hl=en&rclk=1,Hotel Navratna,100,South Indian,19.9013916,73.8288572,·,Open,,4,120,49,deolali
977,https://www.google.com/maps/place/Just+Inn/data=!4m7!3m6!1s0x3bdd9506bc3f532d:0x72380c02724e39df!8m2!3d19.9221452!4d73.8337725!16s%2Fg%2F11rd495dxc!19sChIJLVM_vAaV3TsR3zlOcgIMOHI?authuser=0&hl=en&rclk=1,Just Inn,300,Fast Food,19.9221452,73.8337725,"WRCM+VG2, Marathon arcade complex bhatiya stop,lam road,deolali",Closed,,4.1,60,45,deolali
978,https://www.google.com/maps/place/Pushpavihar/data=!4m7!3m6!1s0x3bdd959ab14766bf:0x8301293880e0a3d0!8m2!3d19.9018902!4d73.8297093!16s%2Fg%2F124t155tp!19sChIJv2ZHsZqV3TsR0KPggDgpAYM?authuser=0&hl=en&rclk=1,Pushpavihar,100,Fast Food,19.9018902,73.8297093,,Open,,4.1,966,37,deolali
979,https://www.google.com/maps/place/KokanRatna/data=!4m7!3m6!1s0x3bdd95e6b3c636f9:0xa8b56f90424d02ab!8m2!3d19.9025106!4d73.8285683!16s%2Fg%2F11s8gcfgmp!19sChIJ-TbGs-aV3TsRqwJNQpBvtag?authuser=0&hl=en&rclk=1,KokanRatna,300,Family-friendly,19.9025106,73.8285683,WR3H+2C4,Open now,,4.2,17,49,deolali
980,https://www.google.com/maps/place/Annapurna+Tiffins+%26+Catering+Services/data=!4m7!3m6!1s0x3bdd958ca4f76709:0x7a1f5d52a73d4212!8m2!3d19.9184704!4d73.8317745!16s%2Fg%2F11t9nh21ym!19sChIJCWf3pIyV3TsREkI9p1JdH3o?authuser=0&hl=en&rclk=1,Annapurna Tiffins & Catering Services,255,Vegetarian,19.9184704,73.8317745,Lam Rd,Open 24 hours,,5,1,42,deolali
981,https://www.google.com/maps/place/Mumbai+Tikka/data=!4m7!3m6!1s0x3bdd95e93a087979:0x47bf84207761bd69!8m2!3d19.9026157!4d73.8292562!16s%2Fg%2F11t55jnp0k!19sChIJeXkIOumV3TsRab1hdyCEv0c?authuser=0&hl=en&rclk=1,Mumbai Tikka,200,Restaurant,19.9026157,73.8292562,VRQP+F3W,,,4.3,7,44,deolali
982,https://www.google.com/maps/place/Banjos+The+Food+Chain/data=!4m7!3m6!1s0x3bdd955c4c771b67:0x3ee2e35bc2d4e6e8!8m2!3d19.9036392!4d73.8314937!16s%2Fg%2F11ldm37cdk!19sChIJZxt3TFyV3TsR6ObUwlvj4j4?authuser=0&hl=en&rclk=1,Banjos The Food Chain,255,Restaurant,19.9036392,73.8314937,"Shop No 07, Gurunani Complex, Housan Road, beside indian oil petrol pump",Open,,4.5,6,48,deolali
983,https://www.google.com/maps/place/Hotel+Kitchen+Samrat/data=!4m7!3m6!1s0x3bdd95a68c671a71:0xbdb0555bcd3d2026!8m2!3d19.9332273!4d73.814803!16s%2Fg%2F11fjb3kn2z!19sChIJcRpnjKaV3TsRJiA9zVtVsL0?authuser=0&hl=en&rclk=1,Hotel Kitchen Samrat,255,Restaurant,19.9332273,73.814803,"Near Bhairvanath Temple Wadner, Pathardi - Vadner Dumala Rd",,,4.3,53,37,nashik railway station
984,https://www.google.com/maps/place/Shree+Samarth+Restaurant+KUSUM+MUNDE/data=!4m7!3m6!1s0x3bdd95900c5f55c1:0x1b1e5a09642bf999!8m2!3d19.9136349!4d73.8330063!16s%2Fg%2F11vt7t93k3!19sChIJwVVfDJCV3TsRmfkrZAlaHhs?authuser=0&hl=en&rclk=1,Shree Samarth Restaurant KUSUM MUNDE,255,Fast Food,19.9136349,73.8330063,"Lam Road, Road, near Jamal Sanetryum",,,1,1,49,deolali
985,https://www.google.com/maps/place/Annapurna+foods+and+general+stores/data=!4m7!3m6!1s0x3bdd958bb15370c1:0xa76ed5da66d37c43!8m2!3d19.9143804!4d73.8331006!16s%2Fg%2F11tjl7b_vl!19sChIJwXBTsYuV3TsRQ3zTZtrVbqc?authuser=0&hl=en&rclk=1,Annapurna foods and general stores,255,Vegetarian,19.9143804,73.8331006,"Dastagir baba road shivneri nagar devlali, Lam Rd",Open 24 hours,,4.1,524,48,deolali
986,https://www.google.com/maps/place/Crazy4Veggies+Deolali/data=!4m7!3m6!1s0x3bdd952141837901:0x45dc4d1013a8f541!8m2!3d19.9033596!4d73.8313408!16s%2Fg%2F11wtw_s29k!19sChIJAXmDQSGV3TsRQfWoExBN3EU?authuser=0&hl=en&rclk=1,Crazy4Veggies Deolali,100,Vegan,19.9033596,73.8313408,"SHOP.NO 18, Satish Complex, Howson Rd",Closed,,5,24,44,deolali
987,https://www.google.com/maps/place/Annas+Tiffin+%26+food+corner/data=!4m7!3m6!1s0x3bdd9597b05406e9:0x4f6442100821203a!8m2!3d19.9037451!4d73.8314558!16s%2Fg%2F11n5rmsrb3!19sChIJ6QZUsJeV3TsROiAhCBBCZE8?authuser=0&hl=en&rclk=1,Annas Tiffin & food corner,255,Tiffin center,19.9037451,73.8314558,·,Open 24 hours,,5,2,1,deolali
988,https://www.google.com/maps/place/Bombay/data=!4m7!3m6!1s0x3bdd951969ee53e7:0xbad8bd0dc2bc1d1f!8m2!3d19.9292812!4d73.8338074!16s%2Fg%2F11rcrfkd6f!19sChIJ51PuaRmV3TsRHx28wg292Lo?authuser=0&hl=en&rclk=1,Bombay,100,Restaurant,19.9292812,73.8338074,"Renuka Garden, Bus Stop, Lam Rd",,,4.2,6,54,deolali
989,https://www.google.com/maps/place/Sonu+Veg+%26+Non+Veg+Restaurant/data=!4m7!3m6!1s0x3bdd959b936a7525:0x36e06fcbcc9e5e05!8m2!3d19.905302!4d73.825825!16s%2Fg%2F11b70gqzmt!19sChIJJXVqk5uV3TsRBV6ezMtv4DY?authuser=0&hl=en&rclk=1,Sonu Veg & Non Veg Restaurant,100,Fast Food,19.905302,73.825825,"WR4G+48G, Wadner Road",Opens soon,,4.1,23,20,deolali
990,https://www.google.com/maps/place/Celpin%27s+Kitchen+-+Hoteliers+%26+Caterers/data=!4m7!3m6!1s0x3bdd959ab14c414f:0x781f585c55217806!8m2!3d19.9019216!4d73.8297446!16s%2Fg%2F124szcs00!19sChIJT0FMsZqV3TsRBnghVVxYH3g?authuser=0&hl=en&rclk=1,Celpin's Kitchen - Hoteliers & Caterers,300,Fast Food,19.9019216,73.8297446,,Open,,3.9,63,46,deolali
991,https://www.google.com/maps/place/FOOD+JUNCTION/data=!4m7!3m6!1s0x3bdd9564eec7cc9b:0xa4a4d2c22896d2d4!8m2!3d19.9262738!4d73.8340843!16s%2Fg%2F11vl9g3ndg!19sChIJm8zH7mSV3TsR1NKWKMLSpKQ?authuser=0&hl=en&rclk=1,FOOD JUNCTION,255,Restaurant,19.9262738,73.8340843,"WRGM+GJ4, Lam Rd",,,4.1,524,0,deolali
992,https://www.google.com/maps/place/Pawan+Hotel/data=!4m7!3m6!1s0x3bdd95852431f40f:0x251c8bedce7e9b2d!8m2!3d19.9034999!4d73.831087!16s%2Fg%2F11b70dczvh!19sChIJD_QxJIWV3TsRLZt-zu2LHCU?authuser=0&hl=en&rclk=1,Pawan Hotel,255,Vegetarian,19.9034999,73.831087,"Satish Complex, Housan Road",Open,,3.6,116,38,deolali
993,https://www.google.com/maps/place/Shah+Tiffin/data=!4m7!3m6!1s0x3bdd95546e917643:0x529342f9de88a23c!8m2!3d19.9311077!4d73.833621!16s%2Fg%2F11t2qn9z62!19sChIJQ3aRblSV3TsRPKKI3vlCk1I?authuser=0&hl=en&rclk=1,Shah Tiffin,255,Gujarati,19.9311077,73.833621,·,Open,,4.8,4,48,deolali
994,https://www.google.com/maps/place/Tasty+Treat/data=!4m7!3m6!1s0x3bdd957ae5c1a785:0x4b1fb570b7d6fc9a!8m2!3d19.9223849!4d73.8324525!16s%2Fg%2F11w2m4kjlx!19sChIJhafB5XqV3TsRmvzWt3C1H0s?authuser=0&hl=en&rclk=1,Tasty Treat,255,Restaurant,19.9223849,73.8324525,"WRCJ+XX4, Balgruh Rd",,,4.1,524,19,deolali
995,https://www.google.com/maps/place/Cafe+99/data=!4m7!3m6!1s0x3bdd955700fe1ec9:0xf214a61793d1e176!8m2!3d19.9025838!4d73.8295687!16s%2Fg%2F11q3gvncjr!19sChIJyR7-AFeV3TsRduHRkxemFPI?authuser=0&hl=en&rclk=1,Cafe 99,100,Fast Food,19.9025838,73.8295687,"bus stop, Mulla complex, shop no 5, old",,,3.9,15,15,deolali
996,https://www.google.com/maps/place/Santushti+food+point/data=!4m7!3m6!1s0x3bdd950055c719c9:0x5c0977db8f48fd87!8m2!3d19.9299616!4d73.8342563!16s%2Fg%2F11v_3mc0hh!19sChIJyRnHVQCV3TsRh_1Ij9t3CVw?authuser=0&hl=en&rclk=1,Santushti food point,255,Brunch,19.9299616,73.8342563,"WRHM+XPJ, Lam Rd",,,5,1,18,deolali
997,https://www.google.com/maps/place/RATIZ+KITCHEN/data=!4m7!3m6!1s0x3bdd9534090d4d33:0x856e41840f3b3f79!8m2!3d19.9032539!4d73.8328646!16s%2Fg%2F11jgc6j84g!19sChIJM00NCTSV3TsReT87D4RBboU?authuser=0&hl=en&rclk=1,RATIZ KITCHEN,255,Parsi restaurant,19.9032539,73.8328646,"Parsi Fire Temple Compound, 216, Lam Rd",Open,,5,2,45,deolali
998,"https://www.google.com/maps/place/Domino%27s+Pizza+%7C+Deolali+Camp,+Nashik/data=!4m7!3m6!1s0x3bdd95cbf76f7e5b:0xbd45e195fc894389!8m2!3d19.902792!4d73.833035!16s%2Fg%2F11h500y4r9!19sChIJW35v98uV3TsRiUOJ_JXhRb0?authuser=0&hl=en&rclk=1","Domino's Pizza | deolali, Nashik",255,Pizza,19.902792,73.833035,·,Open,,3.7,831,1,deolali
999,https://www.google.com/maps/place/Mr+samosa/data=!4m7!3m6!1s0x3bdd95007b8b56db:0xf96ac7bc0bd9f1a2!8m2!3d19.9012082!4d73.8282778!16s%2Fg%2F11y54hlb2x!19sChIJ21aLewCV3TsRovHZC7zHavk?authuser=0&hl=en&rclk=1,Mr samosa,255,Fast Food,19.9012082,73.8282778,Main St,Open,,4.8,9,45,deolali
1000,https://www.google.com/maps/place/Amrut+Garden%27s+Iconic+Multi-Cuisine+Restaurant/data=!4m7!3m6!1s0x3bdd951d219fcbd7:0x6dfb91d1ad5a6271!8m2!3d19.929207!4d73.758041!16s%2Fg%2F11t7dndf8g!19sChIJ18ufIR2V3TsRcWJardGR-20?authuser=0&hl=en&rclk=1,Amrut Garden's Iconic Multi-Cuisine Restaurant,300,Restaurant,19.929207,73.758041,Pathardi-Gaulane Rd,Open,,4.3,148,20,pathardi phata
1001,https://www.google.com/maps/place/Green+devlali/data=!4m7!3m6!1s0x3bdd9500391342d3:0x4b46714c3f0b8175!8m2!3d19.9048619!4d73.8313613!16s%2Fg%2F11wqcyrrzx!19sChIJ00ITOQCV3TsRdYELP0xxRks?authuser=0&hl=en&rclk=1,Green devlali,255,Restaurant,19.9048619,73.8313613,Deolali Plaza,,,4.8,524,44,deolali
1002,https://www.google.com/maps/place/Asha+Restaurant/data=!4m7!3m6!1s0x3bddbffd7cb0ce0f:0x31aa63ee448e40a2!8m2!3d19.9505352!4d73.8421421!16s%2Fg%2F11b6xks28x!19sChIJD86wfP2_3TsRokCORO5jqjE?authuser=0&hl=en&rclk=1,Asha Restaurant,100,Restaurant,19.9505352,73.8421421,·,Open,,4.2,46,19,nashik railway station
1003,https://www.google.com/maps/place/Bhole%27s+Rock+%26+Rolls/data=!4m7!3m6!1s0x3bdd9598eae735a9:0xd19312871c1cfaa6!8m2!3d19.9022793!4d73.8291915!16s%2Fg%2F11rjtdz3tt!19sChIJqTXn6piV3TsRpvocHIcSk9E?authuser=0&hl=en&rclk=1,Bhole's Rock & Rolls,255,Fast Food,19.9022793,73.8291915,"409, Main St",Open,,4.3,7,27,nashik railway station
1004,https://www.google.com/maps/place/One+Deolali+cafe+-+Best+Family+Restaurant/data=!4m7!3m6!1s0x3bdd95e2d159f7ff:0xcbff7e72819e3fc3!8m2!3d19.8769811!4d73.814461!16s%2Fg%2F11trrg9pyy!19sChIJ__dZ0eKV3TsRwz-egXJ-_8s?authuser=0&hl=en&rclk=1,One Deolali cafe - Best Family Restaurant,300,Family-friendly,19.8769811,73.814461,·,Closes soon,,4.7,268,20,deolali
1005,https://www.google.com/maps/place/Shivneri+Mutton+Bhakri+Family+Restaurant/data=!4m7!3m6!1s0x3bddbf398dbe378b:0x94ca752cbabd4e38!8m2!3d19.9121261!4d73.8464245!16s%2Fg%2F11vy2ftnv1!19sChIJize-jTm_3TsROE69uix1ypQ?authuser=0&hl=en&rclk=1,Shivneri Mutton Bhakri Family Restaurant,255,Restaurant,19.9121261,73.8464245,"Shevgedarna bridge road, Sansari Gaon",Open,,5,1,48,deolali
1006,https://www.google.com/maps/place/Gaurav+Wada+Pav+Center/data=!4m7!3m6!1s0x3bdd959aea2e1c93:0xb2abe41b7da4159e!8m2!3d19.9029805!4d73.8289211!16s%2Fg%2F11f10f48dh!19sChIJkxwu6pqV3TsRnhWkfRvkq7I?authuser=0&hl=en&rclk=1,Gaurav Wada Pav Center,100,Restaurant,19.9029805,73.8289211,Old Bus Stop,Closed,,4.1,37,48,deolali
1007,https://www.google.com/maps/place/Hotel+Maharashtra+And+Restaurant/data=!4m7!3m6!1s0x3bddc01a8588fdfb:0x8b5ee1646fa8fb65!8m2!3d19.953664!4d73.8373426!16s%2Fg%2F1tdpq3d6!19sChIJ-_2IhRrA3TsRZfuob2ThXos?authuser=0&hl=en&rclk=1,Hotel Maharashtra And Restaurant,255,Maharashtrian Restaurant,19.953664,73.8373426,XR3P+FW8,Open,,4.3,52,44,nashik railway station
1008,https://www.google.com/maps/place/Fusion+restaurant+%26+banquet/data=!4m7!3m6!1s0x3bdd95bee85c8253:0x7e106c48f513d5ca!8m2!3d19.9576017!4d73.8253134!16s%2Fg%2F11q7_0n135!19sChIJU4Jc6L6V3TsRytUT9UhsEH4?authuser=0&hl=en&rclk=1,Fusion restaurant & banquet,255,Restaurant,19.9576017,73.8253134,"K.J, Mehta highschool road, near Dhunda warna ganpati",Open,,5,7,48,deolali
1009,https://www.google.com/maps/place/Hotel+Radhika/data=!4m7!3m6!1s0x3bdd955794ce5e35:0x9ddad00c7ea62dd1!8m2!3d19.9492293!4d73.8405925!16s%2Fg%2F11b706yz8h!19sChIJNV7OlFeV3TsR0S2mfgzQ2p0?authuser=0&hl=en&rclk=1,Hotel Radhika,300,Maharashtrian Restaurant,19.9492293,73.8405925,"Ganesh Market, Dr. Babasaheb Ambedkar Rd, near nashik railway station",Open,,4,654,45,deolali
1010,https://www.google.com/maps/place/Hotel+Rama+Krishna/data=!4m7!3m6!1s0x3bddbfe2a6400001:0xc2dbd203b5dbde0f!8m2!3d19.9476251!4d73.8415843!16s%2Fg%2F1tk6tcj1!19sChIJAQBApuK_3TsRD97btQPS28I?authuser=0&hl=en&rclk=1,Hotel Rama Krishna,100,Vegetarian,19.9476251,73.8415843,near nashik railway station,Open,,4.6,830,16,nashik road
1011,https://www.google.com/maps/place/Shree+Sai+Snacks/data=!4m7!3m6!1s0x3bdd959aba37bf6f:0x6a7a167c6f029433!8m2!3d19.9017859!4d73.8293732!16s%2Fg%2F11b706wpvy!19sChIJb783upqV3TsRM5QCb3wWemo?authuser=0&hl=en&rclk=1,Shree Sai Snacks,255,Restaurant,19.9017859,73.8293732,290,Open,,4,5,48,deolali
1012,https://www.google.com/maps/place/Hotel+shetakri+Family+Restaurant+%26+Garden/data=!4m7!3m6!1s0x3bddbfa11a45dd89:0x43478ca50082e27f!8m2!3d19.8761446!4d73.8441298!16s%2Fg%2F11qsl4_kv6!19sChIJid1FGqG_3TsRf-KCAKWMR0M?authuser=0&hl=en&rclk=1,Hotel shetakri Family Restaurant & Garden,255,Restaurant,19.8761446,73.8441298,·,,,4.3,40,22,vijay nagar
1013,https://www.google.com/maps/place/Bholeshankar+Chaat+Bhandar+%28Appa%27z+Goolgappa%27z%29/data=!4m7!3m6!1s0x3bdd951e13a00c79:0x3999bcaef3fe6e99!8m2!3d19.9023086!4d73.8286623!16s%2Fg%2F11gj4scmrm!19sChIJeQygEx6V3TsRmW7-8668mTk?authuser=0&hl=en&rclk=1,Bholeshankar Chaat Bhandar (Appa'z Goolgappa'z),255,Panipuri shop,19.9023086,73.8286623,·,Open,,4.1,16,4,deolali
1014,https://www.google.com/maps/place/Udupi+Tadka%27s+Hariyali+Veg+Restaurant+%26+Party+Hall/data=!4m7!3m6!1s0x3bdd95571f4c8261:0x138a72656d61049!8m2!3d19.9504!4d73.837564!16s%2Fg%2F11dxdlvbf3!19sChIJYYJMH1eV3TsRSRDWVianOAE?authuser=0&hl=en&rclk=1,Udupi Tadka's Hariyali Veg Restaurant & Party Hall,300,Vegetarian,19.9504,73.837564,·,Open,,4.2,2009,40,nashik railway station
1015,https://www.google.com/maps/place/Bharat+Cold+Drink/data=!4m7!3m6!1s0x3bdd959aa3427081:0x6f5cc168f6ac87c3!8m2!3d19.9014228!4d73.829154!16s%2Fg%2F124st36hc!19sChIJgXBCo5qV3TsRw4es9mjBXG8?authuser=0&hl=en&rclk=1,Bharat Cold Drink,100,Fast Food,19.9014228,73.829154,·,Closed,,4,1101,40,deolali
1016,https://www.google.com/maps/place/Shri+Ganesh+Bhel+And+Farsan/data=!4m7!3m6!1s0x3bdd95d461cc71e3:0x7b74c1ae7644ca6b!8m2!3d19.9476732!4d73.8412769!16s%2Fg%2F11mvncxc0b!19sChIJ43HMYdSV3TsRa8pEdq7BdHs?authuser=0&hl=en&rclk=1,Shri Ganesh Bhel And Farsan,255,Restaurant,19.9476732,73.8412769,"nashik railway station, near Nalanda Hotel",Open,,5,13,55,nashik railway station
1017,https://www.google.com/maps/place/Samrat+Bhagur+County/data=!4m7!3m6!1s0x3bdd958857448d6f:0x3d09f589ff031564!8m2!3d19.8858543!4d73.8329158!16s%2Fg%2F11fl91ml1k!19sChIJb41EV4iV3TsRZBUD_4n1CT0?authuser=0&hl=en&rclk=1,Samrat Bhagur County,300,Maharashtrian Restaurant,19.8858543,73.8329158,·,Open,,4,389,18,deolali
1018,https://www.google.com/maps/place/Bhau%27s+Chinese+Restaurant+Veg+%26+NonVeg/data=!4m7!3m6!1s0x3bdd9557301c4425:0x6f88ba1df75cd712!8m2!3d19.9499341!4d73.8366987!16s%2Fg%2F11cjhjc0qb!19sChIJJUQcMFeV3TsREtdc9x26iG8?authuser=0&hl=en&rclk=1,Bhau's Chinese Restaurant Veg & NonVeg,100,Chinese,19.9499341,73.8366987,WRXP+XMG,Open,,3.9,142,37,deolali
1019,https://www.google.com/maps/place/Pizza+mania/data=!4m7!3m6!1s0x3bdd952cf1bfa057:0x7ff533bd935c7ab7!8m2!3d19.9026814!4d73.8292052!16s%2Fg%2F11pv0jmn26!19sChIJV6C_8SyV3TsRt3pck70z9X8?authuser=0&hl=en&rclk=1,Pizza mania,255,Pizza,19.9026814,73.8292052,"WR3H+3MG, Mithai St",Open now,,3.8,5,44,deolali
1020,https://www.google.com/maps/place/Bholenath+Spice+House/data=!4m7!3m6!1s0x3bdd952d467c4963:0xb044ebecb5273947!8m2!3d19.9040721!4d73.8264178!16s%2Fg%2F11ldc_yyb2!19sChIJY0l8Ri2V3TsRRzkntezrRLA?authuser=0&hl=en&rclk=1,Bholenath Spice House,255,Restaurant,19.9040721,73.8264178,1,Closed,,4.1,524,0,deolali
1021,https://www.google.com/maps/place/Shivshakti+Chat+Corner+And+Restaurant/data=!4m7!3m6!1s0x3bdd959a9a28e70f:0xe8ce98eeeb7ab85a!8m2!3d19.9012662!4d73.8283467!16s%2Fg%2F11b6_t8nm4!19sChIJD-compqV3TsRWrh66-6Yzug?authuser=0&hl=en&rclk=1,Shivshakti Chat Corner And Restaurant,255,Restaurant,19.9012662,73.8283467,near Bus Stop,Open,,3.9,7,0,deolali
1022,https://www.google.com/maps/place/Monty%E2%80%99s+And+Joy+Fresh+Chicken+Shop/data=!4m7!3m6!1s0x3bdd9517fa6002f1:0x81551dc0fc637682!8m2!3d19.9027784!4d73.8295999!16s%2Fg%2F11q1pgwz76!19sChIJ8QJg-heV3TsRgnZj_MAdVYE?authuser=0&hl=en&rclk=1,Monty’s And Joy Fresh Chicken Shop,255,Chicken shop,19.9027784,73.8295999,"Shop no.14 mulla complex, near old busstop",Open,,3,4,54,deolali
1023,https://www.google.com/maps/place/The+Infinity+Momo/data=!4m7!3m6!1s0x3bdd951464bacdd1:0x337fcbcaa1d37033!8m2!3d19.9016875!4d73.8291875!16s%2Fg%2F11y32m9xg3!19sChIJ0c26ZBSV3TsRM3DTocrLfzM?authuser=0&hl=en&rclk=1,The Infinity Momo,255,Fast Food,19.9016875,73.8291875,WR2H+MMX,Closed,,5,1,2,deolali
1024,https://www.google.com/maps/place/Vaishnavi+Parcel+Point+and+Mess/data=!4m7!3m6!1s0x3bdd953343a4e057:0x75b22e554a3b6607!8m2!3d19.9579044!4d73.8257235!16s%2Fg%2F11ny_6484x!19sChIJV-CkQzOV3TsRB2Y7SlUusnU?authuser=0&hl=en&rclk=1,Vaishnavi Parcel Point and Mess,255,Vegetarian,19.9579044,73.8257235,XR5G+579,Open,,4.8,18,72,deolali
1025,https://www.google.com/maps/place/Ashoka+Foods+Corner/data=!4m7!3m6!1s0x3bdd957e3110c52f:0x2c84a75a8f61fe22!8m2!3d19.902832!4d73.8295471!16s%2Fg%2F11wc6qbcxh!19sChIJL8UQMX6V3TsRIv5hj1qnhCw?authuser=0&hl=en&rclk=1,Ashoka Foods Corner,255,Restaurant,19.902832,73.8295471,"Shop No 1, Mithai St",,,4.1,524,36,deolali
1026,https://www.google.com/maps/place/KERALITES+RESTAURANT/data=!4m7!3m6!1s0x3bdd9500698bb68f:0xbb2d0c6d344273c4!8m2!3d19.9462507!4d73.8256981!16s%2Fg%2F11w9y7wm6s!19sChIJj7aLaQCV3TsRxHNCNG0MLbs?authuser=0&hl=en&rclk=1,KERALITES RESTAURANT,255,Fast Food,19.9462507,73.8256981,,Open,,4.7,3,97,deolali
1027,https://www.google.com/maps/place/Green+inn+Pure+Veg+-+Best+Restaurant+in+Nashik/data=!4m7!3m6!1s0x3bddeb0b86092d45:0x34b6293e19ec854f!8m2!3d19.9767927!4d73.8371616!16s%2Fg%2F11v3tzw5lm!19sChIJRS0Jhgvr3TsRT4XsGT4ptjQ?authuser=0&hl=en&rclk=1,Green inn Pure Veg - Best Restaurant in Nashik,300,North Indian,19.9767927,73.8371616,"Shop no. 7/8/9, Business Icon, Jail Rd, behind Indira Gandhi Statue",Open,,3.8,85,86,jail road
1028,https://www.google.com/maps/place/Gazebo+Pure+Veg+Family+Restaurant/data=!4m7!3m6!1s0x3bdd957b3b3862e3:0xd1488fa90487c593!8m2!3d19.9232856!4d73.8338601!16s%2Fg%2F11cmsf2xbr!19sChIJ42I4O3uV3TsRk8WHBKmPSNE?authuser=0&hl=en&rclk=1,Gazebo Pure Veg Family Restaurant,300,Punjabi,19.9232856,73.8338601,"Lam Rd, near Bhatia Stop",,,3.7,1213,68,deolali
1029,https://www.google.com/maps/place/UD%27s+Kitchen/data=!4m7!3m6!1s0x3bdd95b0b9947167:0xc492e8bcc9e19873!8m2!3d19.9231566!4d73.8346219!16s%2Fg%2F11m_drbjw2!19sChIJZ3GUubCV3TsRc5jhybzoksQ?authuser=0&hl=en&rclk=1,UD's Kitchen,255,Restaurant,19.9231566,73.8346219,"Belatgaon, Road, Mande service station Vijay Nagar",,,5,3,81,vijay nagar
1030,https://www.google.com/maps/place/Mahalaxmi+pani+puri+center/data=!4m7!3m6!1s0x3bdd9543528bb1f7:0x77e8242e33fcf64c!8m2!3d19.9060809!4d73.8261467!16s%2Fg%2F11y5rqgb_z!19sChIJ97GLUkOV3TsRTPb8My4k6Hc?authuser=0&hl=en&rclk=1,Mahalaxmi pani puri center,255,Fast Food,19.9060809,73.8261467,limit Market road,Closed,,4.5,524,86,deolali
1031,https://www.google.com/maps/place/IRCTC+-+Swapnam+Veg+Restaurant/data=!4m7!3m6!1s0x3bddbfa4b9010839:0x87cab076f8c4bad7!8m2!3d19.9479893!4d73.8421092!16s%2Fg%2F11h7ks37mg!19sChIJOQgBuaS_3TsR17rE-Hawyoc?authuser=0&hl=en&rclk=1,IRCTC - Swapnam Veg Restaurant,300,Restaurant,19.9479893,73.8421092,WRXR+5RX,Open 24 hours,,2.5,11,109,nashik railway station
1032,https://www.google.com/maps/place/HOTEL+SAMARTH+Lam+Road/data=!4m7!3m6!1s0x3bdd95b7c57d4949:0xbfe7c1bbc033c339!8m2!3d19.9272074!4d73.8339534!16s%2Fg%2F11ll4658t3!19sChIJSUl9xbeV3TsROcMzwLvB578?authuser=0&hl=en&rclk=1,HOTEL SAMARTH Lam Road,255,Indian,19.9272074,73.8339534,"Naka, Naka Octroi Collection, Lam Rd",,,5,2,98,deolali
1033,https://www.google.com/maps/place/Caf%C3%A9+432/data=!4m7!3m6!1s0x3bdd959a9a0d434b:0xd47bc652e8b0593f!8m2!3d19.9014675!4d73.8282685!16s%2Fg%2F11f5dy28jc!19sChIJS0MNmpqV3TsRP1mw6FLGe9Q?authuser=0&hl=en&rclk=1,Café 432,300,Restaurant,19.9014675,73.8282685,·,,,4.1,569,98,deolali
1036,https://www.google.com/maps/place/Sraptsrungi+Samosa+Canter/data=!4m7!3m6!1s0x3bdd95e198fc1e81:0x469be5a71017f265!8m2!3d19.9050935!4d73.8325942!16s%2Fg%2F11tk9k9sb0!19sChIJgR78mOGV3TsRZfIXEKflm0Y?authuser=0&hl=en&rclk=1,Sraptsrungi Samosa Canter,255,Fast Food,19.9050935,73.8325942,"Dalai Camp, Deolali Plaza, Shop No 1 Devlali",,,5,1,50,deolali
1037,https://www.google.com/maps/place/Hotel+The+Orange+Tree.veg%2Fnon+veg+family+restaurants/data=!4m7!3m6!1s0x3bdd95956311e92f:0xbcf595938a51f90a!8m2!3d19.9431284!4d73.7913323!16s%2Fg%2F11y78thzv5!19sChIJL-kRY5WV3TsRCvlRipOV9bw?authuser=0&hl=en&rclk=1,Hotel The Orange Tree.veg/non veg family restaurants,255,Restaurant,19.9431284,73.7913323,"Vijay farm, vadner- pathardi road",,,4.5,2,91,pathardi phata
1038,https://www.google.com/maps/place/THICK+N+THIN/data=!4m7!3m6!1s0x3bdd950063c8a0b1:0x72d52efe76a309cd!8m2!3d19.9165186!4d73.8333275!16s%2Fg%2F11vxpj6qld!19sChIJsaDIYwCV3TsRzQmjdv4u1XI?authuser=0&hl=en&rclk=1,THICK N THIN,255,Restaurant,19.9165186,73.8333275,"46,GODSE MALA LAM ROAD, DEOLALI",,,3.5,524,77,deolali
1039,https://www.google.co.in/maps/place/Athavan+Family+Restaurant/data=!4m7!3m6!1s0x3bddead908103c51:0x423a7e0aba496609!8m2!3d19.9703969!4d73.7982981!16s%2Fg%2F1yh9ncfz8!19sChIJUTwQCNnq3TsRCWZJugp-OkI?authuser=0&hl=en&rclk=1,Athavan Family Restaurant,300,Chinese,19.9703969,73.7982981,"Near MS Deore Petrol Pump,Vadala Shivar, near Deore Petrolpump, Canal Rd, near Ashoka Hospital",,,3.9,507,72,indira nagar
1040,https://www.google.co.in/maps/place/Samarkand+Restaurant/data=!4m7!3m6!1s0x3bddeb163d2d182d:0xb1bf4cb8afd95e44!8m2!3d19.977805!4d73.7787978!16s%2Fg%2F11h13rrz5!19sChIJLRgtPRbr3TsRRF7Zr7hMv7E?authuser=0&hl=en&rclk=1,Samarkand Restaurant,300,North Indian,19.977805,73.7787978,·,,,4.2,380,70,indira nagar
1041,https://www.google.co.in/maps/place/Greenfield%27s+Krishna+Veg+D%27lite/data=!4m7!3m6!1s0x3bddebe227ffd8f9:0xeda019f4a13fa288!8m2!3d19.9800336!4d73.7808437!16s%2Fg%2F11qrtpm_62!19sChIJ-dj_J-Lr3TsRiKI_ofQZoO0?authuser=0&hl=en&rclk=1,Greenfield's Krishna Veg D'lite,100,Vegetarian,19.9800336,73.7808437,·,,,4,864,69,indira nagar
1042,https://www.google.co.in/maps/place/Mughlai+Magic/data=!4m7!3m6!1s0x3bc2eb950afa7175:0xf7ad80675bc609e8!8m2!3d19.9829397!4d73.7951513!16s%2Fg%2F11l6vcjvlt!19sChIJdXH6CpXrwjsR6AnGW2eArfc?authuser=0&hl=en&rclk=1,Mughlai Magic,300,Biryani,19.9829397,73.7951513,"S.No.863, P, No.8, Pakhal Rd, near Al Ashraf Foundation",,,4.9,61,72,ashoka marg
1043,https://www.google.co.in/maps/place/AL-BAIK.COM/data=!4m7!3m6!1s0x3bddeb387a6078c7:0xfd98c5572f2d091!8m2!3d19.9809359!4d73.7978088!16s%2Fg%2F11t6nm_y2j!19sChIJx3hgejjr3TsRkdDyclWM2Q8?authuser=0&hl=en&rclk=1,AL-BAIK.COM,300,Hamburger,19.9809359,73.7978088,"Shop no 2 Shree Ganesh Enkclave Apartment, Ashoka Marg, near Ashoka Tower",,,4.3,131,63,ashoka marg
1044,https://www.google.co.in/maps/place/Shamsundar+Misal+-+Ashoka+Marg+Branch/data=!4m7!3m6!1s0x3bddeb3ac1e7a375:0x486e8c4dbcd7d8a8!8m2!3d19.9812183!4d73.7948589!16s%2Fg%2F11q52c96qr!19sChIJdaPnwTrr3TsRqNjXvE2Mbkg?authuser=0&hl=en&rclk=1,Shamsundar Misal - Ashoka Marg Branch,100,Restaurant,19.9812183,73.7948589,"XQJV+FW9 Earth Wind & Flavour Food Court, Ashoka Marg",,,4.4,159,72,ashoka marg
1045,https://www.google.co.in/maps/place/Shri+Ekveera+foods/data=!4m7!3m6!1s0x3bddeb8084d5113f:0x15c8544d980ca852!8m2!3d19.9713065!4d73.7819122!16s%2Fg%2F11jpk96yv2!19sChIJPxHVhIDr3TsRUqgMmE1UyBU?authuser=0&hl=en&rclk=1,Shri Ekveera foods,255,Restaurant,19.9713065,73.7819122,,,,4.8,93,72,indira nagar
1046,https://www.google.co.in/maps/place/Zayka+Family+Restro/data=!4m7!3m6!1s0x3bddeb33e8a58f89:0x64d3ea63526e3237!8m2!3d19.9660976!4d73.7682246!16s%2Fg%2F11pkbxg6z4!19sChIJiY-l6DPr3TsRNzJuUmPq02Q?authuser=0&hl=en&rclk=1,Zayka Family Restro,300,Restaurant,19.9660976,73.7682246,Corner,,,4.5,17,72,rane nagar
1047,https://www.google.co.in/maps/place/Nutribent/data=!4m7!3m6!1s0x3bddebb9e01a9d63:0x4b23c527ed25263f!8m2!3d19.9798863!4d73.7806907!16s%2Fg%2F11s8wywkld!19sChIJY50a4Lnr3TsRPyYl7SfFI0s?authuser=0&hl=en&rclk=1,Nutribent,200,Health Food,19.9798863,73.7806907,Mumbai - Agra Rd,,,5,10,69,deepali nagar
1048,"https://www.google.co.in/maps/place/Just+Tadka,+Hotel+Sai+Saya/data=!4m7!3m6!1s0x3bddeb9577cc6b17:0xdaa5c984e33d2f90!8m2!3d19.9770538!4d73.7785151!16s%2Fg%2F11llx29pqt!19sChIJF2vMd5Xr3TsRkC8944TJpdo?authuser=0&hl=en&rclk=1","Just Tadka, Hotel Sai Saya",500,Indian,19.9770538,73.7785151,·,,,3.7,114,72,indira nagar
1049,https://www.google.co.in/maps/place/TakeAway+Nest/data=!4m7!3m6!1s0x3bddeb2f27bf7bb3:0x72a8bfca126784e4!8m2!3d19.9709553!4d73.7819916!16s%2Fg%2F11nnfj0xhr!19sChIJs3u_Jy_r3TsR5IRnEsq_qHI?authuser=0&hl=en&rclk=1,TakeAway Nest,255,Takeout restaurant,19.9709553,73.7819916,"Madhav Smruti, near Triumph Institute, Sant",,,5,7,80,indira nagar
1050,https://www.google.co.in/maps/place/Khauwale+Gokhale%27s+Veg+Biryani+Point/data=!4m7!3m6!1s0x3bddeb5b92f10109:0x95af666881bbd88!8m2!3d19.9697321!4d73.7796239!16s%2Fg%2F11p02lxk2g!19sChIJCQHxklvr3TsRiL0biGb2Wgk?authuser=0&hl=en&rclk=1,Khauwale Gokhale's Veg Biryani Point,255,Family-friendly,19.9697321,73.7796239,"27, Rane Nagar- Indira Nagar Link Rd",,,5,1,64,indira nagar
1051,https://www.google.co.in/maps/place/FFC+MEAL+ZONE/data=!4m7!3m6!1s0x3bddebb70f7607df:0x4d5638f6c4822804!8m2!3d19.9804781!4d73.8000508!16s%2Fg%2F11shyw8hdr!19sChIJ3wd2D7fr3TsRBCiCxPY4Vk0?authuser=0&hl=en&rclk=1,FFC MEAL ZONE,100,Tiffin center,19.9804781,73.8000508,"First Floor, Ramayan Bungalow, opp Ashoka sweets,Kalpataru lane no 3, Ashoka Marg, behind kartiki Pavbhaji, opp. playground",,,5,25,63,ashoka marg
1052,https://www.google.co.in/maps/place/Cafe+Calido+-+Enrise+by+Sayaji+Nashik/data=!4m7!3m6!1s0x3bddeb908b8c1977:0x3670448a52f0753c!8m2!3d19.9784054!4d73.7850047!16s%2Fg%2F11pyp2h8r6!19sChIJdxmMi5Dr3TsRPHXwUopEcDY?authuser=0&hl=en&rclk=1,Cafe Calido - Enrise by Sayaji Nashik,500,Restaurant,19.9784054,73.7850047,"Jogging Track, opp. City Garden, near Indira Nagar",,,4.1,44,58,indira nagar
1053,https://www.google.co.in/maps/place/HOTEL+JAYESH/data=!4m7!3m6!1s0x3bddedc5ad0c4c83:0x763987880bb76d06!8m2!3d19.9801569!4d73.7475847!16s%2Fg%2F11qhxggpyd!19sChIJg0wMrcXt3TsRBm23C4iHOXY?authuser=0&hl=en&rclk=1,HOTEL JAYESH,200,Chinese,19.9801569,73.7475847,"Hôtel Jayesh Infront Of Bank Of Baroda, ITI Ambad Rd",,,4.2,63,73,ambad
1054,https://www.google.com/maps/place/Mother%27s+Food+Hub/data=!4m7!3m6!1s0x3bddebdd094c606f:0x501320c01ecdb7a0!8m2!3d20.0331541!4d73.8003383!16s%2Fg%2F11khh80hx4!19sChIJb2BMCd3r3TsRoLfNHsAgE1A?authuser=0&hl=en&rclk=1,Mother's Food Hub,255,Restaurant,20.0331541,73.8003383,"Shop No 1, near Mahsrul Police station",,,4.8,17,70,mhasrul
1055,https://www.google.com/maps/place/Shraddha%27z+Buffet/data=!4m7!3m6!1s0x3bddeb007d8789f3:0x9d63cd94f0a2e45a!8m2!3d20.0329493!4d73.8044141!16s%2Fg%2F11w3rbzr_0!19sChIJ84mHfQDr3TsRWuSi8JTNY50?authuser=0&hl=en&rclk=1,Shraddha'z Buffet,255,Restaurant,20.0329493,73.8044141,"Tulsi Ratna Apartment, Chhatrapati Shivaji Maharaj Chowk, Dindori Rd, behind Meri Colony, opposite R",·,,4.3,17,73,meri
1056,https://www.google.com/maps/place/Ajay+Lunch+Home/data=!4m7!3m6!1s0x3bddea31261c44ad:0xeb10735dc9285455!8m2!3d20.0320771!4d73.8033525!16s%2Fg%2F11b6xrdmcl!19sChIJrUQcJjHq3TsRVVQoyV1zEOs?authuser=0&hl=en&rclk=1,Ajay Lunch Home,255,Restaurant,20.0320771,73.8033525,"Shop No. 9, Meri Shopping Center, Didori Rd",·,,4,11,60,meri
1057,https://www.google.com/maps/place/Annapurnay+Misal+%26+Parcel+Point/data=!4m7!3m6!1s0x3bddeb8e03fe261d:0xa6062223a33a7554!8m2!3d20.0332955!4d73.80131!16s%2Fg%2F11y3kb4s5p!19sChIJHSb-A47r3TsRVHU6oyMiBqY?authuser=0&hl=en&rclk=1,Annapurnay Misal & Parcel Point,255,Restaurant,20.0332955,73.80131,"Kulashree Bunglow, Plot No 42, MERI RTO Link Road",·,,4.6,10,74,makmalabad
1058,https://www.google.com/maps/place/Crown+palace/data=!4m7!3m6!1s0x3bddeb312c1c724f:0x7fb348c6054d44ac!8m2!3d20.0311397!4d73.7951962!16s%2Fg%2F11t5ttn_6x!19sChIJT3IcLDHr3TsRrERNBcZIs38?authuser=0&hl=en&rclk=1,Crown palace,255,Family-friendly,20.0311397,73.7951962,"14, Peth Rd",·,,3.7,22,73,dindori
1059,https://www.google.com/maps/place/Rudra+Pure+Veg+Chinese/data=!4m7!3m6!1s0x3bdde9662c55bcab:0xe4046683c262c420!8m2!3d20.0345542!4d73.8035432!16s%2Fg%2F11qb5t2mnm!19sChIJq7xVLGbp3TsRIMRiwoNmBOQ?authuser=0&hl=en&rclk=1,Rudra Pure Veg Chinese,255,Chinese,20.0345542,73.8035432,·,·,,4.8,4,73,dindori
1060,https://www.google.com/maps/place/Zatka+Panipuri/data=!4m7!3m6!1s0x3bddeb423a5e3121:0xa78f0df959e58372!8m2!3d20.0338795!4d73.8035848!16s%2Fg%2F11nxq0z4lt!19sChIJITFeOkLr3TsRcoPlWfkNj6c?authuser=0&hl=en&rclk=1,Zatka Panipuri,255,Panipuri shop,20.0338795,73.8035848,·,·,,4.5,1197,74,dindori
1061,https://www.google.com/maps/place/New+Vakratund+Restaurant+And+Parcel+Point/data=!4m7!3m6!1s0x3bddeb320a851db5:0x2439bbfa85b65a83!8m2!3d20.0344172!4d73.803213!16s%2Fg%2F11tg8tn244!19sChIJtR2FCjLr3TsRg1q2hfq7OSQ?authuser=0&hl=en&rclk=1,New Vakratund Restaurant And Parcel Point,255,Family-friendly,20.0344172,73.803213,"2RM3+Q78, Above State Bank of india Dindori Road, Meri - Rasbihari Link Rd",·,,3.4,5,74,dindori
1062,https://www.google.com/maps/place/Hotel+Shabri/data=!4m7!3m6!1s0x3bddebfe2806a9e1:0xd243db2952c6cbe2!8m2!3d20.0320399!4d73.8030802!16s%2Fg%2F11q9j8jyw0!19sChIJ4akGKP7r3TsR4svGUinbQ9I?authuser=0&hl=en&rclk=1,Hotel Shabri,255,Restaurant,20.0320399,73.8030802,"Meri colony, R.T.O.Corner, Dindori Rd",·,,3.6,5,74,dindori
1063,https://www.google.com/maps/place/Nashik+Chicken+Center/data=!4m7!3m6!1s0x3bddeb95663d48f1:0x47654030aeada929!8m2!3d20.0338148!4d73.8030156!16s%2Fg%2F11mvnkc4xp!19sChIJ8Ug9ZpXr3TsRKamtrjBAZUc?authuser=0&hl=en&rclk=1,Nashik Chicken Center,255,Chicken shop,20.0338148,73.8030156,"Shop no 4, Bhrmaputra Housing Society, near state bank of India",,,5,5,74,makmalabad
1064,https://www.google.com/maps/place/Hotel+Vihaan/data=!4m7!3m6!1s0x3bddea4722556559:0x949174a6b5a76ce7!8m2!3d20.0239938!4d73.8112061!16s%2Fg%2F11c5bnpc68!19sChIJWWVVIkfq3TsR52yntaZ0kZQ?authuser=0&hl=en&rclk=1,Hotel Vihaan,255,Family-friendly,20.0239938,73.8112061,2RF6+HFW,·,,4.1,116,72,makmalabad
1065,https://www.google.com/maps/place/Hotel+Vedant/data=!4m7!3m6!1s0x3bddeb005a5a03bb:0x7b05481985d1f74a!8m2!3d20.0314955!4d73.7939854!16s%2Fg%2F11ybrkscs3!19sChIJuwNaWgDr3TsRSvfRhRlIBXs?authuser=0&hl=en&rclk=1,Hotel Vedant,255,Indian,20.0314955,73.7939854,2QJV+HHX,,,5,1,73,makmalabad
1066,https://www.google.com/maps/place/FAMILY+RESTAURANT/data=!4m7!3m6!1s0x3bddea3351673b25:0x80b7437fd7f20af1!8m2!3d20.0310795!4d73.7952459!16s%2Fg%2F11vxrkq28l!19sChIJJTtnUTPq3TsR8Qry139Dt4A?authuser=0&hl=en&rclk=1,FAMILY RESTAURANT,255,Restaurant,20.0310795,73.7952459,"Samarth Nagar, Makhmalabad, Nashik, Maharashtra 422004",,,5,524,36,makmalabad
1067,https://www.google.com/maps/place/RUDRA+SOUTH+INDIAN+FOOD+MUKESH+THAKARE/data=!4m7!3m6!1s0x3bddebbddf6f776b:0xedcf502dd81acd25!8m2!3d20.0248564!4d73.8047915!16s%2Fg%2F11sc_gl0fs!19sChIJa3dv373r3TsRJc0a2C1Qz-0?authuser=0&hl=en&rclk=1,RUDRA SOUTH INDIAN FOOD MUKESH THAKARE,255,Fast Food,20.0248564,73.8047915,"Shop No 1, Sabhaji Maharaj Chok",·,,5,3,80,dindori
1068,https://www.google.com/maps/place/Annapurna+Dabeli/data=!4m7!3m6!1s0x3bddeb0d15b50e8b:0x94d595bfdd84950c!8m2!3d20.0354764!4d73.8040672!16s%2Fg%2F11h55z82tq!19sChIJiw61FQ3r3TsRDJWE3b-V1ZQ?authuser=0&hl=en&rclk=1,Annapurna Dabeli,255,Fast Food,20.0354764,73.8040672,"2RP3+5JW, Devraj Complex, Shree Samarth Rd, beside Pooja Gift Gallery",·,,4.7,13,66,dindori
1069,https://www.google.com/maps/place/Ray%27s+CrispyCo./data=!4m7!3m6!1s0x3bddebbfdf9f64d5:0xd6f4b132e7e1bfeb!8m2!3d20.0356102!4d73.8088979!16s%2Fg%2F11wqb60wm2!19sChIJ1WSf37_r3TsR67_h5zKx9NY?authuser=0&hl=en&rclk=1,Ray's CrispyCo.,255,Cafe,20.0356102,73.8088979,"Shop No. 2, Pushpak Paradise Lane, 6, Dindori Rd, opp. Omkar Park, Kalananagar, Vaiduwadi, Nashik, Maharashtra 422004",·,,5,3,19,dindori
1070,https://www.google.com/maps/place/Madhur+Food+Plaza/data=!4m7!3m6!1s0x3bddea3034b2fcad:0x338a32a4bcc51880!8m2!3d20.0360239!4d73.803623!16s%2Fg%2F11bx2hpmzx!19sChIJrfyyNDDq3TsRgBjFvKQyijM?authuser=0&hl=en&rclk=1,Madhur Food Plaza,255,Sweet shop,20.0360239,73.803623,"Shiv Plaza, near Reliance Petrol Pump, Swadya Nagar, Sneha Nagar, Nashik, Maharashtra 422004",·,,3.8,625,19,dindori
1071,https://www.google.com/maps/place/Mahalaxmi+Hotel/data=!4m7!3m6!1s0x3bddebcc8c993e5b:0x1e18ee5dfa9f58a2!8m2!3d20.0316851!4d73.7923619!16s%2Fg%2F11f3js9pzp!19sChIJWz6ZjMzr3TsRolif-l3uGB4?authuser=0&hl=en&rclk=1,Mahalaxmi Hotel,255,Restaurant,20.0316851,73.7923619,"2QJR+MWH, sharad chandra pawar market tomato department, Peth Rd",·,,4.2,5,19,dindori
1072,https://www.google.com/maps/place/Mr+wadewala/data=!4m7!3m6!1s0x3bddebad1f724651:0x9b5c4acbb8e03f88!8m2!3d20.0359828!4d73.8031009!16s%2Fg%2F11vz3qzknh!19sChIJUUZyH63r3TsRiD_guMtKXJs?authuser=0&hl=en&rclk=1,Mr wadewala,255,Fast Food,20.0359828,73.8031009,"Reliance petrol pump, Dindori Rd, near pvg college",·,,5,2,19,dindori
1073,https://www.google.com/maps/place/Shreenath+Bhel+Pakodi+Center/data=!4m7!3m6!1s0x3bddeb1bab52ce8f:0x39b00495fbc183c4!8m2!3d20.0331331!4d73.8023146!16s%2Fg%2F11rv9456dy!19sChIJj85Sqxvr3TsRxIPB-5UEsDk?authuser=0&hl=en&rclk=1,Shreenath Bhel Pakodi Center,255,Fast Food,20.0331331,73.8023146,"Shop No, Bhaji Markt Samor, 1, Dindori Rd",·,,3,2,19,dindori
1074,https://www.google.com/maps/place/Yahoo+Chinese+Corner+-+Best+Chinese+in+Nashik/data=!4m7!3m6!1s0x3bddeb001ad730a3:0x68d82cb161480f5b!8m2!3d20.0355483!4d73.805865!16s%2Fg%2F11vs68w638!19sChIJozDXGgDr3TsRWw9IYbEs2Gg?authuser=0&hl=en&rclk=1,Yahoo Chinese Corner - Best Chinese in Nashik,255,Chinese,20.0355483,73.805865,"Yahoo Chinese Corner, Dindori Rd, in front of reliance petrol pump",·,,4.5,2,19,dindori
1075,https://www.google.com/maps/place/Navnath+krupa+masala+doodh+centre/data=!4m7!3m6!1s0x3bddeb0027bc4c37:0x28ad9f830811c9c0!8m2!3d20.0362274!4d73.803695!16s%2Fg%2F11ltg6tmtk!19sChIJN0y8JwDr3TsRwMkRCIOfrSg?authuser=0&hl=en&rclk=1,Navnath krupa masala doodh centre,255,Indian,20.0362274,73.803695,"2RP3+FFW, Dindori Rd",,,5,4,19,dindori
1076,https://www.google.com/maps/place/FOOD+GORNER/data=!4m7!3m6!1s0x3bddea306a0bb93f:0x18364b3425e2dcb7!8m2!3d20.0355908!4d73.8052072!16s%2Fg%2F11vzbl_mz6!19sChIJP7kLajDq3TsRt9ziJTRLNhg?authuser=0&hl=en&rclk=1,FOOD GORNER,255,Restaurant,20.0355908,73.8052072,"2RP4+63P, Shree Samarth Rd",·,,4,524,19,dindori
1077,https://www.google.com/maps/place/shambho%27s+Sandwich+Centre/data=!4m7!3m6!1s0x3bddeb0a1c321bcf:0xa863fbe3d1370351!8m2!3d20.0362283!4d73.8024529!16s%2Fg%2F11kqrg0l8z!19sChIJzxsyHArr3TsRUQM30eP7Y6g?authuser=0&hl=en&rclk=1,shambho's Sandwich Centre,255,Sandwich,20.0362283,73.8024529,"Reliance petrol pump, Dindori Rd, opp. chai tapri",·,,4.8,6,19,dindori
1078,https://www.google.com/maps/place/NAVNATHKRUPA+POHA+SENTER/data=!4m7!3m6!1s0x3bddeb4740ba44b1:0x1eacb3218d1cc864!8m2!3d20.0362322!4d73.8036979!16s%2Fg%2F11t4dqgqh1!19sChIJsUS6QEfr3TsRZMgcjSGzrB4?authuser=0&hl=en&rclk=1,NAVNATHKRUPA POHA SENTER,255,Fast Food,20.0362322,73.8036979,"Shop No 1, Reliance Petrol Pump, Dindori Rd, near Bay",·,,4.5,4,19,dindori
1079,"https://www.google.com/maps/place/Nilesh+Enterprises+-+Tasty+Tea+Katta+-+Best+place+for+Tea+%26+Snacks+in+Mhasarul,+Nashik/data=!4m7!3m6!1s0x3bddeb6dba835009:0x9835c6a354e11955!8m2!3d20.0350718!4d73.8040311!16s%2Fg%2F11lzcqsmd_!19sChIJCVCDum3r3TsRVRnhVKPGNZg?authuser=0&hl=en&rclk=1","Nilesh Enterprises - Tasty Tea Katta - Best place for Tea & Snacks in Mhasarul, Nashik",255,Tea store,20.0350718,73.8040311,"Shop No 12, Basement, Siddhant Plaza, Dindori Rd, opp. Croma, opp. SBI",,,4.9,7,19,dindori
1080,https://www.google.com/maps/place/Shetkari+vadewale/data=!4m7!3m6!1s0x3bddeb0045c05327:0xd16c09dce4510d33!8m2!3d20.0359501!4d73.8038882!16s%2Fg%2F11w_mjdpf8!19sChIJJ1PARQDr3TsRMw1R5NwJbNE?authuser=0&hl=en&rclk=1,Shetkari vadewale,255,Fast Food,20.0359501,73.8038882,"2RP3+9HJ, Dindori Rd",,,4,524,19,dindori
1081,https://www.google.com/maps/place/Ambaz+Chinese+restaurant/data=!4m7!3m6!1s0x3bddeb0032a39db9:0xe5b1a358194daaab!8m2!3d20.0208362!4d73.7859412!16s%2Fg%2F11vrmv8fg1!19sChIJuZ2jMgDr3TsRq6pNGVijseU?authuser=0&hl=en&rclk=1,Ambaz Chinese restaurant,255,Chinese,20.0208362,73.7859412,"37, Makhmalabad Rd",·,,5,3,19,makmalabad
1082,https://www.google.com/maps/place/SHREE+SAPTSHRUNGI+DOSA+CENTER/data=!4m7!3m6!1s0x3bddebac66de144d:0xbfca1e15d8b88c94!8m2!3d20.0239571!4d73.8112063!16s%2Fg%2F11sgkczv8w!19sChIJTRTeZqzr3TsRlIy42BUeyr8?authuser=0&hl=en&rclk=1,SHREE SAPTSHRUNGI DOSA CENTER,255,Fast Food,20.0239571,73.8112063,"Shop N 1, Shiv Nagar",·,,4.1,524,19,amrutdham
1104,https://www.google.co.in/maps/place/Spice+Route/data=!4m7!3m6!1s0x3bddec76ad0ca72d:0xdfefa9d5991ad750!8m2!3d20.0135455!4d73.7421345!16s%2Fg%2F11bxg89k32!19sChIJLacMrXbs3TsRUNcamdWp798?authuser=0&hl=en&rclk=1,Spice Route,255,Fine Dining,20.0135455,73.7421345,"2, Gangapur Rd, behind Union Bank, Navshya Ganapati Parisar, Ganpati Nagar, Anandvalli, Nashik, Maharashtra 422013",Open,,4,2264,126,gangapur road
1105,https://www.google.co.in/maps/place/The+Callisto-Multi+Cuisine+Restaurant+%26+Bar+in+Nashik/data=!4m7!3m6!1s0x3bddedc4777158d5:0x370f0002049fcefa!8m2!3d20.0140023!4d73.738725!16s%2Fg%2F11jqtrvk3q!19sChIJ1Vhxd8Tt3TsR-s6fBAIADzc?authuser=0&hl=en&rclk=1,The Callisto-Multi Cuisine Restaurant & Bar in Nashik,255,North Indian,20.0140023,73.738725,"Plot No.: 4,5, Survey No.: 50/2, Gangapur Rd, Anand Nagar, Anandvalli, Nashik, Maharashtra 422013",Open,,4.2,1388,64,gangapur road
1106,https://www.google.co.in/maps/place/Nashik+Lunch+Home/data=!4m7!3m6!1s0x3bdded614686dae1:0xaee305099c43f0fa!8m2!3d20.0101137!4d73.7446701!16s%2Fg%2F11kk1g6www!19sChIJ4dqGRmHt3TsR-vBDnAkF464?authuser=0&hl=en&rclk=1,Nashik Lunch Home,500,Restaurant,20.0101137,73.7446701,"ruturang, Nakshatra, Ground floor, pipeline road, survey no-30, besides, 14, lawns",Open,,4.3,710,100,gangapur road
1107,https://www.google.co.in/maps/place/Udupi+Tadka+Gokul+Hotel/data=!4m7!3m6!1s0x3bdded5cb7946e53:0x46160f047ad007d9!8m2!3d20.0218731!4d73.7232427!16s%2Fg%2F11ghlvfcxd!19sChIJU26Ut1zt3TsR2QfQegQPFkY?authuser=0&hl=en&rclk=1,Udupi Tadka Gokul Hotel,300,Vegetarian,20.0218731,73.7232427,"Gangapur Rd, Jalapur, Nashik, Maharashtra 422013",Open,,4.3,2563,36,gangapur road
1108,https://www.google.co.in/maps/place/Sadhana+Chulivarchi+Misal/data=!4m7!3m6!1s0x3bddec3ef7737e75:0x6158d3bc86aa2eba!8m2!3d20.0216608!4d73.7208696!16s%2Fg%2F11b6j67zv7!19sChIJdX5z9z7s3TsRui6qhrzTWGE?authuser=0&hl=en&rclk=1,Sadhana Chulivarchi Misal,100,Maharashtrian Restaurant,20.0216608,73.7208696,"·Hardev Baug, Gangapur - Satpur Link Rd, near Someshwar, Bardan Phata, Nashik, Maharashtra 422222",Open,,4.3,25398,78,gangapur road
1109,https://www.google.co.in/maps/place/Divtya+Budhlya+Wada/data=!4m7!3m6!1s0x3bddec7639ff0851:0x2761ebecfd12688d!8m2!3d20.0125319!4d73.7466701!16s%2Fg%2F1vnrp1wz!19sChIJUQj_OXbs3TsRjWgS_ezrYSc?authuser=0&hl=en&rclk=1,Divtya Budhlya Wada,400,Maharashtrian Restaurant,20.0125319,73.7466701,"Gangapur Rd, next to Dura Gas Pump, Sector-A, Ganpati Nagar, Anandvalli, Nashik, Maharashtra 422013",Open,,3.8,6342,102,gangapur road
1110,https://www.google.co.in/maps/place/Air+Bar/data=!4m7!3m6!1s0x3bddeb8565a8fa73:0xac4474877c9ce43d!8m2!3d20.0091736!4d73.757544!16s%2Fg%2F11c55vlnx1!19sChIJc_qoZYXr3TsRPeScfId0RKw?authuser=0&hl=en&rclk=1,Air Bar,255,Restaurant,20.0091736,73.757544,Madhu Vijay Colony Rd,Open,,4,1003,23,gangapur road
1111,https://www.google.co.in/maps/place/Cafe+Bliss/data=!4m7!3m6!1s0x3bddeb8ef1a88a15:0x66f563b093391275!8m2!3d20.0133272!4d73.7562088!16s%2Fg%2F1tdx2lk8!19sChIJFYqo8Y7r3TsRdRI5k7Bj9WY?authuser=0&hl=en&rclk=1,Cafe Bliss,300,Cafe,20.0133272,73.7562088,"·6 Rushiraj Tower Jehan Circle, Gangapur Rd, Nashik, Maharashtra 422013",Open,,4.1,1153,125,college road
1112,https://www.google.co.in/maps/place/MyOhMy/data=!4m7!3m6!1s0x3bdded4b4895ebab:0xce0d2f0499621061!8m2!3d20.0151364!4d73.7389441!16s%2Fg%2F11lmkms0v9!19sChIJq-uVSEvt3TsRYRBimQQvDc4?authuser=0&hl=en&rclk=1,MyOhMy,255,Restaurant,20.0151364,73.7389441,"My Oh My, Plot No. 10, P.C. Pawar Marg, Gangapur Rd, near Croma, Nashik, Maharashtra 422013",Open,,4.3,406,20,gangapur road
1113,https://www.google.co.in/maps/place/The+Second+Empire/data=!4m7!3m6!1s0x3bddebd1c2540919:0x1b7b34786d70e0d7!8m2!3d20.0191251!4d73.7589205!16s%2Fg%2F11f6z1gn96!19sChIJGQlUwtHr3TsR1-BwbXg0exs?authuser=0&hl=en&rclk=1,The Second Empire,255,North Indian,20.0191251,73.7589205,"2Q95+9MJ, Gangapur Rd, Date Nagar, Pramod Nagar, Nashik, Maharashtra 422013",Open,,4.2,1770,104,kamod nagar
1114,https://www.google.co.in/maps/place/Hakka+Tikka+Fine+dine/data=!4m7!3m6!1s0x3bddedaf1a68480d:0x5fd94627b2e8dc92!8m2!3d20.0149834!4d73.737931!16s%2Fg%2F11ltqp8r20!19sChIJDUhoGq_t3TsRktzosidG2V8?authuser=0&hl=en&rclk=1,Hakka Tikka Fine dine,500,Fine Dining,20.0149834,73.737931,"Rialto, Gangapur Rd",Open,,4.9,22,23,gangapur road
1115,https://www.google.co.in/maps/place/Ammas+Tiffin+Kaapi%C2%AE%EF%B8%8F/data=!4m7!3m6!1s0x3bddeb97cc498907:0xab45536cb8fbb544!8m2!3d20.0103405!4d73.7579291!16s%2Fg%2F11n09sczd3!19sChIJB4lJzJfr3TsRRLX7uGxTRas?authuser=0&hl=en&rclk=1,Ammas Tiffin Kaapi®️,300,South Indian,20.0103405,73.7579291,"Shop No.101, 102, Charishma Apartments, College Road, opposite Liquor Embassy, D'souza Colony, Nashik, Maharashtra 422005",Open,,4.5,1345,133,college road
1116,https://www.google.co.in/maps/place/Chav+Gomantakchi/data=!4m7!3m6!1s0x3bddeda2fe1cf8ff:0x18764e49381a97a3!8m2!3d20.0149001!4d73.7380629!16s%2Fg%2F11twmnc5x_!19sChIJ__gc_qLt3TsRo5caOElOdhg?authuser=0&hl=en&rclk=1,Chav Gomantakchi,400,Seafood,20.0149001,73.7380629,"Rialto , Shop No 12, Gangapur Rd, opp. Hotel Bobby’s",Open,,4.1,251,28,gangapur road
1117,https://www.google.co.in/maps/place/Anna%27s+House+of+Dosa/data=!4m7!3m6!1s0x3bddeb927596bae1:0x47799788d8bd859b!8m2!3d20.0160954!4d73.7587473!16s%2Fg%2F11f_289y3y!19sChIJ4bqWdZLr3TsRm4W92IiXeUc?authuser=0&hl=en&rclk=1,Anna's House of Dosa,100,South Indian,20.0160954,73.7587473,"Purnvad Nagar, Nashik, Maharashtra 422013",Open,,4.7,1577,30,purnvad nagar
1118,https://www.google.co.in/maps/place/Hotel+Krishna+Vijay/data=!4m7!3m6!1s0x3bddeb8fc581ff03:0x74837b3c22cf9db0!8m2!3d20.0120109!4d73.7589092!16s%2Fg%2F1260xlcmq!19sChIJA_-BxY_r3TsRsJ3PIjx7g3Q?authuser=0&hl=en&rclk=1,Hotel Krishna Vijay,100,Maharashtrian Restaurant,20.0120109,73.7589092,"2Q65+RH3, Gangapur Rd, Abhyuday Colony, S.T. Colony, Nashik, Maharashtra 422005",Open,,4.3,2567,148,gangapur road
1119,https://www.google.co.in/maps/place/MAMO+IDALI+WADA+CENTER+%7Cbest+nasta+nashik/data=!4m7!3m6!1s0x3bddeb1757c298b9:0xb89e3cac70d5480d!8m2!3d20.0117879!4d73.7549541!16s%2Fg%2F11frdmlh6f!19sChIJuZjCVxfr3TsRDUjVcKw8nrg?authuser=0&hl=en&rclk=1,MAMO IDALI WADA CENTER |best nasta nashik,100,South Indian,20.0117879,73.7549541,"Shop on vihicle jehan cercle, opp. kaka ka dhaba jehan cercle",Open,,4.9,21,58,college road
1120,https://www.google.co.in/maps/place/Dhangar+Pure+Non-Veg/data=!4m7!3m6!1s0x3bddedb5347edbbf:0x728849ae02411ea2!8m2!3d20.0150203!4d73.7377952!16s%2Fg%2F11twf_5hgs!19sChIJv9t-NLXt3TsRoh5BAq5JiHI?authuser=0&hl=en&rclk=1,Dhangar Pure Non-Veg,500,Indian,20.0150203,73.7377952,"Archit Rialto, Gangapur Rd",Open,,3.9,133,126,gangapur road
1121,https://www.google.co.in/maps/place/Maharashtra+Darbar+House+Of+Biryani+%28Gangapur+Road%29+Nashik/data=!4m7!3m6!1s0x3bddeb9017ada787:0x15fccaa2569b0bb8!8m2!3d20.0191314!4d73.7586449!16s%2Fg%2F11b807llbk!19sChIJh6etF5Dr3TsRuAubVqLK_BU?authuser=0&hl=en&rclk=1,Maharashtra Darbar House Of Biryani (Gangapur Road) Nashik,300,Biryani,20.0191314,73.7586449,"Nirmala Convent Road, Gangapur Rd",Open,,4,2524,15,gangapur road
1122,https://www.google.co.in/maps/place/Dakshinayan+-+The+Place+for+Authentic+South+Indian+Cuisine/data=!4m7!3m6!1s0x3bdded3c2a017da3:0x420e06b320cd5437!8m2!3d20.0216165!4d73.7269209!16s%2Fg%2F11svj0_65r!19sChIJo30BKjzt3TsRN1TNILMGDkI?authuser=0&hl=en&rclk=1,Dakshinayan - The Place for Authentic South Indian Cuisine,255,South Indian,20.0216165,73.7269209,"entrance, near Someshwar temple",Closes soon,,4.8,4,104,gangapur road
1123,https://www.google.co.in/maps/place/FOOD+EMBASSY/data=!4m7!3m6!1s0x3bdded61de61807d:0xc74bf83d888f0fcc!8m2!3d20.0223496!4d73.7553539!16s%2Fg%2F11nfm0zz4n!19sChIJfYBh3mHt3TsRzA-PiD34S8c?authuser=0&hl=en&rclk=1,FOOD EMBASSY,100,Restaurant,20.0223496,73.7553539,"BAPU POOL, Gangapur Rd, near Suyojit Garden",Open,,3.6,58,108,gangapur road
1124,https://www.google.co.in/maps/place/Sai+Chinese+Corner/data=!4m7!3m6!1s0x3bddeb8fd9a09b5f:0x3bf4b7ebaf227d73!8m2!3d20.0119088!4d73.7592846!16s%2Fg%2F11hd9fy7yx!19sChIJX5ug2Y_r3TsRc30ir-u39Ds?authuser=0&hl=en&rclk=1,Sai Chinese Corner,100,Chinese,20.0119088,73.7592846,"Shop.no-1,2, Shabana Palza,Gangapur Road St. Colony, Prasad circle, near S.B.I Bank, Nashik, Maharashtra 422005",Open,,3.8,2312,17,gangapur road
1125,https://www.google.co.in/maps/place/Homemade+Curries+PLUS/data=!4m7!3m6!1s0x3bddeb62d423ccc9:0x876c76b708fab7e6!8m2!3d20.0171954!4d73.7500772!16s%2Fg%2F11llln9bkp!19sChIJycwj1GLr3TsR5rf6CLd2bIc?authuser=0&hl=en&rclk=1,Homemade Curries PLUS,255,Takeout restaurant,20.0171954,73.7500772,"10,11, Radhalaxmi Bungalow",,,5,11,110,radhalaxmi bungalow
1126,https://www.google.co.in/maps/place/Athashri+Apartment/data=!4m7!3m6!1s0x3bddec46fc18dbbd:0x5f656f14e49fe68a!8m2!3d20.0142113!4d73.7157746!16s%2Fg%2F11csr13g72!19sChIJvdsY_Ebs3TsRiuaf5BRvZV8?authuser=0&hl=en&rclk=1,Athashri Apartment,300,Restaurant,20.0142113,73.7157746,"9, Gangapur - Satpur Link Rd",Open,,4,284,33,satpur
1127,https://www.google.co.in/maps/place/Molecules+sky+dine+%26+lounge/data=!4m7!3m6!1s0x3bddeb6776b22ba7:0xa770ea981fde9315!8m2!3d20.010244!4d73.7581215!16s%2Fg%2F11rv64bh7j!19sChIJpyuydmfr3TsRFZPeH5jqcKc?authuser=0&hl=en&rclk=1,Molecules sky dine & lounge,255,Fine Dining,20.010244,73.7581215,"6 & 7th floor,The Business Park, College Road",Open,,3.6,116,57,college road
1128,https://www.google.co.in/maps/place/PatilWada+Assal+Nashikchi+Misal/data=!4m7!3m6!1s0x3bddec3927537f87:0x6b3877667ef3ff97!8m2!3d20.020444!4d73.717272!16s%2Fg%2F11f111wy6p!19sChIJh39TJzns3TsRl__zfmZ3OGs?authuser=0&hl=en&rclk=1,PatilWada Assal Nashikchi Misal,100,Maharashtrian Restaurant,20.020444,73.717272,Bardan Fata Shivaji Nagar Road Near Motiwala Medical College Cannal Road,Open,,3.9,1784,146,dhruv nagar
1129,https://www.google.co.in/maps/place/Vedant+Dining+Hall/data=!4m7!3m6!1s0x3bddebe7892a4627:0x1274939d542908de!8m2!3d20.0154601!4d73.7611979!16s%2Fg%2F11n06p762q!19sChIJJ0Yqiefr3TsR3ggpVJ2TdBI?authuser=0&hl=en&rclk=1,Vedant Dining Hall,255,Maharashtrian Restaurant,20.0154601,73.7611979,"Near Prasad Mangal Karyalay, Purnvad Nagar, Nashik, Maharashtra 422005",Open,,4.3,310,106,shivaji nagar
1130,https://www.google.co.in/maps/place/HOTEL+FAMILY+KATTA+NX/data=!4m7!3m6!1s0x3bdded6bba9e48d7:0x2fbdfe6d0f6ca6dd!8m2!3d20.0123537!4d73.7147795!16s%2Fg%2F11tnh_kpq0!19sChIJ10ieumvt3TsR3aZsD23-vS8?authuser=0&hl=en&rclk=1,HOTEL FAMILY KATTA NX,255,Hotel,20.0123537,73.7147795,"Family Katta NX S No 124/1 Plot 6, Shivar, Gangapur - Satpur Link Rd",,,4.8,24,111,gangapur road
1131,https://www.google.co.in/maps/place/Nikhara+Misal/data=!4m7!3m6!1s0x3bddeb9adb2a52d7:0xa371c620fa0ce661!8m2!3d20.008137!4d73.7568892!16s%2Fg%2F11pz8hrx0p!19sChIJ11Iq25rr3TsRYeYM-iDGcaM?authuser=0&hl=en&rclk=1,Nikhara Misal,100,Fast Food,20.008137,73.7568892,"Besid Shree Mamaj Pav Bhaji, Nikhara Misal, Plot No.15, College Road",Open,,4,214,61,college road
1132,https://www.google.co.in/maps/place/Hotel+Jewan+Family+Restaurant/data=!4m7!3m6!1s0x3bddec3e8bde5c7f:0xaac6db2feabe0ea2!8m2!3d20.022565!4d73.7210398!16s%2Fg%2F11hb4gblpv!19sChIJf1zeiz7s3TsRog6-6i_bxqo?authuser=0&hl=en&rclk=1,Hotel Jewan Family Restaurant,255,Family-friendly,20.022565,73.7210398,2PFC+2CF,Open,,3.9,47,51,college road
1133,https://www.google.co.in/maps/place/Sadhana+Rajeshahi/data=!4m7!3m6!1s0x3bdd9569f0d3bc69:0xbccb3ec35994d89d!8m2!3d20.0215212!4d73.7212205!16s%2Fg%2F11f7cbhv2c!19sChIJabzT8GmV3TsRndiUWcM-y7w?authuser=0&hl=en&rclk=1,Sadhana Rajeshahi,500,Maharashtrian Restaurant,20.0215212,73.7212205,"Sadhana Rajeshahi, Bardhan Phata, Off, Gangapur Rd, Nashik, Maharashtra 422222",Open,,4.1,404,29,gangapur road
1134,https://www.google.co.in/maps/place/Dosa+therapy/data=!4m7!3m6!1s0x3bddeb005ef6cf87:0x1f60d109f4dd8e86!8m2!3d20.0045343!4d73.7547887!16s%2Fg%2F11vprwkbfp!19sChIJh8_2XgDr3TsRho7d9AnRYB8?authuser=0&hl=en&rclk=1,Dosa therapy,300,South Indian,20.0045343,73.7547887,"Samarth House, near Sachi Honda, opp. to TITAN world",Open,,3.9,28,125,mahatma nagar
1135,https://www.google.co.in/maps/place/MangoVille+Misal/data=!4m7!3m6!1s0x3bdded007d3ef7a1:0xfd5f4c89630a43f4!8m2!3d20.0207182!4d73.7408642!16s%2Fg%2F11vspklhk0!19sChIJofc-fQDt3TsR9EMKY4lMX_0?authuser=0&hl=en&rclk=1,MangoVille Misal,255,Restaurant,20.0207182,73.7408642,"Jalalpur, Nashik, Maharashtra 422222",,,4.4,207,13,jalalpur
1136,https://www.google.co.in/maps/place/Wake+N+Bake+Waffles/data=!4m7!3m6!1s0x3bddebb61f4cbf2b:0xadb3f8c1d3fb64b2!8m2!3d20.013938!4d73.753563!16s%2Fg%2F11lll8xl3j!19sChIJK79MH7br3TsRsmT708H4s60?authuser=0&hl=en&rclk=1,Wake N Bake Waffles,255,Dessert,20.013938,73.753563,"Samarth House, near Sachi Honda, opp. to TITAN world, Samartha Nagar, Mahatma Nagar, Parijat Nagar, Nashik, Maharashtra 422005",Open,,4.4,17,93,mahatma nagar
1137,https://www.google.co.in/maps/place/Amber+Multi-Cuisine+Restaurant/data=!4m7!3m6!1s0x3bdded000dbfced7:0xc1e59fa6e71b5031!8m2!3d20.0230556!4d73.7080373!16s%2Fg%2F11w21fb7mz!19sChIJ186_DQDt3TsRMVAb56af5cE?authuser=0&hl=en&rclk=1,Amber Multi-Cuisine Restaurant,255,Indian,20.0230556,73.7080373,"Shivaji Nagar, Satpur Colony, Nashik, Maharashtra 422007",Open,,4.5,13,,shivaji nagar
1138,https://www.google.co.in/maps/place/The+healthy+eatery+%28Best+Healthy+food+restaurants+in+nashik%29/data=!4m7!3m6!1s0x3bddebd9994bfb53:0xd7645c24d6e32f42!8m2!3d20.0160866!4d73.7587465!16s%2Fg%2F11qbcczxw2!19sChIJU_tLmdnr3TsRQi_j1iRcZNc?authuser=0&hl=en&rclk=1,The healthy eatery (Best Healthy food restaurants in nashik),300,Health Food,20.0160866,73.7587465,"Shop No. 1, Ganesh Atlantis, Gangapur Rd, near Akashwani Tower",Open,,3.8,54,,gangapur road
1139,https://www.google.co.in/maps/place/Sweets/data=!4m7!3m6!1s0x3bddec77af954773:0x2be4466ce93e2d03!8m2!3d20.0120318!4d73.7471031!16s%2Fg%2F1hm6llbs6!19sChIJc0eVr3fs3TsRAy0-6WxG5Cs?authuser=0&hl=en&rclk=1,Sweets,255,Indian sweets shop,20.0120318,73.7471031,"2P6W+RR9, Gangapur Rd, Kale Nagar, Viveka Nand Nagar, Savarkar Nagar, Nashik, Maharashtra 422013",Open,,3.9,296,,gangapur road
1140,"https://www.google.co.in/maps/place/The+Zaffran+Restaurant,+Nashik/data=!4m7!3m6!1s0x3bddedcc7b7feb95:0x7d048f19efeefb32!8m2!3d20.0267393!4d73.7185112!16s%2Fg%2F11ld95ns_h!19sChIJlet_e8zt3TsRMvvu7xmPBH0?authuser=0&hl=en&rclk=1","The Zaffran Restaurant, Nashik",255,Restaurant,20.0267393,73.7185112,"Gangapur Rd, near Balaji Temple, Gangapur, Nashik, Maharashtra 422013",Open,,4.3,165,,gangapur road
1141,https://www.google.co.in/maps/place/East+5/data=!4m7!3m6!1s0x3bddeb559f99f56b:0x570285e0c3e1a222!8m2!3d20.0136707!4d73.7605591!16s%2Fg%2F11sw2c29gh!19sChIJa_WZn1Xr3TsRIqLhw-CFAlc?authuser=0&hl=en&rclk=1,East 5,300,Chinese,20.0136707,73.7605591,"Jogiya Bunglow , ST Colony, Gangapur Rd, near Akashwani Tower",,,4.7,13,,gangapur road
1142,https://www.google.co.in/maps/place/Jai+ho+Multi-Cuisine/data=!4m7!3m6!1s0x3bdded7d73ce5301:0xd800d1177ae68a72!8m2!3d20.0287526!4d73.744995!16s%2Fg%2F11rvlqg_bk!19sChIJAVPOc33t3TsRcormehfRANg?authuser=0&hl=en&rclk=1,Jai ho Multi-Cuisine,255,Family-friendly,20.0287526,73.744995,"2PHW+GCG, Sr. No. 62 - 12, Plot No. 176 - 185, near Ashoka School College",Open,,4.6,29,,gangapur road
1143,https://www.google.co.in/maps/place/Hotel+Bobby%27s+Solitaire+International+-+Best+Hotel+in+Nashik+%7C+Best+Restaurant+in+Nashik/data=!4m10!3m9!1s0x3bddec720cb992d9:0x3905d40d709747db!5m2!4m1!1i2!8m2!3d20.0151019!4d73.7371577!16s%2Fg%2F1q62dt2sn!19sChIJ2ZK5DHLs3TsR20eXcA3UBTk?authuser=0&hl=en&rclk=1,Hotel Bobby's Solitaire International - Best Hotel in Nashik | Best Restaurant in Nashik,255,Restaurant,20.0151019,73.7371577,"Gangapur Rd, Serene Meadows, Anandvalli, Nashik, Maharashtra 422013",,,3.6,641,,gangapur road
1144,https://www.google.co.in/maps/place/Khatri+Bandhu+Pot+Icecream+%26+Golden+Samosa/data=!4m7!3m6!1s0x3bddeb87782011ed:0xd99853e71bc2ae10!8m2!3d20.0067587!4d73.7546199!16s%2Fg%2F11rnbx1d2m!19sChIJ7REgeIfr3TsREK7CG-dTmNk?authuser=0&hl=en&rclk=1,Khatri Bandhu Pot Icecream & Golden Samosa,255,Ice Cream,20.0067587,73.7546199,"near Samarth Nagar Water Tank, near mahatma nagar",,,4.8,54,,mahatma nagar
1145,https://www.google.co.in/maps/place/Hotel+Nashik/data=!4m7!3m6!1s0x3bddedcff7f6ede5:0x491688bb47bf1e69!8m2!3d20.0073552!4d73.7429014!16s%2Fg%2F11flz1qspp!19sChIJ5e3298_t3TsRaR6_R7uIFkk?authuser=0&hl=en&rclk=1,Hotel Nashik,255,Restaurant,20.0073552,73.7429014,"2P4V+W5R, Unnamed Road",Open,,4.4,7,,gangapur road
1146,https://www.google.co.in/maps/place/Shripad+Foods/data=!4m7!3m6!1s0x3bddeb8fc91e6a89:0xc5821ea4fbe21a82!8m2!3d20.0123755!4d73.7583017!16s%2Fg%2F125_ylw3q!19sChIJiWoeyY_r3TsRghri-6QegsU?authuser=0&hl=en&rclk=1,Shripad Foods,100,Takeout restaurant,20.0123755,73.7583017,"2Q65+X83, near Shahid Smarak",Open,,3.7,53,,college road
1147,https://www.google.co.in/maps/place/Ekaa+Restaurant+Nashik/data=!4m7!3m6!1s0x3bdded7adc94da77:0xcbd8b592cc0d76b7!8m2!3d20.0153791!4d73.7375467!16s%2Fg%2F11wv02xhvl!19sChIJd9qU3Hrt3TsRt3YNzJK12Ms?authuser=0&hl=en&rclk=1,Ekaa Restaurant Nashik,255,Restaurant,20.0153791,73.7375467,"Floor 3rd and 4th, A, wing- Rialto Building, Gangapur Rd",Open,,5,1,,gangapur road
1148,https://www.google.co.in/maps/place/Greenstones+Boutique+Hotel/data=!4m7!3m6!1s0x3bddede9dc709239:0x396fb31472007ea2!8m2!3d20.012168!4d73.735613!16s%2Fg%2F11hz0wt28g!19sChIJOZJw3Ont3TsRon4AchSzbzk?authuser=0&hl=en&rclk=1,Greenstones Boutique Hotel,255,Restaurant,20.012168,73.735613,B-13,,,4,239,,gangapur road
1149,https://www.google.co.in/maps/place/Hotel+Rayba/data=!4m7!3m6!1s0x3bdded9e4bf3beb5:0xa4ad158a11669e35!8m2!3d20.0224783!4d73.7212291!16s%2Fg%2F11hzzbhpbb!19sChIJtb7zS57t3TsRNZ5mEYoVraQ?authuser=0&hl=en&rclk=1,Hotel Rayba,255,Restaurant,20.0224783,73.7212291,"Sr.no-71/1/1/1, Radha Krusha bagi Baardan Fata, Gangapur Rd",,,3.9,45,,gangapur road
1150,https://www.google.co.in/maps/place/Mahalaxmi+Food/data=!4m7!3m6!1s0x3bddeb0009e26b2f:0xbd33b12f2de94793!8m2!3d20.0121343!4d73.754442!16s%2Fg%2F11y7skt33c!19sChIJL2viCQDr3TsRk0fpLS-xM70?authuser=0&hl=en&rclk=1,Mahalaxmi Food,255,Fast Food,20.0121343,73.754442,"2Q63+VQC, Gangapur Rd",,,3.8,524,,gangapur road
1151,https://www.google.co.in/maps/place/Hotel+Rajeshahi+%28Family+Garden+Restaurant%29/data=!4m7!3m6!1s0x3bdded002659bbe1:0x40abc8765b54cdcc!8m2!3d20.0274294!4d73.7049469!16s%2Fg%2F11ybdxp75m!19sChIJ4btZJgDt3TsRzM1UW3bIq0A?authuser=0&hl=en&rclk=1,Hotel Rajeshahi (Family Garden Restaurant),300,Family-friendly,20.0274294,73.7049469,2PG3+XXG,,,4.8,12,,gangapur gaon
1152,https://www.google.co.in/maps/place/Lite+Bite+Food+Hub/data=!4m7!3m6!1s0x3bddebc15c754da5:0x8a7c26d464ec2bd7!8m2!3d20.0191477!4d73.7641364!16s%2Fg%2F11kqwxpn3_!19sChIJpU11XMHr3TsR1yvsZNQmfIo?authuser=0&hl=en&rclk=1,Lite Bite Food Hub,500,Restaurant,20.0191477,73.7641364,"Shop No 6 & 7, Ground floor, Ridgewood Apartment, Gangapur Rd, D. K. Nagar, Nashik, Maharashtra 422013",Open,,5,45,,d. k. nagar